label,id,text
1,1,Are you saying kill the chicken by shooting it? Rather then just choking the chicken
1,2,It's usually easier to take the immoral path. Stealing's easier than working. Lying's easier than telling the truth. Being a deadbeat parent is easier than being a good parent. The list goes on and on.
1,3,"Archie proves, for the umpteenth time, that he is utterly incapable of reading for comprehension.
Oh, and stop with the ""Obama is the antichrist"" rhetoric. You're embarassing yourself even more than usual."
0,4,"Are you saying that without emotional investment in not believing in evolution, evolution makes sense?"
0,5,"So you're saying that the theory of evolution is similar to ####, in that they both make large messes when they come into contact with fans?"
1,6,"I just bet you thought you were smart just now? I'll go you several... 
How about:
1. Murder
2. Stealing
3. Adultery
4. Rape
Almost every culture since the dawn of civilization has put to death those who have trespassed those basics. But I guess you didn't get that on the Recovery Channel huh? Your idiocy is profound only as your ignorance."
0,7,Actually I didn't even read it (and doubt I ever will). Don't get all worked up over it.
1,8,"I can't believe you think saying ""puff piece"" is an intelligent criticism.
Oh wait. You aren't interested in intelligent criticism.
You're just looking for an excuse to dismiss...
"
0,9,"So much wrong with that sentence (and I'm ignoring the grammar emoticonXRolleyes)Rights have very little to do with what one perceives to be their (or society in general) moral obligations. Rights are concepts that focus on the actions of government and in the case of the US Constitution, usually represent exceptions of powers never granted to the government. In other words, they are redundant prohibitions (a fact which was a primary argument against adding a bill of rights to the constitution).And most egregious of all, liberty is not provided to you. Liberty is retained by citizens by not conferring to government every speck of sovereignty and self determination."
0,10,"(My evidence does not require this quote, it's for comparison only)The theory of evolution is based on evidence, the existence of god, is not..Reason cannot be applied to it. Furthermore, since evolution relies on reason, faith cannot be applied to it. To attempt to label science as a faith is a contradiction. I know it irks you that your faith cannot be proven, but that's the definition of faith!! It wouldn't be faith without it. As Montalban says in a contradiction of motives: His particular faith does not rest on the foundations of [reason]. Why then look for support from reason?"
0,11,That's obviously not what is said. The sun's energy is not claimed to be a mechanism that makes order of disorder. What it does do is override the tendancy within the 2LoTD where total usable energy in a system decreases.
1,12,"So if it can be operated by means other than human control, are you saying a dog can operate it, maybe a monkey, thats something we see everyday. You are trying to split hairs Penfold, for a gun to be fired weather robotically, or training a primate to fire one still requires human intervention, so stop acting stupid because you are not stupid."
0,13,"Iangb, I would have thought that you would be intellectually honest enough to have (at least) accepted the fact that I have supported my claims. I also thought that (by now) someone from your side of the abortion issue would step in (in this thread or by private message) and hold you to your claims of being 'intellectually honest.' At this point, I actually have you questioning Planned Parenthood's definitions? QUOTE; "
1,14,"So you for strict regulation of business but not people? Interesting...do you know who runs businesses? Yeah, people."
0,15,"Maybe Massachusetts should allow for divorces via notarized mail by non-residents or whatever else is needed to make it easier to do so remotely and more timely, if someone has a serious need to get a legal divorce for such a marriage that only exists somewhere else. What interest would a state that doesn't recognize gay marriage in the first place have in allowing gay divorce?"
1,16,"Again, I know what a parable is.
I do appreciate your condescension, though.
"
0,17,"The liberal spin that back street abortions ran amuck prior to Roe V Wade is simply not true..............It does seem nowadays you read in the paper every week about some woman stuffing her newborn in a trash can......   There are many more abortions today then there were prior to Roe V Wade.......Over 40,000,000 million since 1972....sad........."
1,18,"Unless its something he doesn't like, in which case the devil did it..."
0,19,"And Atilla's army of as many as 1/2 million men was beaten and forced into retreat by the Romans and Visigoths in 451AD. A year later, he was forced to make peace after devastating the Roman countryside...but NOT Rome itself.He died a year later in 453AD."
0,20,"State courts can rule based on state and/or federal law. In this case, the answer was found in the state constitution, so the judge did not need to pursue the issue further.Also, a state constitution can offer more protection that the federal one, as long as, in so doing, it does not contradict the federal constitution."
1,21,In the thousands of scientific papers that present the thousands of bits of evidence that go to prove evolution beyond all sensible sane and reasonable doubt.
1,22,"Kicking the retard ( you) was not in the literal sense but you would not understand that being a retardemoticonXClown
Or was you just pretending?"
1,23,"If you support Bush, you're most likely not conservative. I doubt you even understand the origin of the world liberal. 
"
1,24,"Another red herring gay argument. Ever hear of a medical power of attorney? You don't need marriage to have one, you know. emoticonXRolleyes 
"
1,25,"Oh, right. And what would yours be? ""We the humble people of the human species have decided to break away from Britan rule and form our own bubble community. No one has any rights whatsoever, and we restrict our citizens to living in bubbles because we cherish each life, from skin cells to bacteria to plants to embryos. In fact, we really have no purpose in life, we just life to not kill other lives."
0,26,"What's your point? Of course they will be bound by Heller just as the courts are bound by Roe v. Wade. That point wasn't in dispute. As long as you're talking about 19th Century Second Amendment case law, I like The State v. Buzzard (1842)."
0,27,Marriage is a secular condition set up by various Societies over the millenia and one of the prerequisites set out is that such a union should be between people of different genders.Religion has supported this and sanctified it but did not invent it.You don't curse the Church you lobby Society to see if you can effect a change. People who believe the different gender aspect are entitled to lobby for no change.
1,28,"Sweetums, get over yourself. We do get along with theists. Just not homophobic theists
"
0,29,"Cost would certainly be an issue. If the adoptive parents were willing to take on that cost, that would be best. I wonder, though, how much demand there really is out there for adopted babies. As I understand the situation, currently there are far more parents looking to adopt than there are new babies up for adoption. However, if such an artificial womb would exist, then that may not be the case any longer. Would the mother then have to be responsible? Not that easy a case to ponder since that would be a case of performing abortion not purely out of a sense of a woman's right over her own body (since transfer would be an option) but out of purely financial, practical reasons."
1,30,"As I have pointed out, the only BS here is your accusations."
1,31,"Wow, what a group of rude, self important, pompous, pseudo intellectuals who will insult and personally attack a person for one grammatical error. I meant to say the UNIVERSE has aged from 4 to 14 billion years old since I was in school but rather than deduce that you call me dumb and ignorant ? With all of your so called intelligence can you prove the Universe is now precisely 14 billion years old ? Can you prove Neanderthal Man was a human descendant ? because DNA tests dont prove that out and yet PHDs and Masters Degreed scientists insist they are. That's why the bible say's that the wisdom of this World is foolishness to God."
1,32,You're awfully obcessed with others' foreskin or lack thereof. I think Freud would say that you are suffering from circumsized penis envy. ;)
1,33,"You're FANTASTIC at being a bigot.
Not too bad at being an idiot either.
Goooooood job, buddy. A great way to go through life. emoticonXBouncer"
0,34,"Form 4473, question 11a reads as follows:11.a. Are you the actual buyer of the firearm(s) listed on this form? Warning: You are no the actual buyer if you are acquiring the firearm(s) on behalf of another person. If you are not the actual buyer, the dealer cannot transfer the firearm(s) to you.Sarah Brady lied on the background check form, she bought the gun on behalf of her son and supplied it to him, thus ensuring that he wouldn't have to worry about the NICS check red flagging him. By gun control standards she's guilty of a straw purchase and should've been sentenced to ten years without parole in a federal prison."
1,35,"Hey - you're the one who condones sinful, illicit gay-sex sodomy, which God himself calls a perversion, so you're the one who is spiritually and historically challenged. You're right in step with Satan, though, so you can really feel proud of that. LOL!
Romans 1:26-27"
1,36,"If we were to debate whether God made us perfect as he could have, then of course we can make the point that he obviously doesn't exist."
1,37,"1) It's on Jupiter.
2) It's on some planet we haven't discovered yet.
3) It's in Hawaii.
How do I know this?
Divination
Obstinance
Guesswork
Madness
Absolutism"
1,38," as their having guns doesn't serve the state.\""--Heinrich HimmlerFor pledging their support of Nazi ideals  we proudly award \""Yes\"" the Medal of Holocaust and Genocide. Congratulations  you're now a supporter of Hitler."" and you win the PINK PANTIES award!I got news for you PUNK - my family fled the Nazi's on foot in WWII "
1,39,"More bible blather. Facts please!!!!!!!! This is where you can't comprehend. Just because you interpret a bunch of ancient writings in a certain way doesn't make it so. Perhaps you better make another phone call to god for some explanation.
"
0,40,"Well let me put it like this, I consider it your duty because if you don't protect yourself then you basically shift that responsibility to someone else. Not only is this incredibly selfish, but 9 out of 10 times the 'protection business' gets outsourced to the State.This in itself it dangerous because when people decide that a third party like the State (which has no real accountability) has control over their lives it can all to easily lead to a situation where the State becomes tyrannical.More people have been killed by their own government than by any foreign government."
0,41,"If that is a human being, then is my kidney a human being too?"
1,42,"Could you be so kind as to point out the holes, please? Or are you going to dance around some more?"
0,43,I see no reason why secular shows should be required to mention your mythology.
1,44,"The concealed handgun liscense is irrevelant to the point that all states allow their residents to have guns in one way or another, but are the gun grabbers really dense enough to think that a maniac wont go on a killing spree unless he/she can get a concealed handgun licsense first? Does this maniac think to himself "" I hope I can get that licsense so I can kill a bunch of people""."
0,45,Because there are no dinosaur fossils above the iridium layer.
0,46,"Hey, as Collin said, P.Z. registered, and got it. I would say that booting him out is the height of hypocrisy. It confirms to be that it is based on a lie, and the producer knows it. The movie was making a claim that the 'opposition' was silencing I.D., and the presentation of alternate ideas. Yet, what do they do? They kicked someone out they INTERVIEWED for the movie (based on false pretenses to be sure, but they did pay him for appearing in the movie).That sounds that THEY are the ones trying to suppress opposing ideas, not science. Yes, they had the legal right. But, boy did it put egg on their face, considering everything. It shows them to be hypocrites and liars."
0,47,"You said in the other post ""A sign like that would hardly be nessecary where I live. We have very restrictive gun-laws and hardly anyone owns a gun.And no, people does not discipline themselves. You might claim I have to much trust in the government, I would claim you have to much trust in your fellow man. When you give freedom to the people you give freedom to criminals too. I dont trust guns to only be used in 'selfdefense'.I want my government to uphold justice and to protect me from criminals. Thats one of their purposes. And that is impossible without a certain amount of control over the citizens.""This is liberal.. you believe governments are smarter than people. You do not trust your fellow man you trust governments made up of men. You are willing to restrict my freedoms based on activities of criminals.You sir are a liberal."
0,48,"Nope. Frame-shifts move the whole code down one step, making entirely new genes. Often, this is disastrous, but sometimes, a useful new enzyme results.Barbarian observes:It's remarkable then, how much progress we've made. You may or may not approve of the theory, but it works very well at learning more about biology.And, as you may have noticed, we've been very successful at interpreting the data. We've learned to do a lot of things as a result. One of the most important reasons scientists accept the theory is that it works."
1,49,78.4 years? Well excuse me but I intend to live much longer than that. I was thinking about 112.7 years. Yeah. That's about right.
0,50,"This stat sounds more than a bit inflated. Seeing as it comes from a website called ""women's issues"" it is probably not all that credible."
0,51,And that is why they are referred to as creationists and not merely as christians. They are only a small subset of the huge christian population.
1,52,"I believe suicide is murder, no matter how you look at it. It's already illegal, and if you do it, then chances are you're either taking PCP or are mentally unstable."
1,53,"First off, kudos on getting the quotes right! It's much appreciated.
Now, what's your actual assertion? If you spell it out than we can put this definition debate in context, and maybe actually get somewhere."
0,54,"Well, I can't speak for anyone else, but I support any choice that the woman wants to make. No, I don't support forced abortions anywhere, I don't support what's going on in China and India because they're still taking a choice away from the women.What I don't get is that many prolifers think that prochoicers are ONLY for the choice of abortion. All the prochoicers I know support any choice the woman feels right about making. For example, I was called a hypocrite because I'm prochoice and pregnant. The person said ""You're forcing others to abort while you carry to term."" I have NEVER forced anyone to do anything, nor will I ever. I've also never aborted...and many prolifers automatically assume that if one is prochoice they've aborted."
1,55,You forgot to mention that we would have to change our numbering system so that grasshoppers had 4 legs.
0,56,"While I'm still iffy on her with the whole New Haven case, and her off-the-bench comments on race, this is one thing I commend her for and agree completely with."
0,57,"Actually the kid was on a panel, all pretty much saying the same thing. 
 
 Why didn't YOU cite them?"
1,58,"No biggie, right? Typical creationist ""teach the controversy"" stuff. But wait! The ""encyclopedia"" follows this up with it's damning evidence to show the many holes in the ToE! Read on evolutionists, and despair!!"
1,59,Tell ya what; I got this Rolex I'm wiling to sell ya for $50.00. Give me the money and wait here. I'll be right back!
1,60,"Oops, my bad. You're right of course. Port is an interface on a computer. It's also a harbour, so you're wrong too! :P"
1,61,"also josephdphillips sterilization would be automatically part of the process after the family has two kids. didn't mention it originally, but probably a good idea, since what would stop them otherwise?"
1,62,"NOPE! THE RIGHTS OF THE PEOPLE ARE RETAINED BY THE PEOPLE.
This is really difficult for you isn't it?"
0,63,"No they don't. We didn't have a tyrannical society back in the 1830s when without a doubt personal autonomy didn't exist for some. The thing is, you don't have absolute personal autonomy now either. And it still doesn't answer my question about where the right came from, you just said there had to be one."
1,64,Nice evasion. Now how about actually responding to my post above which was a response to your prior attack post!!!
1,65,"Unless you're suggesting that the wiggas are getting the sistahs then the question could be construed to presuppose ""black men are takin' our women"" IYGMD. Where have I heard that before?"
1,66,"If you think stating the inherently obvious is somehow a ""laughable standard"" ...
emoticonXDonno
"
1,67,"Well are there 4 or are there none? What about the Archaeopteryx lineage, why do you keep avoiding the question by changing the subject? It's no wonder scientists get annoyed with creationists."
0,68,I think that case was in Georgia (a different state) and so far as I know homosexuality was not involved. However if you want to worry about a legal case you need to look at Dover Pa. Not the sticker case in Cobb County.
1,69,So that pesky kid who climbs your fence to get his ball back is fair game. Riiight.
1,70,"FSM is not world-wide yet, but it is growing. Thank you for the consciousness raising by bringing attention to this glorious belief system. It has the advantage of being every bit as valid and supportable as either creationism or ID. More importantly, it's scripture is unambiguous on the origins of the universe.
It looks like you may have attracted a new adherent.
Ramen!"
0,71,This is correct. It is almost insulting to regard people as either a) Christian OR Catholic - as this also implies that Orthodox are neither
0,72,"Please stop making statements that have nothing whatsoever to do with the debate at hand. We're not talking about Christian fundamentalism and ""reality""."
1,73,"Yes, again you provide a 'just-so' statement; ""evolution is a fact"", and you've already said you only need a catalogue of evidences totally unconstricted in any coherent manner to actually show how.
But my challenge to you was not this, it was to prove your version of science is science, by science. So, again you simply answer a totally different point. Well done. It must be so easy to construct your arguments this way, you're always able to answer them, unfortunately, they're your own challenge, not mine."
0,74,"'Self-defense' never enters into it, imo. Unwillingness to share ones body is not necessarily self-defense, so this does not apply."
0,75,"First of all, the government cannot increase the volume and social acceptance of a drug - only the market and society can do that. Government cannot even decrease the volume or social acceptance of drugs - despite the government's efforts, drug use has remained relatively constant. What hasn't remained constant is violent crime, which has gone up during the drug war as it did during alcohol prohibition."
1,76,"Not to speak for Jim, but I'm going to go out on a limb here and guess it was ""Rebuttlickan"". Just a hunch."
0,77,The Christian community DOES have a split on the issue.   Not all Christians believe gays should be the target of Christian homophobic attacks and discriminatory legislative efforts.
0,78,"Oh, probably about as many as there are killed by bayonet lugs, pistol grips, heat shields, detachable magazines, and folding stocks."
0,79,"No Ted Kennedy is not a fundie but Vitter is. For God sake the pope is a nazi and a fundie.Marlene Elwell, the nazi *itch, who put the evil mariage amendment on the michigan ballot is a Roman Catholic also. If you are a christian and you believe in the suppression of homosexuality then you are a fundie and a christianist."
1,80,"Walking-fish:
Yeh, but God is not a biologist. How would He know?"
1,81,"Well, good, I'm glad as heck you have a mom you can tell that to. Mine would've hit the roof, and then hit me on the way back down. Did she flip or was she pretty cool about it?
Just remember (who would we be if not preachy? Us ol' adults, we don't know nuthin') that b.c. isn't one hundred percent reliable or that condoms can break and you can still get nasty bugs all kinds of different ways."
0,82,"No I do not say that the creation of energy and matter   did not coincide the creation of the laws that govern/regulate   them. What I say is that the laws are not the RESULTS of the   existence of energy, matter etc."
1,83,"<Flush>
Hey - I'm not the one who's going to wind up as Satan's whipping boy for all eternity. So you need to wise up while you can. Here's what you have to look forward to:
The Truth About Hell"
0,84,"Falling, the fact that the homeschoolers you mentioned don't choose to socialize with you, doesn't mean they're not far more capable of functioning in the ""REAL WORLD"" than you might think. I would not choose to socialize with you in the ""REAL WORLD"", and you most likely would not choose to socialize with me, but that does not make me your social inferior!"
1,85,"He stated that "" statistics show that firearms cause aggression in individuals"", no mention of the word can anywhere in there that I saw."
1,86,"That's deep.
Movement is not matter, I will use that the next time I decide to babble.
Are the particles no longer matter when there moving ?
Your funny."
0,87,Do you think that the woman will not relive the rape on a daily basis if she destroys the child? Not likely. I think she will still suffer through those thoughts. Killing the baby complicates this. What happens if she has horrible thoughts about a rape with more thoughts about the abortion?
0,88,"And who makes the decision, Rich? That's the issue, as I see it. I don't believe the government has any business in a woman's body."
0,89,"Yes, but gays would also want laws changed to accomodate THEIR form of marriage as well. The fact that one requires less change than the other shouldn't matter, should it? Should having to do more reworking of laws and more paperwork hinder the pursuit of equality? It seems to me your argument boils down to ""polygamy requires more work to make the laws accomodate it."" Yeah--such is the price for marriage equality.Let's face it--if society really wanted to make marriage an open-ended institution of equality rather than for opposite-sex couples which comprise most relationships, they could pull it off--polygamy, gays, letting 17 year olds marry, etc. All those civil servants are there and can do it as directed as legislation is changed. Means could be set up to determine inheritance, for example. Laws can be worded to do it."
0,90,Actually it seems you are the one that is sick. You have this obsession with what others do with their sex life and want the government to try and prevent any kind of sex you dont approve of. It looks like you are trying hard to repress homosexual desires you have. Otherwise why do you care what others do when it doesnt affect you?I'm not for or against what other adults do with their consentual sex life. It's none of my business.
1,91,Other than the Soldini firearms were purchased legally there is no proof that he had a concealed carry permit. If he had the AP and the rest of the left-tard media (redundancy alert) would still be shouting it from the roof tops. Just because the Brady bunch-VPC says so doesn't make it true. Then what else can we expect from a self confessed torturer of helpless small animals and arsonist?
1,92,"
  For the actual difference between these guns and a Real Assault Weapon see this video. 
Soooooooo You were saying?"
1,93,"If that's the criteria, then it must be Islam and Roman Catholicism in the Final Days.
Of course, the Mormons are mightily proselytizing away. They might make a billion yet."
0,94,What is your non-violent way of stopping a felon with a knife? A felon who at 30 has spent 10 years in prison and was raped by other prisoners?   I suspect you will do what most New Yorkers will do when they witness a crime: NOT GET INVOLVED!   I will stop carrying a pistol when life is rosy. What else do you do to protect yourself besides being concerned?
1,95,"So god rested on the seventh day, but it could've been a millions years?"
1,96,"It's also a noun. But since you're unable but to repeat your self, maybe a few more times will make it 'true'"
1,97,"Can cause aggression, does not mean that it will though. Alcohol has a far greater record of this but yall are not trying to ban that. So do women but we arent going to ban them now are we, Sorry but I was in a marriage from hell and just had to throw that in."
0,98,Do you mean someone who was wrong? I asked you before to give an example of where Newton found empirical evidence of God. You failed to do so. I suspect that you can't.
0,99,"I agree.That was the most pathetic, dishonest and downright idotic commentary on communism/socialism I've ever encountered. I have a VERY hard time believing that someone could actually post that with a straight face. Good one Comrade Brian. :p Waxy"
1,100,"Regardless of our training in martial arts, the only viable defense against a gun is another gun. If we were all subjected to mandatory martial arts training from birth through adulthood, we'd be not much safer from gun crime than we are right now."
1,101,"You mean like Korea? Oh wait we are still there....
Is Israel a nice secure place safe from terrorism? The notion that Iraq will be without conflict will not occur in our life time."
1,102,"So, which is it? You don't want violators of Federal law to have guns, yet you don't want them to get rid of them either. Can't possibly do both, now can you? Which one? Do the law breakers keep them, or not? Make it against the law to keep the guns...now make it against the law to sell them. DUH! I guess we'll just hang out in limbo-land!"
0,103,"I laughed when I first saw the ad on MSNBC's Hardball tonight. It shows the fear, insecurities and the fallacies that guide anti-gay equality rights activists."
1,104,"Mother Teresa was too in love with the notion of a good death.
"
1,105,And down the road abit don't be surprised if you see Sunday Blue Laws being enacted to enforce worship on Sunday! All in the name of giving man a rest from toil of course!
0,106,"No one mentioned helping or not helping people here, or even dealing with the consquences of pregnancy at all. Its more;'If abortion were banned, what measures or research would you suggest to reduce the pressure for people to have illegal ones or unwanted pregnancies'."
1,107,You sound like a guy who just doesn't like the taste of crow very much.
1,108,"So, Steeeeve, I take it you are not for a FAIR society?   Is an unfair society a moral society? Please explain. I find it difficult to comprehend."
1,109,"i assume you can demonstrate that everyone that opposes or critiques gay rights are personally attacking an individual or group? please, be my guest"
1,110,"Tell me genius, how is me accurately and correctly pointing out your mistake colluding to misdirect anyone? Either you are again using words you don't know the meaning of to make such an inaccurate statement, or you're just lying. So which is it penfold, are you ignorant or just being dishonest again? emoticonXConfused"
1,111,Let's establish a campaign to search for the hypocrisy of people who call themselves pro-life yet find nothing wrong with killing a grown human being.
1,112,I am here right now brady. Doesn't look like you are doing so well. All of your claims and propaganda points a simmering ashes just like your .org soon will be. Have you got any useful skills so you can make a living? emoticonXHoho
0,113,"Oh, really? Does that mean that pesticides will be OK on marijuana plants? NO."
1,114,"Why?
Do you read Chinese? How about ancient Mayan? Since it has no meaning to you, is it not information?
Your ability to understand the information does not affect whether or not it's information.
It's also counter to your non-material entitity stance. How can something non-material have a meaning or a purpose?
Waxy"
1,115,That must be why they like to wear boots in Texas.
1,116,"Since you're so fond of reporting personal attacks to the mod, maybe someone should return the favor to you? emoticonXRolleyes"
0,117,The question is illogical. By declaring the existence of an all powerful God then saying God cannot do something is not a comment on his powerfulness but rather the direct representation of his nature. Your question by its very statement does not test wether or not God is all powerful but wether or not God is comprehensible. See another thread for that topic.   The statement that God is all powerful defines his nature. To state then that he cannot do something outside of his nature as proof of the non existence of his nature is circular in logic.
0,118,"Maybe you'll have to clear up the difference between ""understanding"" and ""knowing."" I know what I think the difference is, but I need to know what you mean when you say ""I understand that there is definitely no god.""   Personally, I understand that we have no verification one way or another.   All I know is that I don't know one way or the other."
1,119,"Is the irony of Bushie here making statements about how they removed a totalitaran dictator, matched with his off colour joke about making the US a one party State lost on anyone?"
0,120,"Argueing with penfold is like wrestling a pig in the mud, the pig enjoys it."
1,121,"Possibly, I must admit I never tried to gain access to swords whilst over there."
0,122,"Jake,
 Thanks for finding that link again.
 
 Perhaps you can answer the same question I posed to Carla?"
1,123,"OOH bitchy ay?
Its worse than I thought you actually dont know your a*se from your mouthemoticonXClown
"
1,124,Can't you come up with your own line? I really did not think you would see the bucket of worms that would be stirred up if gay marriage was lawful but I tried to give you my best shot.............I did not even mention the income tax implications if this was allowed............
1,125,"Sounds like a lot of ***Bull*** to me. bah du bup. BTW, Sammy the Bull spelled his name Gravano, not Grevano. emoticonXRolleyes"
0,126,"So, in summary, you aren't against the death penalty on principle. You just want it used judiciously? Same here. Where we'll differ is in the details of what's judiciously."
0,127,Been saying that ever since the first time I heard about creationsism.
0,128,"Reasonable people would look for justification for their beliefs.   Many who have beliefs based on faith, however, accept things because they feel like accepting them. Including, absolute truths, and contradictions.   The resultant SHOULD be peaceful acceptance because after all, they can both be correct, yet be in contradiction, according to faith-based belief systems. The reality would probably be, as you say, that they would mix up faith and reason and start claiming one is ""actually correct"", and the other is ""The work of the devil"", and proceed to clobber the other religion, absorb their members, abordb the traditions that were ""popular"" from the other religion, rename them and re-color them to match their religion, and carry on proclaiming truth and the afterlife and mercy and whatever else pops into their heads.   That's of course, based on what I've seen and read.   -Mach"
1,129,It's also been tested and given very false readings. Would you bet your life on it? emoticonXCool
1,130,I think maybe you have hit yourself in the head with the Bible a few times too often.
0,131,You don't even take into consideration the possibility that Japan could have a higher mass murder rate- perhaps the same as the US- if guns were freely available in that country. You have a lot of explaining to do if you expect me to buy what you're trying to peddle. 
0,132,"I see. Does the fact that these so-called ""exposures"" are constantly and correctly destroyed by those with Logic not phase you?"
1,133,"So...all Christians have some sort of brain damage, trebor? You're not getting any better at this are you?"
0,134,I hope I have already begun to change your mind.
0,135,"Again, it's not the point. There are many who don't deny evolution, they believe it was guided. Showing examples of guidence - through artificial selection supports this theory"
1,136,"There is the potential for a human that comes out of many, crude and vulgar things. Some end up on a maxi pad or when a guy reaches for the box of Kleenex. Should I feel a special bond with the conceptions rudely flushed out because they couldn't make it to the uterine wall? They had the potential, the DNA, were once a life too, and made a valiant effort. Life is constantly in motion. We don't value all life, or maybe not all life the same. When it appears to have some aspects of human personhood, this would seem like a logical marker, where we'd place greater value."
0,137,Because he was found guilty of murdering a minor rather than an adult. Any crime committed by an adult against a child is more heinous in nature.
1,138,"So now gays don't exist? The anti-marriage side has reached a new low! Denying the existance of a what they are aruging aganist! I didn't think you guys could go that low. I was sadly mistaken. 
"
1,139,"So, Clinton getting it on with Lewinsky is a sign of intelligence? You can work for the Obama administration with those kinds of smarts. LOl!!"
1,140,"Yeah. Funny thing about that.   NONE of what you quoted includes any discussion of money raised...   They organized marches. Yes.   They had phone banks for the purpose of persuading undecided voters. Yes.   But no mention of money raised...   And don't get me wrong. I am against the organizing of marches and the phone banks.   But if we're going to start indicting on that as well, please let me know cause the list of ""guilty churches"" just got a heck of a lot longer as opposed to just listing ones which had generated ""$190,000"" directly, and lots more from individual church members."
0,141,"Now you're playing word games to confuse people. Page 11 of the Heller ruling stated that the definition of ""arms"" include all modern forms of bearable arms that're in common use. They didn't rule on machineguns because they weren't part of the case."
0,142,Well both could be a good mother because i know a mother who was very certain she didn't want her baby and went for an abortion but was too late on in her pregnancy to have one and then she was going to give himup fpr adoption but as soon as he was born she loved him and couldn't bear to give him up and know she's a great Mum. Being a good mother mainly depends on what you are like with you're child after birth.
0,143,That's not quite right. More accurate would be: Nothing that occurs outside the realm of physical law is in the realm of science. Science by no means precludes the possibility of there being something outside the realm of science.
0,144,"You/he could just have said 'slippery slope' in the first place; that argument is an old one, which I though was dealt with a long time ago. You can't disapprove of A on the grounds that it might lead to B - firstly because you have little to no evidence that it will, secondly because A is not necessary for B to happen and thirdly because that difference between A and B is all the argument you need to prevent B but be in favour of A. You can approve of punishing criminals but be against the death sentance."
1,145,Seems all the drills would broadcast when they had a leftie. Just could wait for that case of M-1 thumb or the hot one down the shirt.
1,146,"A rifle! No self-respecting liberal would have a rifle!
Not a liberal threat against Bush."
1,147,"You're back.
Nice attempt at deflection, but care to comment on the
""you're as touchy, judgmental and bitchy as a gay"" statement?"
1,148,"Anyone can ""give consent"". The issue is wether the parson is old enough to make that decission. I bet the children Michael Jackson raped gave their consent. Does that make it ""allright""? Are the kids ""mature enough"" to take the consequences of those actions?"
1,149,"Well since Bush took office the mantra has bee ""Local Control"" has it not. Apparently the people of your state want whats happening. Local control in action. Rejoice in your victory."
1,150,"You're right, I'm not interested in your incoherent ramblings, rather I'm annoyed at the bluster of cut and paste spam you've managed to produce.
I have no problem with the list, my problem is with your use of ""logic"".
Waxy"
0,151,"It hasn't happened yet is not absolute proof, just that it makes the probability of it being wrong quite small. By the way, if you are in the least bit intellectually honest, I challenge you to actually act on any of those doubts about the reality of existence and any other reality that we understand from all human experience. Otherwise, if you never act on those doubts, you are simply being hypocritical."
1,152,"New Jersey Poll: Birthers, Truthers, And The Anti-Christ -- Oh, My! | TPMDC
So that makes more than one out of three New Jersey conservatives who think Obama is either affirmatively ""the anti-Christ"" or they are ""not sure""...
emoticonXBanghead"
0,153,"We don't need another one that does the same thing, and can put an honest gun owner in a jam. This is after all as Nato 556 points out, a due process violation.
   Don't lie for the other guy. National Sports Shooting Foundation campaign."
1,154,"I don't care for the respect of utter nincompoops. I'm happy to tolerate them, but don't expect me not to laugh at them."
0,155,Right. It's called stasis. Species that are well adapted to their environments tend to change little in a stable environment. It is still true that fossil crocs are not the same as modern crocs. There are obvious differences.
1,156,"Seems to me its you that cant take a little humour.
If you think my reply was an insult you should get out more often."
1,157,"You wouldn't know irony if it dropped on your toe. :) 
"
1,158,"I think we should put to a vote, the right of the religious extremists, to vote at all. What say ye?   If the majority agrees, they have no say in anything anymore. Isn't that the way Steeeeeve says it should be done? Put it to a vote?"
0,159,These items do not have killing as their primary use.
1,160,"I think you're VERY mistaken.
I'm not a republican. Nor a democrat.
Never been registered as anything other than 'independent'.
I'm such because I think.
Unlike a party parrot that you seem to be yourself.
Since I'm neither...who the hell can ""I"" be in the minority?
Must be your biggoted knee-jerk reaction to think that anyone who doesn't think like you and slurp the Flavor Aid is the opposition and as such must be in the 'enemy party'.
And you are a hater because you verbiage is hate filled, caustic and ever insulting. And not in a funny, jestful way but full of vitriol and bile."
1,161,"I'm against polygamy, marriages with underaged minors and marriages to livestock as well, so don't feel that you are the only ones not ""accomodated"". 
"
0,162,No you can prevent the life of the unborn because they are not living but I don't think you should end the life of the born.
0,163,"Oh, I don't know about that. March of the Penguins was a box office success ANF an Oscar winner for best documentary. 
 Calling any of Moore's movies ""a documentary"" requires one to employ some artistic license with the term and some slight of hand. emoti"
0,164,"I don't see anyone without healthcare. None of my friends, none of my family, none of my neighbors. ZILCH. NADA. NAUGHT. CIPHER.   Now I don't go wandering around the inner cities looking for half-crazy winos and crack addicts either, so maybe that's why."
0,165,"Also another example put forward is a bacteria that can only sustain itself by eating Nylon. The theory goes - nylon is a recent invention therefore this bacteria must have eolved recently.What it suggests however is that a portion of an existing population would have died if not for nylon... the bug has to have nylon, or it will die.It is akin to looking at a portion of the human population who would die from heart-trouble. But thankfully we've now got artificial hearts, therefore this portion can survive. They are not a new species of human, but live only because of a recent invention."
1,166,"put it on pay-per view, call it a new extream sport."
1,167,"No it doesn't, all it does is bash Gore and the offset program. It doesn't address the actual credit markets. All it does is bash Gore (Who IMO is a douche anyways like you). Trying to argue that credit markets are bad because Gore is a idiot is like saying that Christanity is a bad religion because Dobson's a horrible person. It doesn't work like that. At least to people who have brains and educations (hint: not you).
"
1,168,"Silly you, forgetting the lessons of Nuremberg.
Did the Tribunal bring every private in the Wehrmacht or even every guard in the camps to trial?
Back to your Marion Morrison fantasies, old chap!emoticonXSmilie"
0,169,"Same thing happened in Rwanda. First they put the names of all Tutsis on lists. Then, the Hutu came around with machettes and took them off of the lists....permanently. emoticon_wow"
0,170,Well they'd be the experts on it; most of their members have been ruled as fitting under said category.   Let's face facts. Nobody who's in their right mind could actually believe the kind of nonsense they spread.
1,171,"Ahhh I see so God was more than willing to use extreme punishment for not loving your neighbor. Like how Sodom and Gomorrah were punished for not loving their neighbor.
"
1,172,"they held a big bash in honor of sluttish welfare queen Ayn Rand:
"
1,173,"Yeah, reasonable people are OK with ripping unborn fetuses from their mother's wombs minutes before the baby would be born naturally! How dare those kooks try to defend the rights of the unborn fetus!"
0,174,I see I jumped the gun. That was well stated.
1,175,Sure keep thinking that way and never mind the millions he put in his pocket. How was someone else put it? A thimble size brain case almost empty.
0,176,"Kent Hovind is a slimy, uneducated, hack. His only education past high school is a degree from an unaccredited bible school. He is also a liar, since I just can't believe that anyone could be so stupid to say some of the things that he does. Of course, there are other people that are so stupid that they actually believe him."
0,177,"Neither of them are humane? Is murdering 5 people and cutting them up humane? That is letting someone off way too easy. You took someone's life, and that is one of the worst things you can do. Letting them work out in a field and ""accomplish some things"" does no justice to the family of the victims. Someone who commits a crime that serious should at least be behind bars for the rest of their life, no parole at all. Maybe for lesser crimes (which warrant 15-30 years in prison), the Angola thing would work. But someone who has been found guilty of murder doesn't deserve the pleasure of actually working."
0,178,"And yet you can offer nothing to show it's impossible! It most certainly is a plausible explaination! Fairytale?!? Don't think so, a logical path for the developement of the avian lung."
1,179,You said there wasn't a pro-choice group before Roe v Wade. However I would have to do my research to dig up a group in 1850. Hold on...
0,180,"If you wanted to be picky about it, I guess you could say that it was a form of last-ditch birth control, after the other forms failed."
1,181,We gotta GET them law-abiders for having the audacity to believe the Constitution's Bill of Rights! Huh Brady!
1,182,"Your love of assumption is quite amusing (it also highlights your inability to argue honestly). All I did was point out that accidents are a cause of injuries and fatalities dealing with firearms. Nowhere did I suggest banning them in the slightest. Furthermore, I specifically noted that most of the accidents were due to improper gun safety.   So how about you take the stick out of your XXX and stop assuming whatever the **** you want for a change?   You are a joke Isly. About time you admit it."
1,183,"Yes, necessarily for YOUR genocidal rantings. But not for actual reality.
"
0,184,"Well, then. They're not TROO christians. Just ask a certain poster on this board. When I told this certain poster that I have known several clergymen from several Christian denominations who accepted evolutionary theory, that's what he told me.   That certain poster and others would rather claim Newton, who was an arian, as a christian rather than clergymen who accept the divinity of Christ. Those clergy just understand both science and religion better."
1,185,"Lets have a look at it  a little pause button action, a little jotting down and we have it in writing! Atheist scientists (or Algore) provided me with this technology, not sure which. <--- (one of those smileys Mr Poe enlightened me on)"
0,186,"You have a habit of constantly posting statements by anti-gun officials. And when these statements and theories are called into question and challenged, you have nothing to post in defense."
1,187,So you support allowing a 10 y/o to buy an Uzi and carry it into a federal court house or school as long as he does not commit a crime? Wow.   And your logic about taking criminals off the street and then having no gun control concerns would be perfect...if we had a finite number of criminals. We don't. New murderers and theives and carjackers and dope dealers and bank robbers and child rapists are born every day.
1,188,That is a classic post from Easyrider! One of his more assinine attempts at intelligent design.
1,189,Oh what a shame! Especially if it's true! Where did you get the idea that ID theory is not based on evidence and/or testing?
0,190,"Actually, it is a mutation. Just like the color of the fur is a mutation. Polar bear fur is not white, it is colorless. Moreover, it is hollow. That is another mutation. And Polar bears have longer legs than their closest relatives, the brown bears. They have smaller ears. None of the changes are caused by ""friction"".By the way, the webs between the toes of a Polar bear are very much like the webs between the toes of a duck.Adaptation is, by the way, evolution. I presume that is the word you meant to use. Adaptation is not adaption. You talk about the process as if it were adaption and then call it adaptation. In reality it is adaptation."
1,191,"Of course I can't. Can you guarantee that the apparent mugging about to happen isn't some poor slob about to ask directions? 
Big guy, dark parking lot, bang bang. Better safe than sorry, eh?"
1,192,"How about other religious theories. What about teaching about the sun god? I don't mean that they believed that, but teach it as a choice because everyone deserves the right to choose in what they believe. Actually let's also teach how the theory of gravity could be wrong and people can choose to believe that invisible fairys pull people down towards the Earth and other massive objects. We should teach the theory of gravity also but we need to give them the choice on what to believe.
"
1,193,"So you think it is a good idea for public schools to assume the role of parents? Perhaps you would support a balance then. Given what you say here, you wouldn't think it a bad idea for the New Hampshire School System to take a field trip to the local Catholic church would you? You know, so kids can know what resources, agencies, and organizations are available to them in the event that they may need to interact with them in the future. The School Board apparently gets the message, however. According to the article, it has instructed school administrators to investigate the matter, and determine whether disciplinary action is necessary. I would think it is."
1,194,"He could still call home if he needs someone raised from the dead :)
God sacrifices I get it, he's still being obedient to himself.
"
0,195,"You bring up a very interesting point.   All those state level marriage amendments which were voted on also made civil unions illegal as well. When polled, residents in those areas were actually unaware that the amendments also outlawed civil unions.   So, not only are the anti's disingenuous as far as what they promoted, but were so in HOW these amendments were promoted."
1,196,"Which wouldn't make a darn bit of difference - apart from the tiny matter of women dying and suffering permanent harm, but don't let that bother you. you'll also have to amend the constitution to remove any references to bodily autonomy. get ready to donate your kidney!"
1,197,"Well, you're writing from an embryo's point of view, when an embryo doesn't even have a point of view. It would be like writing from a rock's point of view."
1,198,"**
And you have no idea of what you are talking about. ""Vary-Select-Inherit"" makes a good bumper-sticker, but is otherwise meaningless."
1,199,I guess it's okay to lie for Jesus just so long as He ain't intently watching.
0,200,"This says absolutely nothing about gays.It talks about Congress investigating Science and Ethics.Quite frankly, I think some of the people they NEED to be investigating is NARTH, as I just proved that their article MISQUOTED other research articles.Furthermore, I can supply you with a long list of other anti-gay researchers who likewise have been guilty of misrepresenting other people's research.On a separate note, this article was further down on that web-page. It had this title: ""Federal Judge Dismisses Scientific Misconduct Claim """
0,201,"The whole ""change the definition of marriage"" is mainly a scare tactic used by anti-gay religious bigots. They don't seem to realize that words can have several meanings."
0,202,"Just making sure that everybody is aware of his evasion, misrepresentation, and dishonesty. I figured a good time to do that would be while he was accusing scientists of these things... (I figure it's a damn good illustration when a paper's author tells him to stop misrepresenting the paper, and he keeps doing it anyway.)In fairness, being a creationist isn't necessarily an indicator of dishonesty; there are plenty of creationists who are creationists simply because they are uneducated about the subject. Unfortunately, supersport isn't part of this group; he has seen the evidence and is willfully ignorant of it."
1,203,"Sleazy, just because your life sucks doesnt mean that everyone else will go to hell to pay for it."
1,204,"**
Well, you being a materialist/mexchanist/darwinist and all, I guess we shouldn't have expected you to know the difference between a ""fact"" and a speculative ""just-so story"", but even so, every time you do this it is disappointing.
"
0,205,But only if they're willing to receive one. Most aren't.
0,206,"In my reading of the Declaration (and using the 1st. Amendment as a filter) it doesn't matter who or what the founders meant by ""Creator."" The conlusion is the same; regardless. Namely; The fact that the founders considered our basic rights to be inherrent."
1,207,"Gee, I wonder why the liberal left is so quiet? I remember when Bush's DWI from decades previously came out, and you couldn't shut the hypocrites up! 
It's hilarious."
1,208,"Actually, I think people are starting to ignore the drivel more and more...
But if you insist...
"
0,209,And an even funnier thing is it won't affect his wallet at all.
0,210,"So any long publication must be due to a panic attack? It takes a few minutes to read those posts, but it takes an hour and a half to watch Expelled; does that mean that IDers are having the mother of all panic attacks?Your logic can't even be described as ""tortured,"" marc, because it's completely nonexistent."
0,211,"Notice the double-standard here? The homosexual lobby accuses us of harassment, yet they are willing to provide names and addresses of people who oppose their agenda. I can't wait to see the backlash from this one."
0,212,"They originally might have been an arbitrary guess, but experience of all humans always has given them a very high probability of being true (at least the existence of the outside world, the others are abstract logical concepts that don't have a physical reality, just an abstract one)."
1,213,So then will you go the way on liberty (repeal stoopid laws) or tyranny (enact more unconstitutional laws)?
0,214,But just try and remove them from those that think we do and you will have a war on your hands. It's too bad we didn't become more like Canada is respect to gun ownership. A lot more people would be alive today and others not sitting in prison for crimes they commited.
0,215,"You know, I heard that from my mom last week. My parents moved to Arkansas when my dad retired a few years back. Mom thought it was amusing and disgusting that the state she moved to would have voted in such an alarming manor yet takes no measure to secure the marriages they already have. Ironic indeed."
1,216,So your claim that no pre-existing belief is necessary is untested by you. Do you have an example of an actual non-believer having a religious experience that made a believer of them? In my experience God never appears to atheists. Funny that.
0,217,"The state right before the Big Bang didn't have H, He, or any space."
1,218,What seems to be mountains to other gay rights supporters are just mole hills to youemoticonXHoho
1,219,"I know what the OP is
Green was a far better player than either.
Hendrix is overblown .Clapton was better than him and Santana is a shadow of Green
If you think that creating a sound that resembles a cat being tortured is skillful then Hendrix is your man
I cant help it if you are tone deaf and believe hype over quality.
Come on yourselfemoticonXGood"
0,220,"If everytime I say something you(you in the general sense) bring out ""that is oppressive to women"" then please don't bother posting. If you don't believe in it you don't...I guess you could say if you don't support drugs you are oppressing the drug users....but you really arent."
0,221,I'm glad you made the same correlation I did. ToE is a substitute for #### in this case.
1,222,"Well, we have our head in the sand in more ways than one."
1,223,"Oh, and please name a terrorist that purchased a weapon from a gun show, and then used it in a crime."
0,224,"Well, I forgot to add one thing: a legal notice to the gov't about such behavior."
0,225,They were both created on the sixth day according to Genesis 1.
0,226,"And that's when her career and popularity took a nosedive.   Now that she's no longer playing the activist, she's becoming popular again."
0,227,"It's true, I find the story on sites that are generally anti-bush. However, this was a radio show transcript, not a site. Larry Flint says ""'I've talked to the woman's friends,' Flynt said. 'I've tracked down the doctor who did the abortion, I tracked down the Bush people who arranged for the abortion,' Flynt said. 'I got the story nailed."" I haven't seen it either confirmed or denied by anyone more reputable."
1,228,"Rather unsurprisingly, the U.S. constitution does not have any bearing on Australian law."
0,229,Is the Ammo Shortage the Result of a Government Conspiracy or an NRA Marketing Campaign?
0,230,"The logic we use to make statements about reality is derived from the way we observe material things behaving, and that logic is not immutable. Quantum physics demonstrates the fundamentally uncertain nature of reality at very tiny scales: the 'law of excluded middle' in particular taking it firmly in the shorts. Given that logic can vary on such a simple metric as physical scale, your argument is starting to look more than a bit frayed at the edges :)"
1,231,"You mean back in 1993 when Clinton had been in office for only 13 months? Do you think George H.W. Bush knew about these bombers before hand and didn't warn Clinton?
But, even so, check out this link, if you aren't too damned lazy (I can't cut and paste from that site):
snopes.com: Clinton Administration and Terrorists
But phobic little minds are already fixated on what they believe and you probably won't."
0,232,"Well, I have heard people on the pro-gun side say that most defensive gun uses don't involve firing even one round. So limiting the capacity would probably have less of an effect on the ability to defend yourself than on crime. So why are people from the gun lobby always whining about restrictions like this? When semi-automatic rifles were banned in Australia, hunters welcomed the law. They saw it as a challenge because it takes greater skill to shoot an animal with a bolt action rifle. Not so in America where some gun owners like to use guns that could take down planes to shoot small animals."
0,233,Sorry to shatter you little world but this is happening it has been happening 25 years and it is happening now and it is completly legal no laws have been broken and yes there is a market for fetal tissue /limbs and bodies.Do some research you will be surprised what you will find.
0,234,"The desperate flailings of a city with absolutely no common sense. They're so impotent in their abilities to get tough on criminals, they feel it necessary to go after the most unrelated sources to try and make themselves look big and busy.Why not just build a big wall to cut itself off from the rest of the world, and set up high security check points so cars coming and going can be checked to ensure no contraband is being smuggled in."
1,235,"Duh! Maybe the folks who wrote the Book of Yasher had access to Manetho. emoticonXRolleyes 
"
1,236,"How do they use ""the empirical evidence prove it"", when they do no research, and no evidence actually supports their ""theory""?"
0,237,If you truly believe this then I think you need to re-read your posts and put yourself in the shoes of those on the receiving end. 
1,238,"As compared to ""Truth"" (capital T). Yes, creationist theocrats have this tendency to portray their subjective beliefs as truth, their wishful thinking as facts. No surprise there.
"
0,239,"This joke is based on some reality, ""the conquest of the North Pole is traditionally credited to Anglo-American Navy engineer Robert Edwin Peary, who claimed to have reached the Pole on April 6, 1909.   Anyhow, not all jokes are completely true, how many stand up comedians have you heard??? If you were to nit pick every joke out there (being politicaly correct etc) there would be no jokes left!"
1,240,"so if right now, i ask god for forgivness, someone kills me, i will go to heaven by default? makes sense to me, i mean, i dont have time to sin..."
0,241,"Gay Blog - QueerSighted
 
 This is long overdue.
 Marginalizing gay couples by failing to acknowledge our existence is ending."
1,242,"Thank you. Unfortunately, on a forum plagued with emotional patriotism based on conceited belief systems and distorted historical interpretations, rational opinions are normally ignored."
0,243,And he has still yet to provide one. If more gun-control means more lives saved then more gun-control means more self preservation.
1,244,"Confused? First you say you don't believe in killing children unless it's ""absolutly (sic) necessary"", then you say you can't imagine a time that it would be absolutely necessary. Can't you make up your mind?"
0,245,"Your stats aren't broken down into meaningful groups, so nothing is learned WRT Muslims."
0,246,"And you will cowardly ignore the validity of the difference, as you whine that there is one ...A person goes to the doctor, that information is NOT public information. A doctor / patient can claim doctor/patient confidentiality. It's a recognized and valid situation.But with the ""knowthyneighbor"", these polls are PUBLIC KNOWLEDGE. The purpose of publicizing them is to prevent fraud.If you weren't so intent on trying to bash, you would recognize the obvious distinctions... emoticonXRolleyes"
0,247,"Doesn't it ever bother you that you have to come up with ridiculous hypothetical sci-fi scenarios to attempt to prove your side?   First of all, do you really think a head on life support is going to ""be no different mentally from someone with a body.""? I would say that would probably mess with somebody's head a bit.   Secondly, you sound like you believe this person who is a head on life support deserves equal rights. They are just as helpless as a fetus in the womb. Are you saying it's okay to murder people who can't think and talk? Do you believe that thinking and talking is what qualifies a person for rights?"
0,248,it can't always be cared by anyone. What if no one wants the baby or you can't get to a place where you can give the baby up (maybe snowed in for a week). Can you kill the baby then because it is now dependent on you.
0,249,"But because your book of mythology tells you about a week of creation, you prefer that (because it requires less thought) to examining reality."
1,250,"Good to know that sence of humor hasn't completely evaded you. 
Had me worried there for a moment, or two, or three... emoticonXWow"
0,251,So why should merchant ships be required to go unarmed and defenseless in dangerous areas?
0,252,"I don't believe that. Give me some proof. Besides, one does not have to smoke marijuana to get high."
1,253,"I have heard of big-headed families. I have heard of square-headed families. I have even heard of Cone-headed families....but gay-headed families?
There is just something not right about including the word gay and head in the same sentence. :p"
1,254,Of course it's solely a product of women's behavior simone. It's the women that has to make the phone call to the stork. The stork doesn't answer calls from men.
1,255,"People who don't agree with you must be banned or better still shot, right ??"
1,256,"God became man for a time to set people free, Trebor. Get it right."
1,257,Really??? Maybe you should do a little research before you make sweeping statements like that. -- http://www.rainbowbaptists.org/
1,258,"I can see the headlines now ""Gays Wielding Deadly Purses Attack Christians"". ;)"
0,259,"In some cases yes, in others no. If the mutation gives a huge advantage, then there will be a decline in the size of the gene pool for a while (eg when the Australian rabbit population was reduced form 500 million to 100 million by myxomatosis, the gene pool strunk as a result and the genetic ""mutation"" that gave increased resistance spread throughout the whole population as a result). Most of the time though single mutations do not have such a huge advantage and so genetic variation is maintained."
0,260,"Why should the family of the criminal be of more concern that the families of the victims? I say, put a bullet in the bastards and be done with it."
1,261,"And if all men are created equal than we all have a right to marry a supermodel, regardless of our socioeconomic status. emoticonXRolleyes
[quote]
Plenty of other nations do. We are the only advanced westernized nation that doesn't.
"
0,262,"And if there are two competing hypotheses that are actually hard to choose between? As they get closer, it becomes less possible to choose by instinct or testing. A principle comes in handy."
1,263,"That may seem like a brainstorm to you kronus, but to the enlightened, it was an obvious brainfart. emoticonXGood But I would never expect you to know the difference."
0,264,OK try the US Constitution. We are a representative democratic republic not a majority rule nation. Majorities hold certain powers but they are limited. Minorities continue to have rights which may not be infringed by the majority. Amibiguity and sharing of interests in various types of personal and social decisions is a necessary component of this system. We are built on compromise and that has served us well.
1,265,"Like they said in the article, you can have a campaign against marrige because it hurts women because of domestic abusers, you can say the baseball hurts men, because many of them get hurt. But most of the time its a great thing. Why then, would you suggest something so abusrd as to abortion hurts women. Most of the time, abortion lets women let go of that big weight thats holding them back and prusue their dreams, and live a happy life. Since when has AntiAbortionists cared about women? Can someone fill me in here?"
1,266,"In other words, Archie cannot show ANY money raised by ""pro-gay churches"", so he's going to ignore that...
emoticonXRolleyes
"
1,267,"So, if having children isn't a requirement fro marriage, then gays should be OK, right?   If it is what it is all about, if you marry a woman who is incapable of having children, even with scientific methods, then you are not really married?   What about lesbians? They can have childre, with a little help from the local sperm bank. In facst, they can BOTH get pregnant. Does tht mean that a marriage between 2 lesbians is twice as valid?   What if a couple of gay men adopt? Then is their marriage valid?   If I have a vasectomy, am I divorced?   You are confusing me. Please explain."
1,268,"Learn to read, dude.
Here, let me quote it to you again, this time adding some emphasis.
"
0,269,"Well let's see . . . the last time a state started recognizing gay marriages, suddenly there was more support for a Federal Marriage Amendment than ever, Democrats lost more seats in Congress, the minority Democratic leader was defeated after years in office, a protestant presidential candidate carried the Catholic vote against a Catholic candidate, evangelicals in the country were energized, the pro-FMA candidate WON re-election even though his approval rating was 50%, and the state that recognized gay marriage fell under a slew of legal challenges to the point where it's up in the air again.The more you push you agenda through activist judges, the closer you get to the people having to pass an amendment. At least New York was smart enough not to do it right before an election."
0,270,And think of what other animals have built (and for an actual purpose). Take a look at a bee hive. It's so complex and so perfect for them. They built that. An ant hill is at least 20 times the size of an ant. That's 120 feet for us (for a 6 foot person).
1,271,"This is not to say that every current dictionary includes such a definition... yet... but a number of major on-line ones demonstrably do, and to my knowledge human civilization has yet to suffer any negative effects.   (By the way, the above entries also include the typical ""husband and wife"" kind of arrangement as well. Funny how words can have more than one meaning, isn't it?)"
1,272,"It's Satan, not Satin. And he's your daddy, not ours (John 8:44)."
1,273,"Why do ""they"" want it to be true? Some ""gay"" science agenda?"
0,274,"Yes, but we had no way to tell until we found them again, now had we?"
1,275,A nameless face to the feds? In this era of paranoia and fear and overgrown governments? As if any of us are private and unknown individuals anymore.
1,276,"Wasn't that your boy, Clinton, that screwed the intern? Or was it Mayor Sam Adams of Portland who screwed a 17 year old intern? No wait, it couldn't have been Adams, that intern was a boy. emoticonXRolleyes
"
0,277,"They are safer. The 300 gun deaths per year rate has dropped since then.Let's have a little reality intrude on the gun porn fantasies. Only 13% of Swiss homes ever had an Army-issue weapon in them, Militia service extending only from age 20 to age 30, and the ammunition was stored in a sealed pack, with severe punishments for the seal being broken."
1,278,"Yea, at least on earth you get some relief, you die eventually."
1,279,Well you never know cause your pro life and for the death penalty.
1,280,"Get a clue buddy. These far-left people are saying that if they can't have things their way (which many gays like you sound like), they will go to Canada. I just extend the offer to them to please move. We really don't need people in this country who feel like they deserve anything they want, and if they can't get it they will move. This is a democracy...the people elect public officials to represent them. You can't win every election or get everything you want, and threatening to commit suicide or move somewhere else is childish and uncalled for.
Sometimes your gayness supercedes any of your logic."
1,281,And irrational emotional appeals seldom hold up in the face of logic
0,282,This seems to conflict with some of your earlier posts wherein you support terrorists.
1,283,"Do you grasp the concept of ""consentual""?
consentual definition | Dictionary.com"
0,284,"Archie, the ONLY issue that gays don't have a majority support for gay equality on is gay marriage. That's it.Laws against sodomy? Majority oppose them.Laws against gay adoption? Majority oppose them.Laws against gays in the military? Majority oppose them.Hate crime legislation for gays? Majority supports them.ENDA? Majority support.Even CIVIL UNIONS has a majority support.But you are too swept up in your self-assumed superiority to recognize when you are standing alone...I am laughing at the fact that you are fighting against people who comment on SOME Christian actions against gays, but then you EXUDE the very thing we are talking about.You become a living example.Quite frankly Archie, I think you are a thorough embarrassment to most of the other anti-gay posters on these threads.Comparing gays to al Qaeda? emoticonXDonno And I thought Robertson and Falwell were emoticonXCensored when they tried to associate gays as a cause to the issue of 9/11."
1,285,No brother...complete controll of everything you do by a power structure you'll be powerless to stop. Enjoy!
1,286,I see you know nothing about the subject...hardly a surprise.
1,287,"Funny how people who are ""for"" capital punishment don't see it that way..."
0,288,"In 2000, the U.S. recorded close to 11,000 firearm homicides and more than 16,000 firearm suicides. The European Union -- an area with a population approximately 25% higher than that of the U.S. -- reported fewer than 1,300 firearm homicides for the same year. In Japan, the number was 22.sinjin - The US firearm homicide rate is more than 180x that of Japan."
0,289,There's a distinct difference... so what? No baby at any age can live outside the womb. It still needs care and attention like any other. This difference in age doesn't mean anything.
0,290,"This obviously depends on the person. Both are not good...once again, a comparision is not gonna work. Whether you are an alcoholic or a weed-a-holic(not a real word) you will still mess up your health (which is a good reason we shouldn't have public health care)."
1,291,"The enemies of freedom already have. The coined a new word. It is PRE Traumatic Stress Disorder.   Meanwhile, 12 times as many children die from Drowning than from accidental gunshot!"
1,292,"This caught my eye. armor-piercing handguns, cop killer handguns. What exactly is an Armor piercing handgun? And who sells those?   Nothing like making up some stuff to make the problem seem worse than it is. Handgun bullets that will defeat a policeman's vest are already illegal! Nothing like throwing in a few lies~!~"
0,293,"Same place. Australia.   That, after 5 or 6 thousand illegal guns were just handed in during the last in a series of never-ending amnesties."
1,294,"Which assumes we(unbelievers) will have traditional Christian Ceremonies, for one I don't ever plan on getting married and I plan to live forever so I see no need to have a funeral."
0,295,"I think you need to look up euthanasia, and not only for the correct grammar. Those examples are not euthanasia. Abortion is not the same thing as euthanasia.   Why don't you just say what is on your mind, rather than setting these ham-handed traps you hope someone will fall into? It is clear what your opinion is. If you have something to say, by all means express yourself."
1,296,"Better third grade than kindergarten, Steve. Grow up. Your constitutional knowledge isn't exactly impressive."
0,297,"And what is an inheritance? Proverbs 13:13 he who feareth the commandment shall be rewarded. 14 The law of the wise is a fountain of life. 15 Good understanding giveth favor 16 Every prudent man dealeth with knowledge 17 a faithful ambassador is health 18 but he that regardeth reproof shall be honoured. 19 The desire accomplished is sweet to the soul 20 He that walketh with wise men shall be wise 21 but to the righteous good shall be paid. What inheritance should a good man leave to his children's children? Solomon wasn't talking of money, but of God's law. In Solomon's view, the wicked can have their money, the true reward goes to the righteous. Why this should contrast with selling your luxuries and giving to the poor I'm not sure. "
1,298,What is it about the same piece of paper you do not understand?
1,299,"He was big on ""Turn the other cheek"", the pacifist non-gunner."
0,300,"It's not just a kernel of uncertainty. Jews and Christians alike say that Moses wrote the Pentateuch, but a reading of the Pentateuch makes it obvious that this cannot be true. Luke did not write the book of Luke, the apostle Matthew did not write the book of Matthew, and we don't even claim to know the authors of many books of the Bible. Look up the Documentary hypothesis; early scholars shuffled ""holy writings"" together like a deck of cards to get the Old Testament that everybody today knows and loves."
0,301,"You know, I really don't know if she does. I'd like to think that she does care about the moral concerns of most people in the nation, but it's starting to become more and more apparent that may not be the case.At the rate they are going, gay rights people in this country are going to bring a constitutional amendment on themselves before they truly realize the value of actually trying to see the issue through someone's eyes other than their own, and actually dialoging rather than trying to dictate their views onto the nation. By then it will be too late."
1,302,Is this satire? If so...bravo...well done. emoticonXGood If you are really serious...ummmm...excuse me. emoticonXEmbarrassed
1,303,No more or less than Jebus when he did the same....emoticonXChickenemoticonXChicken
0,304,And thats factually (and logically incorrect). There are many alternatives virtually an infinitude of them in fact.
0,305,"Really? 'cuss what I always see with anti-choicers is that they seem to think that the pregnant woman is invisible. This means that all men and all fetuses have a right to life at all times, but women, for some unknown reason, seem to lose that right when they become pregnant. Weird."
0,306,"With all the debt Obama has generated for our nation, he deserves to be filibustered into the ground. For too long the democrats had absolute power and ran amok and unchecked, answering to absolutely nobody and ignoring the will and the voice of the people."
1,307,"Well then. All of the ex-christians have it both ways don't they. Since they are saved they can lie, cheat, steal and have wild, illicit sex (following the example of several christian preachers)."
1,308,"and what would that be? Would it be a violation of the laws of physics, whatever that is, if I could think or believe myself into healing a disease or various medical condition?"
1,309,"Don't worry, think everyone knows that your side doesn't have the sole monopoly on crazy.
"
0,310,"Whatever, people lying by saying that they lost their jobs because they said they believe in Intelligent Design? Good? Bad? Utterly predictable?   http://www.expelledexposed.com/index.php/the-truth"
0,311,"Actually, I don't ask how the idea occurred. As I mentioned, Darwin suggested it. I'm not sure what the rese of that paragraph means."
0,312,"Oh boy, you said it!
 
 Is the Earth's Magnetic Field Young?"
1,313,"Oh, but it does mean something to him. He can't/won't say what, but it sure isn't based on homophobia, no siree! It's just really, really important that marriage stay a striaghts only club, for reasons that can't be explained, but there's no bigotry, don't worry on that score. emoticonXRolleyes"
0,314,"Heres how it makes sense; If atheists seek to support their belief system, they are more likely to accept what science tells them about topics like this without giving the details much thought. People are often short on patience you know, post # 40 indicates it. I honestly wonder if those analogies dont soar over many peoples heads. They're not scientific, they're common sense. But if an educated person disregards them because of impatience, or arrogance directed at the source, it can obliterate the effect of their education. It's the difference in having been taught what to think, vs. knowing how to think. There is a reason why the most successful countries involve people besides only the educated in the political process. "
1,315,Please emoticonXRolleyes Why dont YOU post something thats not one sided and full of non factual evidence that isn't full of spin and your crazy agendas?
1,316,"All science is provisional. For absolutes, we look to your interpretation of your bible. That's always absolute and beyond any correction.
"
1,317,Within one post.   Thanks for proving that creationist are incapable of discussing the original topic and automatically move to change the subject.
1,318,"You seem to require a slick answer to a complicated question - so how about this:
Question: Was Stalin a communist ?
Answer: That's what he said he was.
Hope this is glib and vacuous enough to meet with your exacting standards."
0,319,O they don't make space anymore. They'll just put him in a cell with pot growers and crack addicts. He'll be lucky if he gets a spot on the floor to sleep on.
1,320,It's as much of a point that Phillp Johnson has. Trying to use Philip Johnson as a source about evolution is like trying to use Jack Chick as a source about Catholism.
1,321,"You're the one who needs to get a grip. Lots could get worse, but not for the reasons you're stating.   But I take it you're finally admitting that (actually) 50 million uninsured human beings who could die or go bankrupt is a big problem."
0,322,"I have heard that the USA spends around 40% (total) more on health care than Canada does. That would be impressive if it weren't for one fact. The USA has 900% of our population. It is your administration costs what are getting you the most. We only spend around 11% on administration while the USA spends around 25% of their health care dollars. We have a cap on how much a doctor can be sued for as well. Yes, our system isn't perfect, but it still works.Nearly 50 million Americans don't have health care at all, that is around 18% of your total population. This is quite shameful. As I've stated, the USA is the only Nation in the Industrialize world to not have universal health care."
1,323,"Whatever. First you say no one is calling you a hypocrite, than you say people do it, but it just an attack tactic. If you ever get to a mental state where you can entertain the possibility that a critisism of you can be grounded in reality, than go back to my post where I say ""This is why..."" and give it a read again. Maybe you'll learn somethig. Till then..."
1,324,"Look at Dunblane. Then look at Columbine. Who had the higher death toll?
How often do school shootings take place in Germany?
When was the last time somebody went driving and shooting in a killing spree in America?
Name the last mass public killing in America, in a public place where the number of victims reached double digit territory.
Go on Brady, we're waiting for you to prove that you actually have a point. Don't disappoint us."
1,325,"Translation: Muslims are worth nothing. Christianity is superior, therefore they are worth nothing. Let the US come in and kill them, ruin their cities, and take their oil."
1,326,"But you sure don't hesitate to portray them that way when you use one to bolster the other! Or when you fail to actually (GASP) qualify the matter by noting the differences as well as the similarities. Hey, it's just accuracy, so why get in a fuss over it, huh? emoticonXRolleyes Why not go ahead and invoke the Jewish genocide while you're at it, or call anyone who has a different opinion ""Hitler?"" I mean it's the same sort of generalization.
"
0,327,OH get off it!!!! How many times have we seen the argument from your side that gay marriage would increase the incidence of AIDS?
1,328,"Yes that would solve the problem wouldn't it,worked the first time around,I say that because we (U.S.)are compared to the wild west.   But be they whites,Blacks,Reds,or pi** purple shoot a few that try to detain or threaten you, yeah I think they will back off unless they are prepared to go to war."
1,329,"Oh, EZ, so this god of yours wants to see ME, does he?
Well and good. Because when I have access to that god he is going to get an earful from me about how his people have screwed over the world."
1,330,and you shouldn't forget the thousands of gays incinerated at this death camp!!!
1,331,"Thanks for clearing that up USAMP1980emoticonXGood
I suppose you mean that some unnecessary laws create criminals simply because the laws exist...."
0,332,"Oh I hated being pregnant. However I am not really arguing whether pregnancy in and of itself is punishment, I suspect that is an opinion matter - there are some crazy women who actually liked pregnancy. ;) Julie - however clearly feels that it is acceptable to use a pregnancy and parenting in a punitive matter against women she feels are irresponsible."
1,333,"Yeah, those teabaggers are sooo racist. :)
FOXNews.com - Black Tea Party Activists Called 'Traitors'
You're just as bad as MarieAntoinette, anyone who disagrees with Obama is racist. I, for one, am happy to see that there are plenty of people who aren't too mesmerized by the nations first black president to think for themselves. You are not one of them."
1,334,"???? Everybody knows a ""gunwalker"" is like a dog walker and you get paid pretty good when you have a big clientele. DUH. My guns bigger than your gun because mine eats 7.62x39.emoticonXLove
Please not the manhood thing again.;)"
1,335,The Fact that you believe there is some sort of salvation in Jebus proves you are the dumb one.. You should stop rejecting reality ....
1,336,"So the tooth that gave rise to Nebraska Man was evidence - evidence of what - a tooth.   But from that piece of evidence evolutionaries were able to extrapolate a whole new race of men!   So, is it still ?evidence??   So much for evidence pointing to evolution ? it is what you make of the ?evidence?."
0,337,they may respect life but what about respecting the quality of life?   if they cared about their children's future they would not breed like rabbits. It is callous to use their children to win the 'numbers game'   quality before quantity.   I don't deny that abortion is murder in the womb though.
1,338,"Maybe it's you who needs to hope for the brain-storm.
Others got the point of my post.
You mock that which you don't get...
But I guess if you've been cornered on most of the issue, there isn't much left for you to really do but try to mock other people, and hope that nobody notices that you lost the actual debate..."
1,339,"You should take a course in reading comprehension and civility.
Hebrew scholars overwhelmingly agree Genesis was meant to be read as history.
What they believe it is history is another story.
Some do , some don't ."
1,340,"Where's the smileys? This is a joke, right?   My sons have owned their own guns since they were 11 years old. Of course I bought them, but I bought their shoes, too.   Maybe my mind ain't right on this one."
1,341,"Right, expect when talking about the 14th amendment. The way you guys like to define ""equal protection"" would make it so any restriction is unequal."
1,342,"That's good - so you no longer believe all actions that result in inevitable deaths are killings, only cruel ones. This is an improvement on your previous:
"
1,343,"That's like looking at a rainbow and insisting it only has the color red in it.
"
1,344,So you haven't got an answer to the question and prove that you are 'busted'.. That's OK...as long as we can all see that.
0,345,"A more precise term would be ""broaden,"" since nothing about the definition pertaining to the people currently covered by it would be affected, ""diluted"" or altered in any way anyone has yet demonstrated. Nothing about the definition that pertains to people who already are, or can be married changes one iota. Their rights, benefits, and protections remain exactly the same. The only ""change"" would be to other  people, people who have no connection to, nor impact on, the marriages of anyone else: the gays who'll marry if the legal definition is broadened to encompass them. And the only ""change"" in that regard will be the fact that they are  encompassed by it, nothing more. No substantive aspect of the definition as it currently stands changes in the slightest.The change is not in the definition itself. It's in who it applies to."
1,346,"This could be used as an example in a 'how to be an internet troll' instuction book.
Evasive, obtuse and dishonest."
0,347,"Very well said, but remember, Evolution doesnt mean atheism, but creationism means religion. I know Christians that believe in evolution, but i dont know atheists that believe in creationism."
1,348,"Good point. If she is old enough to be licenced to drive, presumably. If she travels by bus, train or plane, are those companies complicit?"
1,349,someone needs to go over to IIDB and invite those kooks over here to debate me on this thread. There's currently an open thread over there with my name on it...seems they like obsessing over me....they're like a bunch of teeny boppers obsessing and salivating over a Backstreet Boy.
1,350,The first half of the above post you're being purposefully thick. The last part is just dumb and not at all based in reality!
1,351,"Nope. Wouldn't it be better to learn what you are talking about before you speak?
"
0,352,So? There are other articles and books that do. Is your link the ultimate authority on the cause of crime?
0,353,Yes.   (and this is to add stuff to make the post stick....)
0,354,"you're on the right track; the problem with evolution is that it has no verifiable creator -- the fact is, mutations (which supposedly add new raw material for selection) have never shown to add any new structure or even a new part to any existing structure. It's a sad fact for evos."
0,355,"So, IOW, you are saying that those of us who are intelligent enough to realize that your non existent imaginary god doesn't exist have a chemical imbalance? Wow, that's quite a stretch even for you Archie baby."
1,356,"Then you would have to be believe that out of the supposed millions upon millions of people who walked the Earth none of them were pregnant and there were no newborns either. Then again, to be Christian, you also have to believe the world was created in 7 days and their was a Biblical great flood too. The best part about writing a fairytale is that the author gets to make up everything as they go along."
1,357,"Well, the antichrist is going to come and make any true believer a heretic any way so what am I worried about? I knew the risks before I accept the job. :-)"
0,358,"So for example if I say ""you are a part of my body, and therefore I have a right to kill you"", is this simply a matter of ideology?I admit the distinction is not clearcut at early stages of development, but how do you support the idea that post-birth children are ""a part"" of their mothers' bodies and therefore legitimate to kill?It is no more legitimate to say that a fetus is a part of a woman's body than it is to say that a woman is a part of a fetus' body. Just as a woman is not a subordinate slave to the fetus within her, the fetus cannot be considered subordinate in rights to the woman it is inside."
0,359,"Exactly. Most people would incorporate it, from childhood most often. Steeeeve can't seem to wrap his mind around that."
1,360,"Oh, do clue us all of us atheists in on the one central nugget of belief which unites us all under the banner of atheism.
And keep in mind...
"
0,361,"Yes, it is very hard, even for theologians, to explain."
0,362,Said like a cruel evil person who has no concern for his fellow man.
0,363,So a theory was revised... does that mean that it was wrong afterwards?
1,364,"Nice try twisting my words, Simone. My post above was an example to show precedence, but you already knew that.
And for the record, I don't see ALL women as a disease, just the dumb ones. :p"
0,365,"Socialsim and Communism in the Soviet Union failed because the USSR spent its entire existence recovering from war. The country was bombed to hell by Germany twice, around the time of the world wars. The united states put unspeakable amounts of money into their war machine, which forced the Soviets to do the same. I, for one, would buy a gun If I knew my neighbor had six, and he wanted me dead.The CIA and American military carried out immoral operations in 60+ countries since 1945. The soviet KGB, as far as I know, has only been in Germany, korea, China, and Afgahnistan."
0,366,Whether a fetus is a person is not something open to consideration. An apple is not an orange. The reason that we have two words to apply as labels is simply because they absolutely are not the same thing. It is that simple.Suppose that a fetus is frozen and implanted in a female 22 years later. Is it of legal drinking age at birth? Obviously not. We currently have the technology to actually do this.
1,367,"Where, exactly, did the article say that bacteria exhibit intelligence????"
0,368,I don't see why it is so hard to accept he lied. He lost is award and lost his job over his data.
1,369,"Gosh, why not just adjust the document the way it was surely intended: ""This document does not in any way apply to XXXXXX."""
1,370,"lol.  great point pickle.Honestly, why not put into play the madman breaking into your house with not a care of your life or (im putting in a small child and puppy!) your small child or your little puppy. Because the time you take your sorry little self to the cops, he will be you and your little child."
0,371,"And melting the entire surface of the earth and boiling the oceans. Even creationist who propose the nonsense that you spout admit that they have no way to explain where the heat went. In an effort to answer where the water went, they encounter the problem of explaining where the heat went."
1,372,Just be like the Jews and Christians and steal the idea! A lot of their mythology isn't original: it was stolen from other people who thought it up first.
1,373,Mr Rodgers was a pedophile and Big Bird was a flamer. ;)
1,374,"Prickolo
Slyme would be a more appropriate name for you.
Just some parting unfriendly advice
Hooroo emoticonXDonno"
1,375,"Thats because there are far more heterosexuals.
I cannot take a racist heterophobic serious when he tries to tell me that using certain words mean that a heterosexual man is an abuser or misogynist.
As said, your expertise are firmly on the other side.
As for your nonsense about Univ Houston.
I simply do not believe it.
You have the manner of a school teacher and the wit of railway clerk."
1,376,"Congrats, you are. Or did you not hear about the bailout?"
0,377,"Really? Let me see. Two creation myths and a global flood myth where 5 million ""kinds"" of animal were crammed into a big box that magically floats for a year - yeah, that's secular history."
0,378,"I'm afraid it is you who is wrong. I created you so that you would think you created me to think I created everything, even though I did. It's more of a challenge that way to try to convert people to the one true religion. Since you can see that I won't be able to convert the world (it's due in a week), you can pay $100 dollars to me so I will take you with me to the upper world."
0,379,"Leaving aside for a moment the false construct you're arguing against you should read up...The Pseudo-Problem of Creation in Physical Cosmology by Adolf Grnbaumhttp://www.infidels.org/library/mode...m/problem.html"" As Bondi sees it, the steady-state theory propounded by himself and Thomas Gold in 1948 brings ""the problem of creation . . . within the scope of physical inquiry"" (Ibid.)Although some theories are deemed defunct, such as the one above, your assumptions about such things being outside the scope of science is flawed."
1,380,"So what's your point, Bush is as Liberal as the most Liberal Senator in Congress?
"
0,381,"this article conterdicts the clame that crime is not increasing in the UK, it was just that they changed how they were reporting it, when they tightened the gun restrictoins (as when they mandated all guns be in safes).   http://www.portercountysheriff.com/i.../01-05-UCR.pdf   i have never said there is a direct couse and effect of having an armed home, and lower crime. i do point out that in places that alow a home owner to protect there property, there is a lower rate of crime. there is more to it than just being armed, it is just one part of the mind set that your life, and the lives of your famley are worth defending."
0,382,So why are you so afraid of it? If it is bad you will have a choice to go to a private insurance company.
1,383,"Or possibly your Holy Fathe has resorted to XXXXX-bashing. It's all perspective. Frankly, I don't think that the views on this message board will fuel discrimination and hatred of Popes everywhere around the world, so I think they have less to answer for."
1,384,"It's sophomoric remarks like that that hurt the gay cause in America.   God isn't mocked, though. And I doubt the people are either.   And I'm glad California outlawed the sin. The only thing you have left is to hope the far left, spiritually-stunted judges in the US Supreme Court are pro Sodom and Gomorrah."
0,385,"Yes. I would. :) [As long as I can exercise 'critical thinking', along the way w/out personal attacks.]"
1,386,Anything to get around doing things the normative way ... emoticonXDonno
0,387,"Which, we suppose, in your mind releases the sperm donor of any responsibility whatsoever, right?Isn't it interesting that your solution for the abortion issue demands that women deny their sexuality while permitting men to run the gamut of theirs.Does this attitude, of which you are not the only proponent, stem from a hatred or a fear of women?"
0,388,"But you're missing one important fact.
 NONE of those ""reasons"" are required for marriage.
 Absolutely none of them. Any combination of man/woman can marry for whatever reason they want. Even if it's just drunken fun."
0,389,"You lost me there. Try them how and for what?   This bill is a long way from passing. Doesn't seem to have great support beyond the ""plenty"" people you mentioned."
1,390,"Speak of the Devil! And, speaking of hate speech and insults, OS is the ultimate master."
1,391,Really? Let's see you show that the God that you believe in is that God.. and that this God even exists outside the imaginations of the mind?
0,392,"And how exactly do you propose this suggestion actually be enforced? Have you got it all thought out and prepared to defend in a debate, or are you just throwing out what the liberal loonies tell you is a good idea?"
1,393,So in other words your God put you on Earth to stop people from killing so your God could kill them eventually?
0,394,"Well, the question I am asking is for you to provide a valid scientific prediction based on creationism."
0,395,"Wrong again. If she supported bans on all guns then why would she say ""I know the sense of helplessness that people feel. I know the urge to arm yourself because that's what I did. I was trained in firearms. I'd walk to the hospital when my husband was sick. I carried a concealed weapon. I made the determination that if somebody was going to try to take me out, I was going to take them with me.""   Shes Jewish too so shes definitly not on Hitlers side."
1,396,"Yup, I get the drift. You're the sort that is in denial about how he feels about gays; equating tolerance for gays with tolerance for murderers, while pretending you're doing something else. Now I know how you think, thanks!"
1,397,"Equal doesn't mean good, saved, or even enlightened, preppie.
Try getting out of Hell by telling God you're equal with a Billy Graham."
0,398,"So God already knows if a particular person will become an addict? That doesn't leave much free choice for that person, does it? If I go to a restaurant and God already knows I'm going to choose the poached salmon for my entree, then I don't have much choice in the matter, do I? Omniscience and free will are mutually exclusive. If God is omniscient, then we are indeed ultimately robots. Deluded with the perception of free will, but robots none the less.Unless of course, God is so omnipotent that he can know everything and still allow free choice. But then reason, logic, and thought become delusional. Sounds like a loose / loose situation to me."
0,399,"No I'm not Kronus. I haven't made excuses for him or denied what he did. OP said he is a conservative Christian which is a lie and I'm exposing that lie for what it is. Unless she can prove he is anything more than a conservative secular Republican, then he is no more a morally responsible person than an atheistic democrat. To attempt to mark all fundamental christians with the actions of this guy because he's a republican is a truly fallacious argument and a slanderous lie regarding me and all believers. None of this excuses what Vitter himself is responsible for doing. But she is wrong for immorally attempting to paint us all as adulterers because of his sin."
1,400,"It is you XXXXX, that can not comprehend. It is not that abortion has no effects, but that the effects are already included in the calculations. Apparently you think of yourself as a scientist. Thats a sad joke. And you sign as J.P. Sartre, a XXXXX like you? Only in America.:p"
1,401,"Yes, I will mark that on my calendar for future reference.....get help man....really...you need it."
1,402,Not even let white people in? I can imagine why your teacher suggested a reality check.
1,403,How uninteresting must that be for you to intentionally spend time annoying people on the internet?
0,404,"Your right, this is not complete free will. But as I mentioned before, if you give yourself free will, then you are saying God has no control over you or your actions -- and therefore he is not God anymore."
0,405,"Really? Why? Bacteria don't need to see to exist. They don't depend on light to live. In fact, bacteria thrive in dark, moist areas. Why would natural selection determine this ability as being advantageous? If populations of bacteria with the ability to sense light are ""better suited"" than other bacteria, how many different types of light-sensing bacteria are there? "
1,406,Do try to keep up with yourself. People like you are always talking about how we need gun control laws in response to the crimes taking place. But you have absolutely no answer for what to do when said laws are violated.
1,407,"Yawn, again you keep repeating this. You not only refute yourself by providing an example of knowledge of the unknowable, but you gave an example of what is unknowable, by telling me I'd never be able to know you!
"
1,408,"The entire Tree came from the sea!
emoticonXBouncer emoticonXBouncer emoticonXBouncer emoticonXBouncer emoticonXBouncer emoticonXBouncer emoticonXBouncer emoticonXBouncer emoticonXBouncer emoticonXBouncer"
0,409,"I have posted responses to Demon38s earlier post. I have offered DNA findings as evidence to begin with. It is not my evidence, but scientific evidence. That is the only evidence that I will provide in this discussion. I think there is ample evidence to cause scientists to rethink their theories, evidence that they do not want to accept because it puts certain hypothesis they have advanced in a poor light. "
1,410,"How's that coming along, by the way? Because IIRC Jesus said he'd be returning before the generation that saw him died out. And then every century afterwards, his return has been ""just around the corner"".
emoticonXRolleyes"
0,411,"There is no need for prey animals to grow a third or forth eye as a defense mechanism. Binocular vision works. Its balanced and can render 3d positioning in the mind accurately. The lizard that you mentioned is born with a spot sensitive to light which helps the body absorb vitamin d, as humans do due to skin that is light-sensitive to a certain extent. It isn't an eye for defending against predators, and it doesn't need one. As for insects, the fact that they've survived for such a long time goes to show that they have adapted adequately and are doing well. Have you tried sneaking up on a fly lately?"
0,412,They don't have to. The government is exercising violence by threatening people with jail time if they cause injury to somebody else who's attacking them.
1,413,"Why not, after all, if you can't beat 'em, join 'em. emoticonXRolleyes 
Waxy"
1,414,"And were you and your Repub cronies making such complaints then?
Oh wait. That was with Bush.
I can guess the reality of THAT situation... emoticonXIc
"
0,415,"I believe that a system of rights is superior to a system of democracy. The US by the way, was never intended to be a democracy, but a republic - the difference being that in a republic an individual has his rights respected, while in a democracy the will of majority is the law.The ""right to vote"" or ""right to democracy"" is perhaps the greatest offender in the drama of conflicting rights such made up rights create, because where the will of the majority is law, no other rights can possibly exist."
1,416,"Being' immune' and being 'less prone' do not mean the same thing.
I doubt that you will become the poet laureate of Dallas if you do not understand words sweetplums.
You are an old camp fruit and a snivelling bigot .
Are we talking daddies? What does an old fruit like you know of daddies?
I bet he's sure proud of you.emoticonXChicken
I wouldnt be proud of having a mincing bigot for a son..must have set his sights low.
Do white men still leave a bad taste in your boyfriends mouth sweetplums?
You are not married .."
1,417,"Actually, it is quite apparent that you do not. For one glaring example, below you incorrectly state that a dinosaur fossil has been dated by C-14. Another example of you lack of understanding of the topic is your failure to understand why very old fossils are found on the surface and the principles of dating from geologic strata."
0,418,"We need to have far better prenatal and obstetrical care for all women in the world. All truly caring human beings would endorse such care for women, as well as access to contraceptive education and access to reliable contraception to prevent such horrible consequences from pregnancy."
1,419,"emoticonXBanghead 
Sez-you...
emoticonXRolleyes 
And I thought you didn't know what you were talking about"
1,420,"Oh it applies, but if we were to look at the Bible that way, God wouldn't allow one single bad thing to happen."
1,421,"You also need to borrow a new insult. Did you get that one from Crim?
"
0,422,Just because a man pays support doesn't mean he is part of the childs life.He has no obligation to do *fatherly* things with his child.Women pay child support BTW.
0,423,"Actually, your argument makes no sense. It's not the pesticides used on the tobacco crop that makes it harmful, it's the chemicals they add to the tobacco to make the smoke more palatable. Your whole point here is moot."
1,424,WOW and the republicans would never do anything like that now would they.......They would never impeach a president over a BJ now would they?
1,425,It appears the safety Nazis feel gun free zones should be ran like prisons. Maybe the safety Nazis should take a field trip to their states prison system and ask the guards if guns or any other weapons ever make it into the prisons. Prisons are considered gun and drug free zones. If this was true then how can an inmate get shot by a gun in prison?
1,426,At least you are aware of your own mental deficiencies.
0,427,"Well stated. Whatever the reason, the new culture of ridicule IS there. When you see the in person comments of Dawkins, Provine, Myers, you'll know where posters here get it from.   I hope you'll watch the movie, and post up what you think."
1,428,"Tell that to a 17 year old kid!! Haven't you ever been a 17 yera old horny ****** befor?
Wait I forgot who I was talking to,.. more than likely not."
1,429,"you told me in an earlier post that the mother should die, even if they predict the fetus will kill the mother. your bible states otherwise."
1,430,Only if you include the fact that while cleaning up the water he is beating the pipe with a hammer.
1,431,I think he is just disturbed because he didn't get his 40 acres and mule?
0,432,"And the mall plainly had ""no guns allowed"" signs displayed at all the entrances, meaning the shooter broke the law when he brought his gun in and started shooting.   Now, find me a school massacre that took place where concealed carry is actually legal on campus."
0,433,I believe the large majority of such deaths occur among inner city kids who don't know anything about guns except for what they see on TV and movies.
0,434,"True, but the one after this one will be. I think many sane people see the writing on the wall which shows this health care bill only gives you the costs of the current US system with the defects of a universal system. I'm not much for conspiracy theories but if I were I'd think the government was purposely driving health care off a cliff to get universal care in place. "
0,435,Well do you mean Texas or Texans? Because Texas holds the record for execusions in the US. Not something I'd be proud of.
0,436,"So have I, since I know that evolution has and does take place. But I catch it from both sides because I don't believe the scientific explanation of the origins of life or the beginning of intelligent awareness."
1,437,"Exactly my point! After four pages he finally gets it! Give him a hand! There's a brain in that head after all! But my point is, that unless you do disagree with the stats, your argument is irrelevant. 
[QUOTE]What I have been saying for the last three pages is that your question is idiotic, as you're comparing things which are completely different in function. They are not analogous.
"
1,438,"NEWS FLASH
Being Catholic and following Christ's teachings are not one in the same. 
"
1,439,"Of course not. But if you know that the ritz cracker will eventually grow up to look like you and me, I wouldnt eat it. 
"
0,440,"Well then quit trolling, and start debunking the BS by providing links to cases that were solved by having a gun registry in place."
0,441," but that's not the addition of new information  that's deletion of old information  which supports the creationist theory that all creatures were perfect until the fall!\"""" The important point is that it completely crushes one of the \strongest\"" biological arguments they use against evolution.Also  it is a single gene that produces 24 different isoforms  in mammals  but not in lower vertebrates.So it has gone from an indeterminate (based on my quick searches) number of fewer isoforms in lower vertebrates to the 24 found in mammals. That's an increase in information."" "
0,442,"""The Civil War was fought to establish the principle that each person owns his own body - a principle that the pro-life crowd is trying to destroy.""   Each owns his own body? Are you talking about the woman or the child in the womb?"
1,443,"[quote=zsu2357;361600]   Now, now ZSU, we learned from comrade star gazer that GW created the Continental Army. I am sure these gentlemen have some equally illogical and inaccurate 'facts' to scatter around the barnyard"
1,444,"I guess we all missed your point Justine, whatever it might have been. emoticonXConfused Better luck next time. emoticonXGood"
1,445,"Selective reading huh? Well, there is none so blind as he who will not see."
0,446,"You have this habit of making sweeping claims with little to no substantiation.And even if we were to completely ignore LeVay altogether, there is MOUNDS of other evidence showing a genetic cause.Like I keep pointing out, but nobody on your side of the fence seems to realize, NARTH's OWN CITED REFERENCES say there is a genetic cause!"
0,447,"Like blacks once were? Wasn't that the main thrust of the 14th amendment and incorporation? Given incorporation, imagine the suits those acts of discrimination would bring emoticonXGood "
0,448,Why are you dishonest enough to claim that you aren't trying to get YEC into the schools.
1,449,"As usual, you shoot from the lip. I have no illusion of perfection, However I am convinced that as long as you live I will never be the dumbest man on earth. 
"
0,450,Matt and I go way back. We've been oil and water for years.
1,451,It is me I am celebrating I have been singing the munchkin song for the last day and a half.
1,452,"Yet, you want interference by forcing the schools to teach religion in science class.
How ironic."
0,453,That's why the Second Amendment protects the private ownership of arms like the .50 BMG and other such powerful weapons.
1,454,.. I pointed it out in capitals in the hope that it may help you understand the point...did it work? Who knows
1,455,"I'll let you know if or when I'm ignoring you, O Hell-bound spawn of Satan."
1,456,"Why you quoted me is questionable. What I posted was merely a series of mathematical equations proving that Hovind is completely full of ****. How you consider mathematical equations ""mockery"" I don't know, but more likely, you did not bother to watch the video. Instead, in your normal fashion, you simply ASSUMED what you wanted to believe and then went from there rather then actually looking at what it was and what it had to say.   Your post more accurately is towards the link that AA posted in defense of his beliefs (yet failed to realize was satirizing those beliefs). Furthermore, I'm not an atheist even though your poor definition wants me to be."
1,457,"Tell you what-get your math and science skills up to a grade 6 level and I'll consider taking advice from you, 'kay?
"
1,458,"Yeah, but it's the NYTimes. And it's an editorial. Two things that, together, make a pungent recipe for a nice dish of bias."
1,459,"Hoooahhhh! The smartest man in the world lives in a failed State and doesn't have the sense to realize it emoticonXGood
Saving California - Michael Reagan - Townhall Conservative
"
0,460,"The curriculum is legal outside the public school system, and used in private schools. (I left a couple of sample links on the other board.) So do you see those private schools as engaged in child abuse?"
1,461,Oh - so you don't want to force me through pregnancy at any cost to me? You will let me make what decision is best for me? You will actually realize that I am in the best position to know?
0,462,"Acutally global warming causes it to be hotter in the summer and colder in the winter, which is bad for any living thing."
0,463,"When someone lacks the ability to understand and the ganas to try, then it doesn't make sense. However, if you understood any of it, it would be different. After all, you repeat over and over again how you don't understand."
1,464,"Whew, and I thought he had speed and spread copyrighted on this forum. Lets see if you can defend those arguments, one at a time. I used to debate in the same way, but I have since learned.
Would you like me to use similar tactics? I am prepared to nuke you with speed and spread."
0,465,"And what does it matter if they're in the army reserve, or a lawyer, a teacher, a doctor?"
1,466,"Child alert. Child alert. 
For a 15 year old, I think you need to go back to kindergarten. You are condemning and non-argumentative. I disagree with Silent Poet on most things. However, Poet has been very logical and a staunch advocate of providing evidence to back up claims. As am I.
I am christian and against abortion. You however, are non topical, non argumentative in that you attack with Ad Hominem arguments and no substance. Grow up a bit before you attempt to post on forums such as this. The occasional outburst is one thing, but to attack people with nothing but fluff etc only hurts the pro life position, it does not help it."
1,467,"Numbers don't lie, unless they come out of the mouth of a Politican."
1,468,Interesting that you would make such a judgement when you are guilty of the same. Or do you need to reread Matthew 7 ?
0,469,"Yes. I believe it's a matter of personal individual freedom.   If purchased legally, and not used to commit a crime, what harm comes from handgun ownership? I don't own one, but I own many other guns. If they can ban handguns, what's to stop them from banning shotguns, or even BB guns?   I don't believe in a nanny state, taking away my toys ""for my own good"".   Waxy"
0,470,Apparently you thought I was claiming that pro-lifers thought that the baby's life was more valuable than the mother's life. So I clarified:
0,471,"But if you actually take time to read the study that is posted on that website it appears that the claims of the NSPOF are doubtful, inconsistent with other studies, and likely biased in favor of people answering that they had used a gun to defend themselves. "
0,472,But isn't that the problem? This creationist decided that science should be limited to his religion. He's afraid of flying.
1,473,No I can't marry them becasue some of them are married. Also none have intent to li ve within Mass.
0,474,Could you please cite where you are getting this biological definition of evolution?
0,475,"Because she, like every other political figurehead, thinks it's alright for her to carry a gun, but not anybody else.   If she DIDN'T support a ban on all firearms, then why did she say ""If I could have gotten 51 votes in the Senate of the United States for an outright ban, picking up every one of them -- Mr. and Mrs. America, turn them all in -- I would have done it."""
1,476,Of course you don't. It's the natural humanistic way of thinking.
0,477,"They have changed. For example, ancient examples of coelacanth were shallow water species, while the modern coelacanth is a deep marine species (actually, two or three species). And the differences are enough to put them in different families.By the way, ark guy, what do you know about taxonomy?"
0,478,"Actually Electro, do you remember this thread?   Evidence for a flood? Oddly enough it took 20 pages before one of them even tried to argue against the reasons why the flood did not occur."
1,479,"Now that is funny, the marie troll not knowing its a troll."
1,480,So you are not an American? You believe that your religion should be forced on everyone by the government? Is it OK if I am allowed to teach your children my religion?
1,481,"I know this may seem obvious to most people, but it seems to have escaped the notice of creationists. Birds are tetrapods, as are amphibians, reptiles, and mammals. Birds didn't just grow wings. Wings are adaptions of the front limbs that were covered with feathers. Perhaps you are unaware of the evidence that indicates that maniraptors had feathers, probably for thermoregulation. Saying that there is no mechanism for birds to grow wings when they previously had none is like saying that there is no mechanism for mankind to grow arms when he previously had none. You see, mankind's closest relatives are the two species of chimpanzee - they are quadrupeds."
1,482,"What part did your real daddy play in it? Will he be on the island, too?
This is a good example of a scant level of maturity. Your simple out for various arguments is to play the idiot/XXXXX card.
More and more each day I see you as a complete waste of oxygen."
1,483,"There were no contradictory accounts on that, just descriptions on a linear timeline. I suppose you see ghosts around every corner too.
Are you a 9/11 Truther too?"
1,484,The horsehoe bend was cretaed by the flood in the image of the immaculate horseshoe. repent heathen!
0,485,"And we know this how? You complain about the 90% figure being erroneous and then make an unsupported statement like this?Furthermore, if Mexico is making an earnest attempt to smash the cartels and we're financing it in part, wouldn't we want to help reduce the weapons traffic flowing south into the cartel's arsenals?"
0,486,"I think this is a bad way to put it...the evidence that they earth has been warming since we have had the ability to measure temperature is overwhelming...the cause is unknown and whether or not it is natural is unknown. It does seem fairly narasistic to think in 100 years we have caused so much damage to an earth that at least has been here 10,000 years."
0,487,"This statement is wrong. People from hundreds of years before Jesus was born prophesied that a baby would be born, in Bethlehem, of a virgin. There were over 50 more prophesies that were made about his life, and the sacrafice he made to pay for the sins of man, and the bigest one of all...He completely fufilled scripture when he rose from the dead. These men were inspired by Jesus, God, how can you argue that he is not the christ? The odds of one man filling all the prophesies is impossible. And these scriptures have been unchanged for the past 2000-2500 approx years! Thats proof for me that Jesus existed and that he is God. PM me if you like."
0,488,"This is obviously incorrect since Earth and Mars are were created only 6,000 years ago. And how did they know that Mars would be so close this year?I have other questions too. How do they know that Pluto has a 249 year orbit of the sun since it wasn't discovered until 1930. No one has seen it orbit the sun yet. How did they know that it would actually come closer to the sun than Neptune in 1979 and move forther away again in 1999? They told me that when I was young. But no one had ever seen it. It was just speculation - a scientific theory, right?? ;) :p"
1,489,"Hang in here everyone, Bassman's been reading ""_____""'s posts over and over and they've got him talking about the ""American Holocaust""! emoticonXBanghead 
Until you have been in my exact situation, I wouldn't expect someone like you to understand. I really don't give a emoticonXCensored if you think it is selfish or not - it is not for you to judge."
1,490,"I'm not crying. Maybe if you actually paid attention to posts I made, you would know I am not religious. Also, if you actually read the entirity of the post you quote, you would know it's not just about comments about religious people either."
0,491,"jessica, all these problems you've listed, the human body takes care of automatically and remarkably well. the fact still remains that only less than 5% of all abortions occur because the risk is great enough to be deemed life-threatening to either tha mother or the child. and that percentage is diminishing as well. the overwhelming majority of abortions occur simply because the woman decides she does not wnat to be a mother."
0,492,"Cornell's writings consistently place him within the collective right camp. Even the arguments that are attributed to him which start this thread show his collective right desire.   His claim to neutrality in the individual/collective right debate is as disingenuous as his interpretations of the SCOTUS opinions in both Miller and Cruikshank:   Greatest Threat to Second Amendment?   Greatest Threat to Second Amendment?   Whether ?neutral? or not, Cornell has proven himself capable of distorting SCOTUS opinions when he does not find that they suit his collective right tastes."
0,493,"Every relationship does entail moral obligations in one way or another, but the argument is that there is no relationship that morally obligates one to share ones body. They are trying to generalize 'moral obligations' as if that justifies anything. There are things that cannot be morally obligated, no matter the relationship, so the argument tries to prove."
1,494,As usual I see youre going to weasel out of replying to my latest post by changing the subject. Typical monty. I should have known by now not to waste my time.
0,495,"The Brady Campaign whines more than they act. Making handguns legal in Chicago wouldn't make them happy. Sending the national guard in wouldn't make them happy. They don't have a solution for the problem, but they're right there to whine about it.   They're just like the Federal Government; they find something simple and complicate it."
1,496,"Absolutely, and I am suggesting we first attack Sweden. That's my plan. emoticonXBanghead emoticonXBanghead"
0,497,"Well, your parents' parents also had parents who had parents who had parents which all streams back down to 2 people who God created...adam and eve. so ultimately your life is a gift from God because the whole human race was created by Him."
1,498,I'm not going to waste my time on someone lining up to be a perennial pit dweller.
1,499,"Says the one who calls everyone who disagrees with him about politics a ""Bush hater"" and then cowardly runs away. emoticonXRolleyes"
0,500,"Way back when I was an undergraduate my professor of evolutionary biology told us about a careless zoo keeper that put polar bears and brown bears in the same pen during a remodeling. The result was a litter of hybrid offspring. It seems that polar bears and brown bears are perfectly interfertile. Not only that, it has been shown that the offspring are also interfertile with either species. DNA analysis has been able to distinguish brown bears from polar bears except in the case of the brown bears of the ABC islands. They are indistinguishable from polar bears.And yet, even if a brown bear where white or a polar bear were brown, they are so obviously different in morphology that they would be classified as separate species. The differences go far beyond color."
0,501,"There is a point, however, that the fetal lung is not mature enough to survive outside the womb even with mechanical assistance. So, unless our technology will be pretty radically different in the future, it isn't about getting it out, it's about it not surviving when it is out."
0,502,It's not a literal account unless you interpret it that way.
0,503,"Because they couldn't own models like the AR-15 or AK-47? Last I checked those were banned in Chicago and much of Illinois, limiting people to mainly deer rifles."
1,504,"Good. You're finally catching on ;-)
Likes ""folly""?? It's practically one of his children."
1,505,"Orion, by your own acknowledgment as a pro-evolutionary carny-barker, your own forefathers were large-foreheaded knuckle draggers descended from brainless protozoa, and flat-earth-believing cave dwellers from the pre-bronze age. So please spare us the archaic, Bronze Age prohibitions. OK?"
1,506,"Do you think that being allowed to marry your favorite sheep would undermine the institution of marriage? How about the ability to marry multiple partners? Or do you think that nothing is capable of undermining the institution of marriage? Just trying to gauge your level of sincerity. And sanity.
"
1,507,Nonsense. Just look at all the great things that the Dark Ages did for Europe!
1,508,"And if there's one thing I can count on, it's your insistence that we can assume guilt and should make a public spectacle of the matter before even investigating any matter. 
"
1,509,"You've said this on other forums as well: you don't have $10,000. You're only making a fool of yourself."
0,510,"Yes. It is about visual field and acuity.   That is the kind, not degree. Chimps are not a higher animal. They are different."
0,511,"Oh, he doesn't want abortion, huh? If you take the Old Testament to be true, you just lied here.   Let's look, shall we?"
0,512,"Hi Joe, welcome to the forum. I must warn you though that you have argued so perfectly and similarly all of the points I just argued on another thread about abortion, that some people around here might just accuse you of being me with a new handle. No problem though, I hope you have better luck than I did. emoticonXSmilie"
0,513,"No it doesn't. That's why Darwin objected to the use of that phrase in reference to his theory. Those who don't bother to learn the theory tend to misunderstand. Fittness is not a reference to big and strong. It makes it too easy to misrepresent evolutionary theory.I'll state it again since you seem to have missed or ignored it the first time. Natural selection is differential reproductive success. Those organisms that are well adapted to their environment tend to survive to reproduce in greater numbers, and therefore they tend to leave more offspring, than those organisms that are less well adapted.You've got to be a pretty shallow thinker to equate an environmental advantage with big and strong."
0,514,"Hello, please read http://www.reasons.org/resources/apo...ing.shtml?mainIt is a good christian site that explains that there are lots of problems with Dr Russell Humphreys' hypothesis.The universe and Earth are very old. We know this as a fact. Why would God lie to us? If the Universe looks old, then it is. To claim otherwise is to call God a liar."
1,515,"Is this another attempt of yours to paint all that believe in smaller, less-intrusive government as loonies? Very transparent, sorry. :("
0,516,You know what is far worse than murder itself? Executing people to save some money.
0,517,Pretty much every experiment ever carried out in a petri-dish; take your pick Also the revisited peppered moth experiment I linked to earlier.
1,518,"I could have labeled my post ""TRAP"" and you wouldn't notice. Tell me, are these two contradictory:
"
1,519,But you still feel they have the right idea when it comes to firearms?
0,520,"No, thats not right. Evolution only deals with the diversification of life, not its origins, and most certainly not the origin of the universe.As typically defined, evolution is descent with modification -- or in equivalent population genetics terms -- change in allele frequency in a population over time."
1,521,Oh thats not politically kerect and secially wif the chosen one doing the world apology toure I don't see that going down.   Well lay a few on us sin baby. Give us the deal.
1,522,"Perhaps I worded that wrongly. My apologies.
emoticonXDonno 
Once again my argument is ousted. You people are too smart.
I think I'll stick to the Fun Debates for now."
1,523,Are you jealous because they won't let you out of the institution while gansao get's to run all over the place?
1,524,It wasn't meant as an insult...just a statement of fact. I likely have as many or more inadequacies than do you.
0,525,"Here's a picture of ithttp://www.toyen.uio.no/palmus/galle...re/161_632.jpgThe specimens have been dated between 120 & 140 my. If at the upper end of that range that puts it very close to the age of Archaeopteryx (140 to 170 my).But contrary to what creationists like to claim, this isn't a problem. There is no claim that Archaeopteryx is ancestral to Confuciusornis. If you look at birds now you will see lots of different species. They have a common ancestor but are not descended from one another. Archaeopteryx is just the oldest example of a bird that we have, and considering the distance between the sites where the fossils were found, and possibly several million years in time, I would expect them to be different."
1,526,...or we could feed the criminals to the dinosaurs!...save the cows for meatloaf.
0,527,"No I shouldn't be fighting against abiogenesis, I'm for unrestricted freedom to explore it all!"
0,528,"Well either way he didn't answer the question. I saw the video. I saw and heard his responce. He can't squirm his way out of the fact that he didn't know the answer. 
 The internet site also quotes:"
1,529,"Did you even read ythe OP? Did you even read the title? 
Pointless distinction? Huh. 
I understand what you are saying. I also know you are changing your argument. When it was proven that Sanford did indeed run on family values, you changed your argument. Instead of just owning up and admitting that, you weasel out of it. 
"
1,530,"Ah so you forfeit! YEAH, yea have little faith. Make me understand. Answer my valid questions! Or run and pray, but you'd be better off reading a Physics textbookemoticonXKill"
0,531,If the fetus is human is not relevant? So if everyone says it is human then it still doesn't have a right to live then huh? Do you really support the killing of an innocent life for whatever reason? Do you really think placing one human over another is good (in this case women is more important then baby)?
0,532,"Do you see cops driving down the road, going over the speed limit, turning on their lights during rush hour to get to their exit which is just a little ways ahead and then turn their lights off after they exit the highway. People who enforce the law think that they are better than the law, and don't have follow the law, even if they enforce the law, or make them, i personally think that is Bull****!!!"
0,533,"How elegant. Yes science is the way to understanding the physical world, and faith is the manifestation of our spiritual selves. But when you say this among sci-only people, it is immediately misconstrued. Most sci people won't even read that sentence objectively. Say the word ""spirit"" and suddenly you are changed into a fundamentalist, inbred, uneducated, dimwit who wouldn't know Planck's constant if it hit you in the head.Life is much more than a series of reactions. It is cool that we are able to reduce it down so much. The benefits of science are vast. But there just seems that there is more than meets the eye. I'm curious."
1,534,"So let me make sure I have it right, in order to be a family-man/Catholic, I must be anti-abortion and against the rights of homosexuals. Is this what makes a good family-man/Catholic; denying the rights of those who are different from what is considered by some to be ""normal"", and telling others what to do with their body?"
0,535,"What if the surgery for transferring the embryo/fetus would be equal in difficulty, risk, etc. to having an abortion? There would then be no extra physical cost incurred in keeping the embryo/fetus alive. What would be the reasons, in such a case, to keep abortion as an option?"
0,536,"Ouch jyoshu...you are hitting them outta the park today.
 
 Exactly, it sounds nice but it certainly isn't the only moral rule and it certainly doesn't mean one follows it. I'd say selfishness is probably the underlying value in many cases."
1,537,"Hermeneutics: A three dollar word not worth a plugged nickle.
Shake the hermeneutics tree and liberal Christians fall out. It is--to me anyway--the last bastion, the final trench between stubborn faith and a free mind. 
Here's the recipe for practicing hermeneutics (a fanciful word for interpretation): 
Put in pan, sprinkle heavily with liberal interpretation, flip 180 degrees once, and serve immediately before anyone knows what they're being fed. 
"
1,538,You mean other than the fact that Mr. Pocketwatch and Mrs. Pocketwatch don't meet up for a night of whoopee and end up with little baby pocketwatches some time later? How about: I know that humans manufacture pocketwatches.
0,539,"Why is it when Creo's don't believe something, Evo's always think because they have studies or what have you that we Creo's have to accept it as proof. I mean you don't accept anything as proof from Creo's. If Creo's did some carbon testing and did it accurately and got some anomaly's, you'd still reject it. I didn't lie not even by ignorance. I just don't believe it's true, but I take it I'm not allowed my beliefs . What fact has disproved my worldview, my worldview is intact as it ever has been?"
1,540,"Do your own homework, Orion.
And get Jesus before you get stiff on us."
0,541,"You don't have too. I mean, someone using a b'hai web site is defending the church with the sources they use.   Of course, I love watching EZ prove the point by arguing against it"
1,542,"well Steeeeve;I just hope if I happen to be in one of those""GUN FREE ZONES""
and one of your ""deranged lunatics""comes in blasting away that I happen to be 
close to someone carrying in spite of their stupid little ""no firearms allowed""sign.
emoticonXBanghead"
1,543,"What case? You don't have a case, or a leg to stand on! emoticonXRolleyes"
0,544,"You're debating something that is no longer an option. You're arguing on the grounds of debunked precedent, as if the previous interpretations of the Second Amendment are somehow still viable. Well they aren't anymore, arguing old standing is no longer going to be an option for you or anyone else. All of your previous arguments have been eliminated from the equation. It's time to either evolve to meet the changing landscape, or go extinct like the dinosaurs."
0,545,"No, genesis is not a history lesson. It is a combination of 'just so' stories, and a religious message in allegory format. If you bothered to learn understand some of the hebrew puns behind many of the words, and also see the political commentary of events that were happening during the time it was written, that would be obvious."
1,546,"Want to know how to make a gay sex liberal mad and whine? Tell him the truth.
Then they get their knickers in a wad and whine for the politically correct policeman.
p.s. Unless Mother Theresa repented she will not have gone to heaven either."
1,547,"You know what I meant... it was an expression. But I really don't need to know if your mouth was open or not, way too much information.
"
1,548,"The point that seemingly escapes you is that not even in the most wonderful country on the planet in all of human history has free speech been considered an absolute right that nothing can limit in any way.
Thank you for comprehending. Not."
0,549,"The poster claimed no direct evidence for evolution had been observed. Just plain wrong.
 
 I gave you a ""new"" body part. A tail that can grasp."
0,550,Well if their reasoning hasn't sunk in by now   Anyways I'm pro-choice and pro-death penalty. I do believe in individual responsibility which is why I'm pro-choice for males as well.   What's your argument?
1,551,So now those that are opposed to even more laws on the books and a return to Old Testament practices are considered left wing? What's this world coming too? LOL
1,552,"so you are into pommy bashing now? mae honey, is there anybody you don't like? emoticonXRolleyes"
1,553,"I'd be pretty dumb to buy something from someone who doesn't even believe in what they're selling. Those teachers may teach it, but they don't believe in it."
0,554,"Actually, I reported the real results of a study. Regular church attendees are twice as likely to vote Republican...etc., the conclusion was, however, meant to be a joke. Most got it, you didn't. emoticonXRolleyes"
0,555,Well he has further political aspirations..........The 9th circuit in Sodom (SF) is always making law instead of interpreting it........That is why they are over ruled so often.......
0,556,"I'm sorry, but your entire rant is nothing but ignorance based fear mongering. From YOUR ARTICLE:"
0,557,When was the last mass murder at a UK university then?
1,558,"But, but, I am a guy. And a hunky one at that.*
*filthy lie"
1,559,Sounds like my 9mil. is more secure under my bed in hands reach.
1,560,"So who do you hold responsible for forcing people to stay at the convention center to die? Lemme guess.
Should they be held criminally negligent? 
I'm sure the ""bipartisan"" commission will find out who is responsible and hold them accountable."
0,561,The majority of criminals don't want to deal with trouble. Most aren't looking for a shootout where there's a risk of them getting shot at and most don't even want to shoot period. Most are just looking for the free stuff they can get or in cases of rape they're definately not looking to fight an armed victim. It has been shown that criminals are less likely to break into a house whose owner has a gun.
1,562,"Yes, letting her get an abortion will teach her that unprotected sex at 13 is okay, because she can always go through a dangerous and invasive medical procedure.
In fact, I bet that if she gets that abortion, she's be spreading her legs before the bleeding even fully stops!"
0,563,By your own admission you havent 'hung out' with stoners for a while and you're making generalisations about them to people who do spend a lot of time with stoners?
0,564,"Yes. But if you rephrased the question as ""Does evil exist independent of an observer with a cohesive values system?"", I'd say ""no"". That an event is regarded as evil requires a values system, but not necessarily theism."
0,565,"I think that's a good question. I also wonder how long the medical establishment has had this rule? Since there must be some long-standing procedures in executions in the United States that require, by law, a doctor's supervision."
0,566,"This is not true. Rather, when there is conflict between one's sanctity of life vs another's quality of life, the sanctity of life must win."
0,567,"But you need proof to back up a explantion. If you didn't, all you'd have a creationism. Explanations without any support."
0,568,"I think that the bad guys will be happy if any gun control law goes into effect, because then there will be less chance of the victum having a weapon for their defense, and the crime rate will rise!!!!!!!!!!!!!!!!!!!!!!"
0,569,"Again, it's not just 'evidence' but 'evidence constructed into a workable theory'."
0,570,"And, what percentage is that? How was the poll conducted? Who conducted it? How was the determination made about who was a 'scientist'?"
1,571,"What's your evidence that the Gospel prophecies are ""spurious claims""? Seems like you've bought into a scalding case of rational tunnel-vision (or political correctness, if you prefer)."
0,572,I'll assume this is figurative since they do not literally melt.
0,573,"Even Darwin objected to the use of the phrase ""survival of the fittest"" in refering to his theories. He never used the phrase before the 4th edition of ""Origin"" and then he never used it without also making a reference to natural selection."
0,574,"So-called ""Partial Birth"" Abortions are so rare as to be negligible. This ban was just a small step onto taking away a woman's right to choice.If it were a ""born baby"" then they wouldn't have to perform the abortion. It would be able to survive in a respirator.There you go again misusing a legal term.You are the sick one for using emotional arguements and ignoring the facts."
1,575,Who but a creationist would ever make such a laughable claim?
0,576,So you subscribe to the inaccurate idea that Irish people are part of a different group to the English people? Genetics indicate that the UK is made up of a fairly homogenous group of people stretching back for thousands of years....
0,577,"I think what Steeeve is noting is that one of the central tenets of Catholicism is ecclesiastical authority. This isn't like disagreeing on the color of the choir robes. If you don't recognize the authority of the Pope, then basically you aren't really Catholic."
1,578,"Because of massive cultural differences. You might as well be asking ""if both Americans and British people speak basic english, why do British people refer to apartments as flats?"""
1,579,"I already have, hence the explanation I provided. If you challenge me to show you an error then I will. Did you expect me to try and show something that was true and see if I could convince you it wasn't? 
When you post your evidence it usually has holes in it, not always but the truth is funny that way. It is very difficult sometimes to cover it up.
And stay away from those shrimp, eagles, gays and snowmen
They are all abominations."
1,580,"I don't know about you..but being shot in the back is more human than being taken apart piece by piece. If I recall correctly, Chinese inmates sentenced to death are executed this way to minimize the pain."
0,581,"The fact that some scientists totally dismiss god is proof of there ignorance of scientific method. There is growing evidence to support the existence of a supreme being, and a lot of scientists are ignorant of this fact, yet they accept theories from the quantum level wich are not proven beyond the proof of the existence of god. Mayabe your mind isnt as closed as others I have spoke with on this subject. I do believe in scientific method, but I also have faith that god is out there."
0,582,"Almost?
 Usually, that is true, and it involves selection between populations. However, there are often times when some of a population is better able to survive. Those times, selection occurs within a population."
1,583,"<snip>
If Mexico gun laws were rated by the brady bunch or VPC they would get an A+."
0,584,"I'm afraid you're wrong, as I created you in my universe, and implanted in you a belief that you were a god. It lead you to make statements about the truth of your own beliefs, which I'm afraid are just self-beliefs with no real evidence.   Sorry."
0,585,"I am so sorry to hear about what has happened to you. I hope you get away from this terrible man and surround yourself with people who love you.I must ask, though, why are you a Christian? You completely disagree with typical Christian sentiments on abortion, you feel none of the purported guilt the religious movement implies is inevitable, you feel like you did the right thing, so why would you continue to profess to belong to this religion if you disagree with one of the major issues of the day?"
1,586,"Why would I want lies , deceptions and superstition? I mean, if believing in Jesus makes people act like you, NO THANKS"
0,587,"Exactly. Trying to prove that God, if he exists, didn't make us as good as an all powerful being should have made us doesn't prove anything in the God debate. I could always debate that since God is all powerful and all knowing he could have always thought of something better to do. If he made those changes, then of course there would still be something better he could have thought of. This would be an endless loop of creating something better and better until finally he would have to stop and say that is good enough. But even then this debate that he didn't make us as good as he could have would be valid in my view."
0,588,"You mean Intelligent Design, and straight forward logical, rational, common sense arguments that require reason to move to the next step, instead of ideological consensus... huh? go figure... Proponents of ID usually don't argue religiosity or scripture, they let the empirical evidence prove it, funny... that is what true science has always done. Verify the obvious, not ignore it in favor of some mindless postulations [oddly] convenient to how someone wants to live their life; amazing how that works out..."
0,589,Tell this to those infants and adults in the netherlands who are being euthanized against their will. this is a logical conclusion of a quality of life ethic without a sanctity of life basis.
1,590,"You are aware that words have more than one meaning, right? And that every definition isn't appropriate in every situation? The definition, from dictionary.com, that you should have used is:
To infer or estimate by extending or projecting known information."
1,591,"I take your point.
But bloody hell, I couldn't handle a baby at the moment! Does that mean I'm psychologically unready?
...probably, but oh well...
"
0,592,"but it is what section 32 of Indiana constitution Section 32. Arms--Right to bear. The people shall have a right to bear arms, for the defense of themselves and the State."
1,593,So your biased reading of the Bible coupled with your personal flaws and your misunderstanding of science is the basis of your religiosity? Somehow I don't think that's something you'd really want to brag about...
0,594,"The Word of God says otherwise. Romans 1:25-27 - They exchanged the truth of God for a lie, and worshiped and served created things rather than the Creatorwho is forever praised... Because of this, God gave them over to shameful lusts. Even their women exchanged natural relations for unnatural ones. In the same way the men also abandoned natural relations with women and were inflamed with lust for one another. Men committed indecent acts with other men, and received in themselves the due penalty for their perversion. You've rewritten Biblical Christianity. 2 Timothy 4:3-4 (New International Version) - For the time will come when they will not put up with sound doctrine. Instead, to suit their own desires, they will gather around them a great number of teachers to say what their itching ears want to hear."
1,595,"See, this is the same logic used by the slaver owners. If one believes slavery is wrong then what right does he have to impose that on someone else?"
0,596,"How is that a affect of deterrence? Deterrence works by preventing people through the fear of consequences. A dead man has no fears. Furman Vs. Georgia, where the supreme court specifically noted that there is not a single piece of conclusive evidence that the penalty is a effective deterrent."
1,597,You could probably use it since in all likelihood you know absolutely nothing about it.
0,598,oh sure there is. you would just have a lot of angry off people though.
0,599,"Again, what evidence? anthropic principle doesn't have anything to do with creation. Puntucated Equlibrium anyone? How is symbiotic relations beteween plants and insects sign of creation?What are you talking about? A dog can't have a cat. That's retarded. What facts are you talking abot? "
0,600,"Last time I checked, it was a debate about religion and evolution co-existing. Not a debate about Creationism vs. ""science"" and ""reality""."
1,601,So conservatives can give shout their brand of lies as the truth but a liberal who calls them on it isn't being tolerant?
0,602,"I take it you have no understanding of science, much less the scientific method?"
1,603,Well speed is homegrown and the profits stay within the US. Then there is the productivity benifits of having a jacked up population that never sleeps and can do manual tedious labor for days on end
0,604,"The memo is real, nobody has ever been able to disprove it. Handgun Control Inc. (the people who later became the Brady Campaign) have claimed that the memo is a hoax and that what was released has never been their official position. However them simply stating this, is no different than Obama making a statement on national news, and then several months later saying ""I never said that"" and trying to reverse his position.Until it can be proven beyond doubt as being untrue and simple propaganda, the memo is real and explains in detail exactly what the gun control groups are after."
1,605,"You don't want anyone saying gay people are whacked, but you will make it your business to insult someones religion?! You are a hypocrite!! You say,""Don't judge gays!"" But you are judging people by their religon?! I thought you were more mature then that. Hey you live ad learn.emoticonXRolleyes"
0,606,"You JUST said they get health care in the hospital! Read your post, where's there NO healthcare. And it IS based on the ability to pay...you just want me to pay for someone else's and in the most inefficient way possible."
1,607,"Yeah, but now the special interests won't have access to congress' deep pockets emoticonXRolleyes (hopefully)"
1,608,"come on, everyone knows that uzi's are used for hunting and target practice!   [btw- if you were shooting for french it's ""libert"" but who cares]"
1,609,"I've seen the woman speak, have some of her books, funny, I did not in the least get the impression that the woman was bitter.
She looked pretty happy and assured to me. Besides, she had the classiest designer clothes I had ever seen."
1,610,"Oh, Mrwriterman made a funny. I guess not all gays are humorless. :) 
"
1,611,"Good. But seeing how this was proposed over a century and a half ago by Darwin, what took the creationists so long to catch up?"
0,612,"That is not a law to respect, the civil right in the Second Amendment IS!It is unconstitutional to require a license for a right freely given in the Constitution. - Murdoch vs. Pennsylvania plus about 8 more such rulings.You just don't like the BOR brady, that is the Supreme Law of the Land."
0,613,"What laws are these that you speak of? Kindly provide the bill name and number so you have some actual proof and aren't simply parroting from the fear-mongering Brady Campaign and Violence Policy Center.During World War II the American people rounded up Japanese-Americans and herded them into concentration camps because you were at war with the people of Japan and thought that they were the sleeping enemy even though they had no proof. What you're speaking of is no different than this.The way I see it Brady, your hatred for guns and gun owners is so overwhelming and logic defying, that you'd be perfectly alright with unleashing a life-ending pandemic plague on the people of earth if you believed it would put an end to all gun owners everywhere."
0,614,"No. That's not what I said. I said that natural selection is differential reproductive success. I said that those organisms that possessed advantageous characteristics would tend to reach reproductive age more frequently and therefore they will tend to produce more offspring, while those with disadvantageous characteristics will tend to produce fewer offspring. As a result, the heritable characteristics of the population will change over time."
0,615,"I'm sure you haven't. But it is a worthy thread because of the reality that Islam ""is"" closing in on what we consider ""the free world"". If you love your freedom and the choices you now have, you should pay attention to Islam. They are consumed with a hatred for the west and are dedicated to their cause. Symbiote declares this the worst thread ever. It is unpleasant, but, Islam will not be denied. The numbers Cruiser provided mean a lot. Especially to progressives."
1,616,"But you are ok with a woman deciding what is right for someone else's own body...specifically the babies?   Seems to me a woman isn't more qualified to deal with the issue of abortion than a man. In fact, it could be said that the man has the only independent perspective."
0,617,Dealing with a designated nuisance species isn't the same thing as hunting. It's wildlife management.
0,618,I think more than this is the principle of human dignity. That humans have inherent dignity and value at every stage of life. This is transcendent of whether they are conscious or unconscious and it is why we treat 24 week premies who have no real conscious existence and a 30 year old automobile accident victim in a coma on a respirator and you and me the same. So strongly do humans recognize this inherent dignity that even in death a person is dignified with a funeral ceremony recognizing their life had inherent meaning and value. We build memorials to those who were victimized in life.
1,619,"Sigma, I was only joking. It hit me this morning though that if I'm willing to talk about abortion without bringing up God, I wonder if the Pro-Choicers could argue their position without bringing up ""women's rights"". ;-)"
0,620,"Given that I do not hold that opinion, I would challenge you show where I have stated such."
1,621,I'll give you that one...only because I think by then women will be able to place their fertilized ovums in banks.   But then again they said the same thing about robot servants and flying cars too!
0,622,"Dealt with. Wolves and dogs share a genus, not a species. Along with coyotes and jackels. See above for lots of transitionals, also."
0,623,That viability isn't a good basis for determining abortion laws?   That the point in a pregnancy when a fetus is viable is earlier than once believed owing to medical advances?   Do you think this has no realistic limit?
0,624,And this is evidence of creation... how? Please provide an explanation and a reference for how this is evidence of creation. Thank you! :-)
0,625,"Actually, at the moment I was conceived, someone else became aware of me becoming a human. Brain development does not define a human, it is our potential that helps define us."
1,626,"So you're openly admitting to being ignorant of a standard debating technique? Well, okay!
Here, let me teach you something.
"
0,627,"If information came into being by chance, how can we know that anything is true? How do you know what is false and what is ""true""? If we are just products of chance, your brain is also a product of chance. Therefore, the thought patters that determine your logic are also products of chance. If your logic is the result of chance processes, you can't even be sure it evolved properly. You can't even be sure you can reason properly (using your definition) because you can't trust your own logic.As for the second part, no, you've got it backward, rational belief is based on faith in a rational creator. References:* The Creationist Basis for Modern Science.* The Lie: Evolution ~ Ken Ham.* Evolution: Fact or Fiction? ~ John Blanchard."
0,628,"Nothing. ""T. Kennedy"" is an alias of a known terrorist."
0,629,So you still choose to believe that someone who's a victim of crime should be punished as if they committed the crime themselves?
1,630,"Tell us Brady, does the information that While Males ratified the 13th and 14th put a twist in your knickers? emoticonXSmilie"
0,631,"There are all kinds of social services, religious and otherwise available that will provide assistance to any woman who wants to carry her baby to term........
 
 When pro abortion people use that as and argument it is just a red herring and smoke screen."
1,632,Really. Some people would think I'm in cahoots with the creationists. I predict their behavior and then they go and do it.
1,633,Pro-lifers are like slave traders? What a pro-lifers trading? Anyone who denies a human being a fundamental human right is a slave trader...like a right to life...???
0,634,"ummm... the death penalty has always been around. i never claimed that death was the penalty for every crime, nor that it was the most common punishment. try to catch up"
1,635,"Doesn't matter if it is 5 months or 8 months (all of which is done) or 1 month...it is a person inside another...why does that make a difference? I suppose you are a ""cancer"" too? So I guess we assume you comment should read "" Her body her choice so long as she is not inside another person and none of anyone elses business."" Surely is a random thought but I would like to have one of my own. I think that if I kill someone else in my own home then it is no one elses business but my own. Sound weird?? I agree...just like your statement."
1,636,"Are you implying that the majority of scientists who accept evolutionary theory are atheists? (See, your intent is so ridiculous that you are forced to call scientists like Kenneth Miller un-Christian and deny the existence of theistic evolutionists.)
"
1,637,"which is pretty much the same thing. The majority of representatives get their way. The representatives are elected by a majority. Being overally picky about it gets you no where...we pretty much have a majority rules nation.   And we still haven't settled the question about how you think you can impose your belief on others but I can't. The ""convention"" idea didn't work, the idea that you aren't imposing a belief on others didn't work, so what is next?"
1,638,"So in your own words the police want to go on murder sprees, because they're armed. According to you the military is just waiting for the first convenient excuse to open fire on anyone, be them designated enemies or just innocent bystanders."
0,639,No you haven't. You expressed your opinion but refuted nothing.
0,640,"I believe many of the intellectuals behind the ""pro-life"" movement (and rest assured it is the intellectuals, not the masses, behind any political movement, whether it be pro-life or instigating a communist revolution) are not opposed to abortion per se.   Anti-abortion legislation is simply a tool by which they try to maintain a less sexually permissive society, believing that if women who fall pregnant outside of marriage are forced to endure pregnancy and likely child-raising alone, rather than being offered an easy way out, they will be less likely to have sex outside of marriage.   For this reason any method of contraception poses the same threat to them as abortion does, though some methods may be easier to rally support against than others."
0,641,"You know what else doesn't have any hope/potential of maturing into sentient beings, Archie? Aborted fetuses.   Game-set-match."
0,642,"""Ready to go"", in the sense that living things are equipped with a means of making small errors which are used by natural selection to make new structures.Barbarian, regarding mutations:There is a lot of that. Many mutations are recessive and a population over time accumulates a lot of genetic variation that can become useful if the environment changes. The founder population of lizards, for example, could have had at most, 20 alleles for any gene locus, since each lizard can only have 2. The new ones evolved by mutation. Sometimes, we can even observe that happening, or trace the mutation back to a known ancestor. Would you like to learn about it? ."
1,643,"Just to be clear, you first state ""most founders were Deists"" you then change it ""the founders that I think are Deist are mostly Deist"" and claim I'm wrong. You moving the goal posts doesn't make you right.
Oh, and Washington wasn't a Deist...might want to change that one."
1,644,"You mean the guy who didn't tell his own cabinat he was going to Argentina to go get a little.. and left a power gap because no one knew where he was? You mean that guy?
That is a heck of a lot worse that actually having an affair. Eliot Spitzer at least had the decency to resign when he got caught being a hypocrite. 
I personally don't care about his diddling with some woman.. although it does make him a hypocrite since he ran on the 'family values' campaign. It's that little thing about leaving his duties behind without communication that is the real destruction the public trust."
0,645,"Well, the tumbling and fracturing of the military ammo make up for what you lose in hollow points.   I wish people would follow the intent of the convections, not the letters..."
0,646,That's a pretty tortured comparison :) What exactly makes the forecaster's error one of measuring distance?
1,647,I so love it when you have to work so hard to avoid any points I made. I take it as assent to my original post.
1,648,And I didn't have to choose to be homosexual. It is a natural inclination. I chose not to hide or lie about who I am. However you are the one who seems to be under the delusion that being gay is a choice. Once again I ask you if it is just a choice then you choose to be gay this moment.
1,649,"Wow, everyone's just shakin' in their boots that your imaginary god will magick them off the earth! emoticonXKillemoticonXKillemoticonXKillemoticonXBanghead"
0,650,"Well, I don't work with any ""reefer heads"" or pot smokers now...this was awhile back."
0,651,"So what standards of proof do you hold the bible to? What allows you to hold it next to other religious or fantastical texts and say ""Yes, this one is definately, without fail, the word of God, and this one is not."""
1,652,"I like how you don't defend what you said but merely post some unrelated link on the 2nd amendment. Do you still claim Article V was repealed!?!?!?
I figured you wouldn't respond to the other items...you can only make up so much huh Doc?"
0,653,"Actually, penguins are birds. Therefore, they don't have fur, but feathers.
 
 However, your point still holds."
0,654,"There was also a murder involved, don't forget that.   And forget about this nonsense about how a conviction with only one eyewitness/victim is unacceptable. There's going to be heinous crimes where there's only one victim who'll step forward and give testimony.   Are we to just adopt the position that if only one person steps forward and claims to be raped, they should be told that their testimony isn't enough to warrant locking up the person that victimized them?"
0,655,"Apparently this is a petition opposing the pending resolution before the Illinois lawmakers that will deprive the rights given in the Constitutions. It is to encourage the lawmakers to vote against it. The lawmakers have not yet agreed to vote it down. Knowing the State of Illinois, I am predicting they will pay no attention to the commoners.   The only thing a glean out of this is that the common people have more sense than the lawmakers. But I've actually known that for a long time."
0,656,"What do you mean by other definitions? Before you stated ""Creation is...."" thus it is implicit in this that you are arguing against a single homogonous construct. And it's embarrassing for you to realise that there's actually as much variance of opinion in this, as in evolution."
1,657,"So if you quoted Ted Kennedy when he said to his wife in an event that wasn't even publicized ""Good morning, sweetie"", that would be an answer?   I wouldn't think you'd miss (or ignore) ""anti-gun quote"", which I have emphasized in this post. Your quote was not directly implicitive against guns. It actually was more anti-war than anti-gun, even if it wasn't pro gun. I've explained this multiple times, and you completely ignored me."
0,658,"Exactly. Moreover, in Emerson the discussion of the 2nd Am. is dicta (arguments not pertinent to the verdict) so it is not a binding precedent even for the courts in the same Circuit.A question for the ""original intent"" crowd:What did the Founding Fathers intend with the misplaced comma in the 2nd Amendment?"
1,659,"Okay, so if we only need 10 laws then they must be, without any doubt, the 10 most important rules possible that would serve mankind throughout history. Not coveting your neighbor's oxen made the list? Why is not creating any graven images more important than not enslaving people? That didn't even make the list. If those 10 things were all that God intended to impart on mankind I have to question his mental competance.
"
1,660,"Exactly, to everyone else, ""wascallywabit"" makes much more sense than ""pandion"" who doesn't actually answer any issues, he's too bussy admiring how ""great he is at biology.""
And if you're wondering why I've kept quiet it's because like ""wascallywabit"" said, I can't be bothered with arrogant people who won't listen to reason."
1,661,"Speaking from ignorance once again, eh SP? Did you, by chance, ever read the 2000 Census form? Did you happen to see the category ""unmarried partner""? I didn't think so. Now, go eat some crow. emoticonXHoho 
http://www.census.gov/population/www...0/samesex.html"
1,662,"You've pretty much boxed yourself out of any meaningful method of inquiry with this and the idea of ""resetting telomeres"". If he can ""magic"" away any evidence of age, then he would be indistinguishable from any other 30 year old, so no examination or experimentation would turn up anything out of the ordinary."
0,663,"But not just any seven judges, seven judges who's job is to define the constitution."
0,664,"Wow, I think this is the first time I've ever heard anyone claim that the pro-choice movement is for the sake of the child. Sorry, you aren't even close. I don't know a pro-choicer period that would say it's for anything other than the sake of the woman."
0,665,"No, the question is why you let violent individuals remain free in public."
0,666,Please define complexity. Please define information. Both definitions should be relevant to biology.
1,667,3101 posts! what a waste of cyber real estate! at least you are brief.
0,668,"Today's students are tomorrow's scientists. They are unlikely to study something that, if they hear about it at all, they hear about it on a less serious level than they do the happenstance origins of atheist evolution. To reduce ID to other classes like literature or social sciences, etc. (where poetry, fiction, and prehistoric beliefs are the subject matter) is nothing more than a clever, dishonest attempt to belittle it."
1,669,"You're deluded, as usual. Anything that doesn't balance the budget is based on LIBERAL THINKING. And you don't balance the budget with massive tax hikes and gutting the military like the liberals are fond of doing. And you're going to vote for liberals? Obama? His latest budget plan was defeated 414-0 in the House. Not even his liberal cohorts would vote for it. And you vote for Obama? What the hell is the matter with you people?"
0,670,"Well you can get injured very badly playing baseball, you can get killed (just the other day some high school coach took a batting practice ball right in the head and died). And I have not heard a single person say that pregnancy is something no one should have to go through. I know I don't. And yes people sometimes do force a woman to get pregnant, it's called rape."
1,671,"Gosh do you think the Brady Bunch would fund us a trip to a few gun shows?
let us keep what we buy?and I would even promise to say what they wanted,
Yeah Right.
"
1,672,Because we really want justice systems based of vengance don't we
1,673,And Sotomayor argued that the American people have absolutely no right to defend themselves. What's your point?
0,674,"The big bang, life from non-life, the progression of life from the simple to the complex, just to name a few. None of these can be proved (even on the balance of probabilities) to be true by operations science. All of these contradict scientific observations of the present. As a result, you must take them by purely blind faith."
1,675,"No, but I can't lose. Either he shows up at IIDB and gets smacked around beyond belief (we have some really well-educated people here, but IIDB is a whole different level), or we get to repeatedly ask him why he won't present his ideas to qualified reviewers.
P.S.: He claims not to be a creationist, only a non-""Darwinist."""
1,676,"what about God? So many God-fearing people, he must be a terrorist :)
seriously I really don't know much about terrorists. I know that Bin Laden was behind 9/11 but he wasn't the only one, but that's about it."
0,677,"Of course everyone has some basis for their views. Not even denying that. However there are ways that using that ""basis"" most certainly is an imposition and the gay rights battle is a prime example. There are many, many, many people who have done work to stop/block gay marriage and other gay rights when they, themselves, are not gay. That is not merely passing judgement - that is imposition. All I am asking here is that Archie, you, JP, etc. own that."
1,678,Michael Moore Hates America is also coming out in theaters some time in October.
1,679,"Yeah, your potential spouse will like you for your personality after you meet the prerequisite of being the proper gender for them."
1,680,"Including the mentally ill, those with previous violent felonies, and children?"
1,681,You actually have some full insight into gays and what we have gone through and think were pathetic. Once again insults and a bigoted view Archie. You never cease to amaze me.
1,682,The critical factor here is punishing women.   Women must be punished. For whatever strikes the fancy of Cybererratus.
0,683,On Faith: Murder is Murder and Abortion is Not - Arthur Waskow
1,684,Jyoshu - you think anytime a homosexual engages in anything but hiding in the closet and keeping their mouths shut is a gay rights movement. The kids are jerks.
1,685,"Society highly values the creation of future taxpayers, especially under deficit-spending socialist presidents. :p"
1,686,Old habits die hard and dogs don't pay attention to clocks!
0,687,"In the Declaration of Independence, Thomas Jefferson identifies the right to life as a fundamental freedom. If more gun-control saves lives then more gun-control means more freedom. Aren't you pro-gunners interested in freedom?"
1,688,"You're somehow right despite the fact that all reliable evidence is on our side? What idiocy.
"
0,689,It's not just cars and catalytic converters have greatly decreased emissions.
1,690,Hmmm.... your religious predecessors would have sentenced you to house arrest for something so heretical.
1,691,Uhuh! And you've got a bridge in Brooklyn you want to sell me. . . .
1,692,"And you have just described ""creation science."" No application of the scientific method. No testing. The conclusions are known before the judicious quoting of scientific authority has even begun. I notice that you use one of those quotes of a scientific authority below. You show that you are what you decry."
0,693,"How else should it be done? It is a constiturionally protected right. To eliminate that right, the constitutional protection must be removed first, is the removal itself, becomes unconstitutional."
1,694,Says the man who wants to criminalize being a victim of a crime. :)
0,695,"Well if there can be a Constitutional amendment to ban gay marriage, why not to remove marrriage from the federal government? Where do they get that power Constitutionally? So that would mean states can choose not to recognize any marriage Constitutionally. I think that marriage is a church issue. Let gays, straights, everyone get civil unions to be recognized legally. But leave marriage to the churches."
0,696,"You're obviously an Obama supporter, they're the only people who wouldn't be upset at his abusive tactics of threatening lawsuits against anyone that runs unfavorable ads against him, thus showing that he doesn't support the First Amendment."
0,697,"If the justification for morality is obedience to a divine authority, it has no place in a public school. Those without religious beliefs are not by definition immoral."
0,698,"The Grand canyon could not have been created by a flood event, the geology is all wrong: http://www.talkorigins.org/faqs/icr-science.htmlThe flood explains nothing which cannot be explained by other, better-supported means and directly contradicts vast swathes of evidence:Biodivesity and the fossil record are not consistent with the flood.Genetic profiling is not consistent with the flood (in humans and animals)The Ark could not hold all animal life.A global mark would have left marks across the entire globe at a consistent time period; these marks are not found."
1,699,"Oh, now you've got Obama leaving a mess in your hole, and James Carville blasting your hole (Spicy Cajunspunk)?
Now Bubba's not so sure about wanting to plug/plough your hole. Boy you really do get around, EZ. That hole must be pretty wide and loose."
0,700,"I think you present a good point, but part of the test here is to see how my post is reponded to; silence from certain people tells us things in inself.   So far it seems my initial estimation of the issue is about right- the idelogy being upheld helps some people ignore the effect the punitive policy imposes."
1,701,"And my 8 year old sister thinks there are fairies at the bottom of the garden.
"
0,702,"The article continues to comment that this mechanism serves as a mechanism tailored for evolution? Irrespective of its origins, somehow, life utilizes evolution FOR evolution.
 
 B. Convergence
 As seen in the docking simulation, the solutions all converg"
1,703,"The range limit was 150 km and the Iraq Survey group said they flew further than that.
Plus, no comments on the missiles? It couldn't possibly be because you were wrong?"
1,704,"Just trying to bring some consistency to the debate. You love it when Democrats pander but not when Republicans do it. Why am I not surprised? ;) 
"
1,705,"Still no response, eh.
OK, let me put it more clearly, were you lying with what you stated in another forum, which is what I posted in #42, or are you lying now?emoticonXMad"
1,706,"Nice. Now you're telling us that women are basically brainwashed XXXXXX.
Keep digging, this is good stuff."
1,707,so you're one of the many people you got question 1 right emoticonXIdea thank you...thank you. You are the many reasons why the US is still standing on its foundations and not collapsing into senseless ignorance...THANK YOU! :)
0,708,Any form of legislation is a voting matter. That's the way our system works.
0,709,Most of the time one should be able to tell the sex of the baby by about 20 weeks and very often even at sixteen. Second trimester starts at 12 weeks. You cant get an abortion after determining the sex because its illegal.Where are you getting your data?
0,710,Could it be that the Supreme Court does not view the right protected by the Second Amendment as being fundamental? This is the same court that said that only guns in common use are protected by the Second Amendment. That tells me the Supreme Court doesn't think the right to bear arms is as fundamental as other rights protected by the Bill of Rights. The protection of a newspaper by freedom of the press does not depend on the newspaper being in common use.
0,711,"They aren't afraid of that. That a government agency would actually be financially competitive is ridiculous.   The only way it could compete for customers would be by running at an enormous loss or legislating away competition. That's what people are ""afraid"" of, not some idiotic speculation that government is great at business."
0,712,"No one is saying alcohol is either...I would say both are not smart to use often...however, one beer is still better then smoking a bowl."
1,713,"French like turkeys even the yanks eat turkeys. What has a turkey got to do with the French voting No! By the way, why do you spell turkey with a capital T?"
1,714,"Explain that one to the thread starter. He claims he is the victim of age discrimination when he states ""I am a person 15 years of age and I want my gun, yet I can't get one. Why not?"""
0,715,How does anyone deny someone the right to believe something? I don't understand what you're saying.
0,716,"What's ""cumulative selection?"" Do you mean a series of mutations with small but beneficial influence that occur over the period of thousands or millions of years? Just how do you propose to observe such mutations? In fact, we can observe such mutations by comparing the genomes of related species."
1,717,At least now we know what happened to EZridden when he was young..
0,718,"No, in other words ""the cut and thrust of peer review."" Where ID falls flat on its face. Stop trying to dress that up as some kind of underserved mugging; if you aren't prepared to understand and defend ID on a scientific level you aren't equipped to decide that it is being unfairly treated."
0,719,"WF, that is true and if the young lady life is endangered then to terminate the pregnancy would be appropriate but get a neutral doctor to make that decision, not one from Planned Parenthood or and abortion clinic who have a biased interest in performing abortions...............That is all I ask..........."
0,720,"Actually, scientists who discard the global flood are taken seriously."
0,721,"Actually it wouldn't. Since there is no rational, believable evidence for creationism, it wouldn't be any more believable if evolution were disproved. As an example, I dare you to start a thread in an appropriate forum and give us tested evidence for a global flood as depicted in Genesis. Good luck."
0,722,"You've asked a good question cash, the way you know that is by all of the excuses you're getting rather than any attempts to actually answer you directly with solid evidence. Of course we know that evidence doesn't exist, but they'll never admit that either. emoticonXGood"
1,723,"Oh, yea. You are damn right those European socialists are dangerous. Americans might look and see their governments actually doing something USEFUL for the people and think that we should have that here. 
I am surprised we have not nuked them yet."
0,724,"Actually, I think that lack of support for your mythology is one of the reasons that it isn't accepted as literal. I suspect that your documentation is just assertion that you believe because it tells you what you want to hear.Why is it that creationists keep claining to have ""proof"" and never present any? Have you checked out the threads in the Religion forum where some posters are having trouble demonstrating the historicity of Jesus? How can you claim documentation for Adam & Eve, the Garden, talking snake, the flood?"
1,725,Lets all make vast generalizations that are not true. Seems fun emoticonXRolleyes
0,726,"Yes, it recognizes there will be religion in our country, it allows all to follow which ever religion suits that individual as long as it does not impose upon others who do not follow that religious system. Our constitution allows for dissent, opposition and opinions. It actually requires such dissent in order to come to conclussions which would serve everyone equally. If for some reason there is a practice which excludes certain individuals from the protections of the law, then it needs to be challenged."
0,727,text
1,728,"Not that I am aware of... but I guess it's conceivable that I could have a split personality disorder and not be aware of it.
I am still interested in your thoughts to my questions and comments above, though."
1,729,"Thats great, thanks for telling me how much of a vast knowledge you have in this subject. As for ""poking insults"", I was simply returning your ""insult"" to Duo. I saw alot of credible evidence in that ""claim"" if you will call it that also.
"
1,730,"perhaps you would like to explain simplistic.
Is the anthropic principle simplistic?
What natural law created natural law?
Where did the information come from?
Is matter creating matter simplistic? Matter creating information?
Here;s a deep thought:
If matter created the Universe what if it changes it's mind! emoticonXRolleyes"
0,731,That would be more likely than finding evidence for abiogenesis.
0,732,"The question is: To what degree do wars cull out particular genes as opposed to ideas? Another thing to consider is not who is getting killed, but who is being born. Unless, something is done about the niche, it will just get filled again by whoever was decimated. Compare: Germans (hypothetically) settling in the Ukraine versus the US bombing of Hiroshima (which was not then settled by the US). Consistent genetic pressure is really key."
0,733,"I believe such amendments cannot be pushed retroactively for them, so their marriages will stand (Something with US contitution code not allowing things like that to be retroactive)."
1,734,"A real simple Yes. Do I win something? emoticonXSmilie 
Here is why. "
1,735,Half of the country is stupid enough to think that four (or eight) more years of Dumbya would be good.
0,736,"Because you seem to lose sight of that with your whackjob ideas. Case in point ""The manufacturer would have to know where to point LE"" now you have the manufacturer involved in law enforcement. Would you have the big 3 involved in pointing out to LE who last bought their products involving drive bys and vehicular homicide? You have no clue as to how the whole process works yet you are going to put your oar in and muddy the process. Here's a small lesson for you. The manufacturers of firearms don't sell to dealers. They sell to distributors who in turn sell to dealers. You are still lacking any valid proof that the law abiding are the problem. "
0,737," take the Bible out of the context of God for a minute and \""have a squiz\"" at it as a book of fiction you just borrowed from the library.Waxy"" You never actually observe something happening the instant it is, and most of the time you are just observing effects that event caused. The actual time ago the event was is pretty much irrelevant other than the amount of data you can get - if given the results from an experiment done several hundred years ago (well beyond anyone's lifespan) does this mean that they are now automatically untrue? "
0,738,"No, not true at all. G-d desires for us to willingly love Him suprememly and for our lives to be guided by Him just as any earthly father would guide his own children. Hell is a place of utter torment that people, who reject G-d, choose to end up in. Consequences of our decisions have eternal signifigance."
1,739,Hmm maybe I should take that one to a local patent office...
0,740,"You couldnt be more wrong. Our goverment was built on the word of God. Its ALL OVER our founding documents. George Washington was quoted to say ""You cannot call yourself an American and subvert the word of God."" Your only argument can go back to the sep.of church and state. Which is new compaired to when our laws were drafted. So not always... just unfortuanatly now. Which is a BIG mistake by the way and could be the downfall of our country. Try again..."
1,741,"Well he can defend his tax difficulties by claiming he is a creationist and thus cannot be trusted with quantitative processes involving a bit of mathematics. Then again he can tell IRS that GOD will provide and they should contact Bush to get Gods cell number. I am sure that IRS, GOD, and Hovind can work it all out."
0,742,"So producing a child is the defining characteristic of a marriage? What about love, trust, respect, companionship? My wife and I may decide to not have a child, does that mean our marriage should be made illegal? Again, you keep posting nambla this and nambla that. Nambla is a group of deviant pedophiles, homosexuals despise this behavior too. GROW UP DHARD...I mean DMG2FUN. ;)"
1,743,"I've always wondered, do toilet cleaners, like yourself, use the same brush for their teeth? emoticonXRolleyes"
1,744,"Dear Hypocrite,
Do you wish to be a competent poster and actually respond to questions and requests? If so, please answer my request (on the other thread) and I will be happy to answer your questions."
0,745,"But it does restrict criminal access to such items. And it has nothing to do with Tyranny. If a government feels that a certain measure will protect its people and society at the cost of restricting an item that is dangerous I can understand it. It is not tyranny, it is a government doing what it is supposed to. Again I personally disagree with the decision, but I do not believe it is anybodys 'right' to own a weapon nor do I equate such restrictions with extreme forms of government."
0,746,"But pro-lifers often base the pro-life stance on preventing harm. Not just religion. (And in this case they are one-in-the-same anyway.) This isn't a case of harm-preventative-morality versus religious-morality; it's a case of two harm-preventative moralities in conflict, due to each only focusing mostly on one aspect (either the mother or the unborn baby)."
1,747,"Has the American Medical Association decided to recognize that aluminum, steel and polymer and addictive narcotic substances that can drastically alter a person's mental status?"
0,748,"Well I'm neither rational nor a theist, but still!   I could put in a comment about what I personally believe the nature of God to be, but I'm sure you've all heard it before so I won't bother!   In the end I don't think it is an easy question to answer, it is asking to define the undefinable. Humans are limited creatures, we can give a dictionary definition of these things, we have a rough idea of the concept of infinity but can never begin to truly comprehend or define it."
1,749,"We're laughing even harder. We don't go to church because of people like you and we're not religious and would rather spend the day ""sinning"" than worshipping something we don't believe in. 
Guess you forgot how God said ""Love thy neighbor"""
0,750,It's not about how she treated cops. It's about how cops treated her as an American citizen with rights.
1,751,"LMAO and where has been your outrage at GOP politicians cheating? Ensign, Bart Stupak? 
COME ON LMAO!!!! Your hypocrisy is so damn funny Easilyridden! REPENT!!"
0,752,But you don't like intellectual property and consign it to non-existence.
0,753,"Yea, i got one about the UK. Let me find it, hold on."
0,754,"So the initial murder wasn't enough to show ""that they are willing to commit acts of violence""? This makes absolutely no sense."
1,755,"Gansao shines like the sun compared to you.
The only shine you're going to have is the glow from your fat frying in the Pit when you die. emoticonXBouncer"
1,756,"If you read the page i pointed.. it discusses that directly.
Sorry, you have one big epic failure there."
0,757,"1 - It is innacurate. We allow killing in times of war, in self defense, and in state sanctioned executions. So we already have a situation where, when given X mitigating factors, it is justifiable to take a life. It is impossible to say all life is equal, and then to apply that as law. People will be outraged. I know I would be.2 - Objective to who? Who gets to decide how valuable life is? And why should they get to? And who says they are right? The relative value of life works fine, thanks very much."
1,758,I feel a No True Scotsman coming on. Should I even bother to mention Hovind?
1,759,How is one supposed to be smugly self-righteous if this is the case? No fair.
0,760,I believe you have even debated that it is conditioned into humans to be religious and therefore it validates religions. So why is there a need to debate whether animals love if they are acting on a conditioned response?
1,761,"But a business is just a private citizen! Why should the gov't levy different taxes against them?! :O
Doing business is an activity, yes. Doing business as a corporation subjects you to restrictions that a corporation must work under.
"
0,762,"I suggested nothing. You are reading into this some thing that is absent. ""The nurse then informed me, if I had answered yes to any of the questions, I would have lost my concealed carry permit as it would have gone into my medical records and the VA would have reported it to Homeland Security. Looks like they are going after us vets."""
0,763,"Actually the Apocrypha is made up of pre-Christian texts, and late 4th century is a bit of a stretch for the new testament, certainly all its component texts were widely accepted by the 2nd century. I don't whether it is ""generally accepted"" that the text was altered, it seems to me that you are projecting your own views based on the hypotheses of some scholars on to Biblical scholarship in general."
1,764,"He was in Indonesia dear. Read his XXXX (my marks)
I thought he was as old as the devil??"
1,765,"You can take a horse to water. I provided evidence to support my assertion. You provided ............ ""Oh no it isn't!"""
1,766,"Dear Jill:
P.S. Remember, I gave you the morning after pill? Use it! Or hey make a few thousand dollars and donate it to research (cha-ching)!!
P.S.S. Thanks for the herpes! emoticonXGood And you think you have a medical problem, all you have to do is take a pill and you're done with the situation I gave you, but what about the situation you have now given me??? 
What's that (new) quote: All is fair in Love, sex and war? emoticonXKill 
Jack"
0,767,"But again, that requires a YEC to contradict their belief in the flood. As earlier stated, previous YECs have gone into the field, looked at the data and evidence and abandoned YEC as it makes absolutely no sense. YEC 'science' is not used in hydrocarbon production."
0,768,To be honest i think that the risks are equal they are no higher in childbirth than they are in termination there are no qaurentees in either.
1,769,"I just linked you to it. (You do understand how amendments work, yes?) Note the ""to lay.""
"
0,770,"Sorry, but that's not in the Establishment Clause of the First Amendment. Try again."
0,771,"Nobody I know sanctions adultery. There are already serious consequences built in against it. As far a same sex marriage, I know of nobody that is suggesting legal penalties for it unless one considers the refusal to legally recognize it a legal penalty. Certainly nobody has been jailed or fined for attempting such marriages. Privately performed ceremonies as such are not punished."
1,772,Were you drunk or were you high on hallucinogens...speed? lsd? crack?
0,773,"You must be assuming that the entire story is true. Again, how can anyone possibly answer this?"
1,774,"Math is confusing too, doesn't mean we should get rid of it."
0,775,"Well said. It is a disgrace that the ""Flat Earth"" side of the argument never gets a look in geography lessons and that the ""Spontaneous Creation"" side of the argument never gets a look in when teaching kids about the life cycle of insects. Do you realise that they refuse to present the ""Cheese"" side of the argument when teaching about the moon these days? It's outrageous, how can our kids get a balanced education if such bias is allowed to continue!"
0,776,"What basis do fundamental rights derive from? In other words, how can we tell whether something is a fundamental human right?"
1,777,Ted Kennedy was on the no fly list or in other words a terrorist. How he got there was not known. It took him with all the weight he had a struggle to get off. Weasel hole out of that.
1,778,"That ain't the way it works slick, nice try anyway.
Hello simone honey emoticonXLove"
1,779,"I was under the impression that he was referencing the video...since he always interchanges the words embryo and fetus I just rolled with it.   Secondly, an embryo does have instructions for a brain...while a plant does not. I guess the answer hear depends on the ever evolving definition of ""mental existence""."
1,780,"Not being a jew, I suppose I'll opt for the Christian Devil."
1,781,"Interesting.... have you ever been to a schoolyard recently? I think the ""taunts"" are more directed at gays. Like ""f@ggot"" and ""fairy"". What taunts do you get on a daily basis? What... being called out on your negativity towards the rights of a minority? boo hoo."
0,782,You are incorrect when it comes to the age of the earth. All inidciation by all branches of science indicate an earth that is over 3 billion years old. (aside from the lies of the Young earth creationism. Each and every one of those 'indications' are based on misunderstandings and out right lies aboutscience. A discussion about the various methods (and where the YEC claims go wrong can be found at http://www.talkorigins.org/faqs/faq-age-of-earth.html
1,783,So you're stumped again on who your missing link is. Not surprised. OH YE OF GREAT FAITH!!
0,784,"Just look at the dates on your sources: 1969, 1978, 1981, 1977, 1980, 1981, 1981, 1983, 1970. Your most recent source is 25 years old and that one is from a creationist source. You've got to be kidding me. I also notice that you claim to have had a private conversation with Andrew Ingersol in which you pointed out an error that he had made. I suspect that you are a liar or a thief. But of course! You are a creationist!   I also notice that you don't seem to have made an attempt to educate yourself by checking out the sources I gave you. Moreover, you still haven't presented any evidence for creation. You keep claiming that there is some. Why do you refuse to present it?"
0,785,"Oh, undoubtedly - but the offspring aren't inheriting traits as such are they? They're just suffering the same symptoms of malnutrition as their parents, except that for them it's happening in vitro so they exhibit the effects from birth. That's why it's such a bad example for what you're trying to get others to accept."
1,786,"So you are equating pigs with humans. Pig rights! Yes that is logical. We should value a farm animal the same as your kids.
What basis are you using to rationalise such equality? You did have a point, right?
*
""In 1890 the Supreme Court of the United States, concluding a great contest begun in the District Court of the Territory of Utah in 1887, held that the National Government had ""a perfect right to prohibit polygamy and all other open offenses against the enlightened sentiment of mankind, not withstanding the pretense of religious convictions by which they may be advocated and practiced.""
http://www.barefootsworld.net/consti11.html#c84b"
1,787,"Wow! ...... If your interpretation were correct, there would be a connection between his post and the USSR! But it's not, and there isn't."
0,788,"So, because she's bigger, she can kill the fetus off? That is generally the idea the school yard bully has."
1,789,"You put on ignore before and it didnt even last a single post.
Neither will this prance offemoticonXDonno"
0,790,"So police who are not military and are civilians, unless you are paid by the DOD and come under the geneva Convention you are a civilian period. If you had of paid attention, you should know that it is not the ""standing army"" that is fighting the current wars, it is oath taking militia/civilians from the State National Guards and reserve forces who have taken the same oath many of us have, to protect the Constitution from all enemies both domestic and foreign. That is not to say that only those people are the militia either!Can you name one successful government that has ever won a guerrilla war? Russia fought in Afghanistan for how long before it limped back home?"
1,791,"That makes her a Clinton appointee, not a ""good ole Republican"" appointee. 
Nice try, though. emoticonXCensored"
1,792,"Congratulations, guys: you've unwittingly explained the principles behind the Copenhagen interpretation of quantum mechanics: superposition!"
0,793,I think you are on to something.The problem I see is that any proponent of a plan such as this will have toi take on both the health insurance lobby and the pharma lobby and their bottomless well of $$$ and propaganda.Here's hoping now that there's a new sheriff in town.
1,794,Don't you have that other weird warped forum your posting in now?! Go there with your advice.
1,795,"Lets concentrate like a laser beam......This thread is about gay marriage.......If you want to talk about gay bashing start your own thread........
thanks........"
0,796,A taste of what could be our future if the left has its way.
1,797,"Bush is a Luddite...Yadda, yadda, yadda..... Bush is the anti-Christ ...Yadda, yadda, yadda emoticonXRolleyes"
0,798,"Creationism is not something new, it was the prevailing view of scientists up until Darwin. None of them belived in a divine parrot that is just plain silly. In the crucible of natural science throughout the Middle Ages, the Scientific Revolution and well into the 19th century theology was the queen of the sciences. Now we subject students to higher math studies that they will most likely never use and speculations about conceptual mechanisms like natural selection that have no practical application. Naturalistic presumption has become sacrosanct in the rhetoric of the professional scientists who have been crystal clear on how they define creationism. You can ignore the statement by D.J.Futuyma and identical ones made by Gould, Mayr, Dawkins, Dobzhansky and others but not without departing from mainstream evolutionary biology. "
1,799,"Why does they admin let EZ post comments like this to other people, if he can't be vicl and debate like an adult to others, why is he here......to spread god's love ...right?"
0,800,"So even though you can legally conceal carry right up to the gate of the national parks, and you can legally hunt within the parks, somehow concealed carry in the parks will become more dangerous?"
1,801,"Like the crusades and the inquisition? How about the Southern Baptist Convention, formed at the end of the Civil War with the express purpose to discriminate against blacks? And of course, the KKK and the Aryan Brotherhood make the same claims as you. Of course, you're going to tell me that you are a christian and they aren't. But when people tell me they are christians you aren't always around so I just never turn my back on them. That way, even if they are follow that strange pull to make a bad decision, I will at least have my eye on my money."
1,802,We came from apes not created. Why can't people figure that out did any body go to school around here.
1,803,"Really? Wow, I didn't know that books with their edjumacational benefits..."
1,804,Oh he won't read that... This American in exile (does not even live here anymore) just disappears for a while whe the heat is on only to resurface with his same propaganda after the heat has died down.
0,805,"Is that a trick question? No, the tabloid and other gutter press keep going on about how bad it is, because they sell papers by fanning fear and hatred, and fear of crime is one of their biggest markets. Yes there has been an increase in gun crime over the years, but that's largely attributable to increased attractiveness of crime in a society where social mobility has come to a standstill. In any case the number of incidents where firearms are used in crime is still very small, which is why every time someone gets shot it is headline news.   Guns are incredibly rare in this country, the only time I've seen guns in real life (other than air rifles) is on a military base."
0,806,"Well, yeah, if science hasn't provided an explanation for a phenomenon, then all we can do is shrug and submit grant proposals."
1,807,"I'd love to know what would constitute ""impartial"" in your view. Btw who'd scrutinize the board?
Why don't you pro-compulsory birthing folks just start a fund and offer to pay women $100,000+ for carrying to term and surrendering the baby. I'd bet you'd have many takers. Can you get a second mortgage on a trailer?"
0,808,"And then there's this:Alarm at routine patrols by armed police - Crime, UK - The Independent"
1,809,I see you missed the entire point of my post. Good job on analyzing the sarcastic opening though.
1,810,And you know he is NATO's boy how? You get a bit more looney with each post there comic relief. Keep the laffs coming tho.
0,811,Paranoia is so ugly. It's not OK to teach scientific theory but it is OK to tell them that mythology is fact?
1,812,"Don't forget cheaper to feed, take orders better, and are harder to hit."
0,813,Not to be totally dependant and the systems of another body to keep it alive. Take a fetus out of the womb (That is during the period which most abortions are carried out) and it will die. Plus if the mother dies the fetus will as well. A baby doesn't depend on its mother's body to function. It can do that itself.
1,814,"Because the soundbite ""survival of the fittest"" was coined to explain evolution to the stupid masses."
1,815,"Yeah guess that probably makes me a gun-toten redneck drunk,shooten everything in sight huh.emoticonXKillemoticonXGood"
1,816,"Soooo, um, pregnancies are solely a factor of a woman's behavior, eh?   No males involved?   Um, have you ever been exposed to any level of sex ed?"
0,817,Nope. Not the parts that are taught in high school. The conjecture is mostly at the molecular level these days.
0,818,"This question is premised on an untenable assumption: that people should not be allowed to vote on particular issues. This premise is clearly not true in any democratic society, and is especially not true in the United States. In the United States, it is a contradiction in terms to say someone is not allowed to vote on X. I have demonstrated this before, and yet the same silly question keeps coming up."
1,819,"And to think, we're supposed to be ""new World"" the foreward thinkers....what a laugh.
Sorry, my last post was after some searching on straight sex discussion boards, and I'm still laughing too hard to take much seriously at this time. 
emoticonXCry I'm laughing so hard I'm crying."
0,820,"Really? What a surprise! So tell me. If you don't know what it is or how it works, how do you know that you are opposed to it?"
0,821,We know this because the kids destroyed all the interactive exhibits within a day when the Earth Gallery opened. I for one was most upset as I'd been wanting to have a play too emoticon_cry
0,822,"Actually the majority of homosexuals will tell you it's not a choice. And I, being the wacky gal I am, have a tendency to believe the word of homosexuals on that particular subject over the word of straight neonazicons."
0,823,"It's remarkable then, how much progress we've made. You may or may not approve of the theory, but it works very well at learning more about biology."
0,824,I will stop quoting here. Don't want people to have too big a read. Actually ToE isn't all that random. To a certain degree yes. But Sexual Selection aka a part of the ToE. Dictates that when there is a benificial/attractive change. That change will be enhanced almost exponentially. Because the female of the species will be programmed to search for that and will carry the gene herself so will give it to her off spring. And the male will be more succesfull so produce more off spring. So no instant eyes or anything like that. I think that's what you were implying. Sorry for responding in Kronus's stead. I'm sure he can defend himself but I found it unjust the way you replied to his post and attacked it on foundations that you didn't have.
0,825,"First of all, welcome :D
 
 I believe as you do, that having a child is not always the best and most responsible thing to do in certain circumstances. For what it is worth, I think you did the right thing, for you and your current children."
1,826,"You would say that, because you are neither a woman, nor gay. Families were ruled by the husband with a clenched iron fist by the way, and women and children had few rights. The family structure was ""secure"" that way. Yes, the fact that there was lower teen pregnancy outside of marriage, is just such a good thing in and of itself. This meant fewer people burning in hell, which is what is really important.emoticonXRolleyes"
0,827,"While this is true, the number of abortions at or after 21 weeks is not insignificant. According to the Guttemacher Institute, 1.2% of abortions occur at or after 21 weeks. That translates into about 15,480 abortions. This thread, of course, is talking specifically about those 15,480 abortions."
0,828,"I'd say there were a lot of stones going both ways.
 
 Do you know the Rev. well enough to be able to make that claim, that he's a bigot? Or is it he represents the system?"
0,829,"Yes, but we do not know that homosexuality is not inherited, and it is the arguments like this that make people want to prove that homosexuality is genetic. Also, people born infertile cannot reproduce, so are those people inferior in a relationship because of what they cannot do?"
1,830,"Hughe betcha, and I bet you could explain that too after your jaw heals from the trip to the bank? emoticonXBouncer"
1,831,"That was someone else you were posting to about them ""hammering"" porn, whatever that means.
Gay men watch hetero porn and thats the reason for so much gayness? Real logical."
0,832,"And how have I deprived you of your right to teach your religion to your children in your home and in your church. How does an objection against the imposition of your religion by force of the government deprive you of your rights. I can certainly see how the imposition of your religion would deprive me of my right to the free exercise of my own religion, but why do you feel that you have a right to impose your religion on me?"
1,833,"If that were the case, you'd sure know how to recognize it! :p"
0,834," see above.) See  this is what you get for starting with your conclusion (\""take a reasonable statement\"") when that's what's being debated. I'm arguing that it's not a reasonable statement  and if your only defense is telling me that it is  and that I'm off-topic  but you can't justify your reasoning behind the assertion  then you've got nothing... as usual."" The justification comes from this being a scientific fact. This evidence has been posted before by chloe, but here it is again for your enjoyment. "
1,835,holy ####.   It took 20 pages before a creationist tried to address the first post.   So much for a argument disproving the flood...
1,836,"Is he anti gay? Yes so they are all in the same boat and cut from the same hatefilled, homophobic, bigoted, christianist cloth."
1,837,You would think that you would learn by now that Matthew can't think but in the two extremes. It is as if there is a mental block.
0,838,"But it has never been claimed that everything developet simultaneously. Probably not.   So back to the original question that you ducked with ad hoc arguments. What is Archaeopteryx. If it is a bird, why does it have a tail, grastalia, teeth, pre-orbital fenestra, and on and on. If it isn't a bird then why does it have feathers, opposable hallux, pneumatic bones, a furcula, and even a small carina in one specimen? How can creationism explain Archaeopteryx?   http://home.houston.rr.com/bybayouu/...graphica_1.jpg"
0,839,"You keep claiming that, but you never reference it. I'd like to see sources and names. Just because evolutionary sources don't claim to be engaging in a PR exercise doesn't mean they aren't doing it. There is plenty of evidence of it, even if they don't honestly admit it."
0,840,"Yes. The assumption happens to be that maybe the bible isn't literal. ""Lets look into ourselves, shall we?"" Behold we did, and Lo! The Earth is old!"
0,841,"Oh and let us not forget the wonderful couples of just a generation or two ago. Johnny Mathis and partner, Edwin August partner to Jack Kerrigan, Gareth Hughes, producer Ryszard Ordynski and play set designer George James Hopkins, stage actors Franklin Pangborn and Edward Everett Horton and oh so many more. Some were indeed wonderful, some were leturous playboys who moved with the ""Gay"" crowds. But never were they shunned or their careers ruined because of it. In fact, some of their careers flourished because of their associations."
0,842,"If that were true, why are there millions of miscarriages each year? I don't believe a word of it."
1,843,"Some Hispanics are totally white. Some Hispanics are very black. Many Hispanics are brown. As a matter of fact, there are a number of Hispanics now who are very Asian.
Those damned Hispanics just don't seem to want to play by the rules!
In fact, there are some Hispanics who look very Scandinavian. Just to show you!"
1,844,Don't forget Ted Kennedy. My question is what kind of machine guns his body guards have? MP5s or UZIs
1,845,"It is, Simone just thinks stealing is ok so long as you are hungry."
0,846,The subject matter would be life forms. The units would depend on which particular aspect you were studying   For instance to the question 'what units of measurement would you use for the effect of evolution?   I would say genetic changes that have patterns.   ID would have that and more.
0,847,"So, because they don't interpret the bible as you do, they believe that there are no deities? That is what you said..."
1,848,You can look as yourself as god if you want...I wouldn't recommend it.
1,849,"Sure you don't want to address the gaping holes in your argument. That's up to you.
"
0,850,I know that. And it does not say when a fetus becomes a human being.
1,851,"Hehe... Jesus Christ was conceived by the Holy Spirit yet he ALWAYS addressed God (YaHWeH) as his Father. How come Jesus NEVER (NOT EVEN ONCE) addressed the so-called ""The Holy Spirit"" as his Father huh? Duh! :p emoticonXRolleyes
FYI, the word, ""spirit"" (Greek pneuma; pneumatic; air; wind; breath) is ALWAYS (in the NT) a neuter noun. It (neuter) is a/the gift, and not a/the Giver.
""Your"" English translated Babble screwed you so-called Judeo-Christians big time ROFLMAO! :p emoticonXBye"
1,852,"And you, on the other hand, because you are not educated in science in general, and evolutionary theory (why the quotation marks?) specifically, are qualified to correct those of us who spent years in study of the topic."
0,853,"Richard Dawkins examines Rev. William Paley's (the originator of Intelligent Design ?) theory in ""The Blind Watchmaker"" and takes it apart with ruthless logic."
1,854,"Oh, ok, I can be politically correct if it makes you feel better. How about I refer to them as ""intelligence deficient"". And I was really not referring to bona fide ""retarded"" individuals (those with true pathology). I agree that there is nothing funny about that. How about I refer to them as people who drive like XXXXXX...Is that better?"
0,855,"So what if the author isn't arguing against gun control? At last, there is indication that England has taken a step in the right direction and realized that taking all guns away from everybody isn't the answer to crime."
1,856,I have an entire New Testament. You've got what - a mouthful of denial? When you get to the level of the NT works let us know.
1,857,"So you being unwilling to back up your AD HOMINEM is somehow like a serial killer being nice?
What a pathetic deflection attempt! 
"
0,858,"maybe firstly you should explain how god works? In what way does he manupilate matter in defience of the laws of physics, where does he dwell, how can we not observe such a being? And all the other questions of the supernatural. The theory of a god is actually a lot, lot more complicated than evolution as you have to explain *how* God works to get even basic science points."
1,859,"i think you may be the one whos perverted. suddenly, were talking about gay sex!!!!!"
1,860,so your saying he was 200% god-man? i'm not a mathematician but that can't be right surley.
0,861,"That's EXACTLY the point. Regardless of whether or not human minds think differently, whichever mind produced and agrees that 2+2=4 is absolutely correct, the rest are wrong. We know this because we can observe and test the concept in the physical world and prove that it is true. This goes for just about anything, dissention in the face of facts does not change the facts.IMHO, this invalidates your claim that something produced in the human mind is not absolute due to some human minds being contradictory."
1,862,So the fact that terrorists board airplanes should be used against people in determining whether they can be trusted or not? My government must not trust an ordinary dirtbag like me because it makes me go through a security check before boarding a plane.
1,863,"It's like,...
""What part of 12 TRILLION dollars (and growing) in debt is so hard to comprehend? """
1,864,"Confucius, that is one of the biggest puddles of sentimental puppy dribble that has ever been manufactured."
0,865,If humans are parasites can I kill you because parasites have no worth. 
1,866,"Nope. However, he does get to pay child support if he gets caught."
0,867,"Ah, but the issue in this thread is what the fetus really means to anti-choicers/anti-lifers."
0,868,"Wow. A very unusual and distressing story, and probably why saline abortions are no longer used.   It is very unfortunate for her to have to live with that disability."
0,869,"Considering your previous comment, that isn't you. Once again, that opinion is based upon who you read."
1,870,A 6ft tall mugger vs an old man. The muggers hands are leathal weapons vs an old man.   Let's see. The criminal got away and the old man is being charged with a crime? Do you see anything wrong with that?
0,871,"These ""infants"" do. My mother could have aborted me and she chose to have me.   And if the state decides to keep abortion legal? Then you don't care if these ""gifts from God"" have a chance or not?"
1,872,"You never bought something you liked? You never went somewhere with someone you liked or went to meet them? 
"
0,873,"You lost this debate Skeptic, why drag it back up again? There are plenty of other subjects that we could debate instead. Pick one of them and let's debate again. Alternatively, how about a formal debate on ID in which you never once mention Behe? That'll be a completely different one and worth considering."
1,874,"Yeah, that's probably what Stalin and Hitler said at first too. They were also big fans of 'gun-control'. 'Gun-control' works great.. especially in countries with fewer freedoms and/or socialist governments. I read somewhere that in Japan that the police can (and do) visit you twice a year at your home unannounced to question you about your activities. And yet, people still die at the hands of criminals there like anywhere else.   Sorry, you assume that because the 'law-abiding' abide by these laws that that will somehow affect the actions of those that disobey the laws. Doesn't work that way. You liberals are always quick to blame inanimate objects for the actions of the irresponsible. But then, liberalism is all about excusing the behavior of the irresponsible."
0,875,"Maybe sentient would have been a better word to use.
 
 In a nutshell my position is it is no more immoral to kill a baby before it becomes sentient (if there are good reasons to do so) then it is to euthanatize a dog at the dog pound."
1,876,"If the rejecting of the ""lifestyle"" results in death, beatings, job displacement, eviction, insults or inequality, then what would YOU call it? ""Religious moral code?"""
1,877,"So you represent something you don't believe exists?
Doesn't this make you a Nihilist?
""Vee beleef in nossing, Lebowski! Nossing!"""
0,878,Just have to say something on this. If the boy scouts didnt receive federal support and get special deals from the government then they would be able to exclude whoever they want. However since they often hold their meetings in public schools for free and rent public lands for discounted price or even sometimes for free they cannot discriminate against gays and atheists. So they have to make a choice.
1,879,No but it will be funny to see what sex tapes this tramp did too....
1,880," they can refuse any ceremony they want. That it has been \""open to all for years\"" carries no weight whatsoever. It is church property--which is essentially the same as a church saying it doesn't want gay ceremonies in its sanctuary which churches are free to refuse. Maybe churches are imposed upon in such ways in Canada  but not in the US.Given these matters  I'm not sure the HRC is being any more honest than the video they are responding to."" So then if I owned a business or a piece of property I could then refuse to sell or accommodate fundamentalist anti gay Christians and \That it has been \""open to all for years\"" carries no weight whatsoever.\"" It is my property and I don't like the immorality of fundamentalist anti gay Christians."" "
1,881,"So your answer to the question then is ""Nothing"", Marc?"
0,882,"You believe two things that are incorrect: that you have refuted evolutionary theory, and that we will now accept intellegent design because of your attempt."
1,883,"Really? Is it of the flesh eating variety that is resistant to all but the strongest antibiotics? Because if so, then that is big news."
1,884,"I like the Grape Flavored best, But I won't be drinking any KoolAid with you or one of your religious Cult Fanatics... 
And why would I be embarrassed about telling the truth?...."
0,885,Oh never mind that such a condition would be toxic...not to mention that no ice cores support such magical ideas.
0,886,"Well, sort of. It isn't necessary, but if you're predicting intelligence from what someone does rather than direct measurements of physical properties, knowing their motivation level might allow you to make more accurate predictions.   Nevertheless even without knowing the subjects' motivations at all, today's generic intelligence tests still have excellent predictive power for success in both school and employment, and are perhaps better predictors for future success than any other method we have (including interviews, personality inventories, aptitude in a particular field)"
1,887,"Let's see now....you're Christophobic, Biblephobic, Fundie-phobic, steeped in carnal hedonism, you use derogatory rhetoric against God's people, and what else?
Hypocrite!!
And Barney Franks a respectable congressman? ROTFLOL!!!!
You're clueless, Shooter. I shutter to think where you'll wind up. But we'll have to see what develops. It'll probably be negative, since you've lost your focus."
1,888,"Wow, you PROVED the Big Bang to be a big dud? I didn't see this clear refutation of a longheld scientific theory written up in any of the peer reviewed scientific journals. I must have overlooked it. Can you give the reference to your article?"
0,889,"The link takes me to the USA Today site but gives a message ""The requested document was not found"".
 
 Please post the article."
1,890,"You mean a strawman logic fallacy, right? Yeah that would require me using a statementnot a question. But at least you tried."
0,891,"Well, we really don't know. However we do know that the woman has self conscious, and feels pain. Something the fetus lacks. She also can interact with other human beings, and develop relationships and attachments. Another thing the fetus lacks. Phisically, she is larger and much more capable than the fetus, and has a formed brain. Another thing the fetus lacks.   In conclusion, we really don't know. But, we do know that the woman can do, feel, and become more than a fetus is."
0,892,"Just like the Brady Campaign. Often when trying to paint concealed carry holders as dangerous individuals, most instances they cite either never had a concealed carry permit to begin with, or the matters of the case were instances that lacked mens-rea and weren't crimes to begin with."
0,893,Since they are issued by the military I would think so. 
0,894,"Gun control maintains its racist roots even in this day and age. What other reason would there be for Form 4473 to ask applicants what their race is? What is the importance of knowing if somebody's white, black or mexican when they're buying a gun?"
0,895,"Oh, so business owners don't make ""real"" contributions to society?"
1,896,"As you both also ignore the fact that it was TQ who first posted in the largest red bolded font possible. But hey, since when do you children care about facts or truth. emoticonXRolleyes
"
0,897,"Oh. Thanks for pointing that out. I didn't recall reading that rule, but it certainly makes sense."
1,898,do you go to study hall? probably not. It is a requirement where the athletes sign in and sit in the library with their teams and are monitored to make sure that their studying is getting done.
0,899,"But what about the hypothetical?I can't think of a single child on this planet that has never been exposed to the ideas of the supernatural.So, what I was asking is whether faith is nature or nurture.That's why I brought up kids being afraid of the dark, likely no matter what anyone tells them. I think it's this fear of the unknown linked to the ""logical"" brain of a human that possibly creates this need for explanations. But faith involves specifics, so when the specifics are filled in and ""make sense"" to more than one person, these specific ""explanations"" can be passed down.So I don't know how much of faith is nature and how much is nurture."
0,900,"Oh dear, you're back to your nasty ad hominem self. I could have made fun of the fact that you don't know about materialism, and how its a major force behind evolution. Which is itself a suggestion that you are unaware of the socio-political forces driving western evolutionary theory.**The issue is about people behind sciences, making many different 'sciences'; based on bias, cultural/political/historical. 'Peer' doesn't mean anything because 'peers' are just people with the same background/bias etc.I notice you didn't touch upon Nationalist Sciences. Or for that matter, Capitalist Science.*You mean 'understanding' written English.**I say 'western' because there are other evolutionary theories - Marxist, Nazi, Feminist etc.Thank you, come again."
1,901,Even Joe the plumber abandoned the garbage scow? Say it aint so!
1,902,People make mistakes (excepting some pro-evolutionists who respond with anger and blame others of 'twisting their words'.)
0,903,But it isn't an assertion of absolute truth. It is actually an assertion of the consensus of current scientific thought. I have read some discussion about various other possibilities. Maybe several forms of life arose in various environments. Eventually they then had to compete for resourses and all but one went extinct. And then there is the hypothesis that life arose more than once and fused into a single population. The bottom line is that the DNA code is universal with only a few minor differences in a limited number of primative organisms.
1,904,"EZ, the ""I know you are, but what am I?"" response works in the schoolyard, or on the Rush Limbaugh show, but not in the civilized world. Not too surprising coming from a Bush supporter. You could insult the intelligence of an ape."
1,905,"Wow what a lovely christian setaments and attitudes. I wonder what Jesus would say about his number one fan after a statements of hate as the ones above.
"
0,906,Unions fought to keep children out of work for the same reason they fought to keep blacks and women out of work - they want a monopoly on employment.
1,907,"I would just want the woman to ask that question before she spreads her legs.
Dono"
0,908,"And it is. The ToE is a theory, however. It explains evolution, which has been observed. Do not attempt to deny that."
0,909,"See my post above, Hi. marc ignores fundamentals of Miller's beliefs that he clearly spells out in trying to push his anti-Miller argument."
1,910,And posts like yours serve no purpose other than to detract from the subject at hand. The subject at hand involves how some people choose to fear the law-abiding and feel safer with the law-breakers. You've done absolutely nothing to dispute these facts and prove them wrong.
0,911,"This is why people shouldn't have opinions, rather facts. Opinions should remain neutral untill sufficient objective evidence can be gathered. When people run off having ""opinions,"" they cause trouble.The fact that someone doesn't do or believe what he is selling doesn't affect the validity of the argument. There are teachers who don't believe in evolution, yet they teach it because it's standardized.You have people who promote an idea because it's popular, because of convention, or because someone tells them to.Someone can be saying something, believing something else, yet be totally wrong. THeir belief isn't the fact."
0,912,Because that the law one has to presume and of course the law applied to that specific case. As to it being contradictory - well the law is loaded with contradictions if you look at all closely. On the other hand consider that the driver killed the woman AND obviously damaged her fetus beyond recovery - WITHOUT the consent of the woman. In other words the death of the fetus was not by consent of the person who holds the right to decide but rather by the negligence or intent of the guilty party.And yes prior to her death (assumming all other requirements were met) she could have AT HER CHOICE and UN-COERCED have chosen to abort the fetus without incurring a legal penalty. But that would of course be much different.
0,913,"What would you know about fair and balanced?emoticonXCensoredI know a lot of truths about gays. Do you want me to start posting incessant threads pointing them all out?And I am the moderator for the formal debate forum, not the entire board. Want to debate me on the benefits of gays on society vs Christianity?"
0,914,"There are several scientific explanations for the nature of the earth. Some use 'science' to say that the world is flat. Granted that these beliefs aren't widely accepted, but then not all religions are widely accepted. By your reasoning or 'logic' you must ask yourself about whether you should rely on science when there are many different scientific theories.The Flat Earth News, at least back then, had a regular column, ""One Hundred Proofs Earth is Not a Globe.""(go to http://www.flat-earth.org/)Other theories taught as sciencephrenologyalchemyevolutioneugenicsneptunismTheories of the Aether Articles relating to the Emergence of Scientific Theories of the Cosmic Aether(http://www.mountainman.com.au/aether.html)What about 'metascience'?http://www.calresco.org/lucas/science.htmOr, sciences used to support political ends...What about Marxist Sciencehttp://www.marxists.org/archive/hald...philosophy.htmor Chaos Theory and Marxismhttp://www.marxist.com/science/chaostheory.htmlThere's Nazi Sciencehttp://www.webster.edu/~woolflm/naziscience.htmlNationalist Sciencehttp://www.ljudmila.org/nettime/zkp4/08.htmOr social ends...Scientific Racismhttp://www.press.uillinois.edu/f02/tucker.htmlMainstream scientists instead of using the word 'heretic' use the word 'pseudo-science' to categorise fringe beliefs."
0,915,"I did not say that violent crime ""rarely"" occurs, merely that the risk of being a victim of such is lower relative to other risks. I am genuinely curious if you care as much about protecting your heart as you care about protecting yourself from criminals."
0,916,"Well, yes, the idea of an omnipotent being with a definable physical (or even mental) form has always struck me as a little... odd."
1,917,"I knew it. I'm a lesbian. I just crave women. Many women at the same time.
I'm just playing.....just wanted to lighten it up"
0,918,"Well either the police are going by documented reports, or they're just making up a BS number to give politicians something to bite on for furthering their agenda."
0,919,"The purpose of the Bill of Rights.
Preamble to the Bill of Rights"
0,920,"Oh, there's no hypocrisy involved, just you being your usual self and not even looking at the actual information (or, more likely, looking at the information and then deliberately playing dumb)."
0,921,"[quote=Galileo]Congress has justified its regulation of guns based on the Commerce Clause and the Taxing and Spending Clause of the Constitution.   [quote]   You mean this one?   According to dictionary.com:   commerce ( P ) Pronunciation Key (kmrs)   n.   1. The buying and selling of goods, especially on a large scale, as between cities or nations. See Synonyms at business.   2. Intellectual exchange or social interaction.   3. Sexual intercourse.   While I really hope it doesn't refer to #3 and I doubt it means #2, I would think it means #1.   So it can regulate buying and selling among the states, with foreign countries, and with Indian tribes. So as long as it is sold in the state, the federal government has no power to regulate it. I always thought it was just the states that did that, but the 2nd amendment stops them from doing that. Or so I thought."
0,922,"I believe in a strict interpretation of the Constitution, this makes me neither a liberal or conservative. The SN was inspired by VOR who kept signing his posts with quotes from Karl Marx."
0,923,"Well you don't need to doubt it. I like to be rational but I also wish to believe in God. I need some evidence, any evidence, to believe in God and that would be all I would need."
0,924,And yet there are plenty of websites written by scientists with the details:
1,925,"emoticonXFrazzled
Like I said. I get the gist of your gripe.
So...are you offering to give up your computer and the electricity that runs it? Do you have a list of those 'consumer goods' that you want to ban from civilization?
You still don't get it - people need jobs and right now those jobs consist of making consumer goods. What % of the population do you want to cull so that the global unemployment rate doesn't create a society of thieving savages?emoticonXDonno"
1,926,And I suspect WW understands it about as well as you do...
0,927,"Actually you are incorrect. The most commonly used rifles on the competition circuit are so-called ""assault weapons"".The ""assault weapon"" moniker is a term just recently fashioned to describe a military looking weapon.There are several target competitions designed solely for these types of rifles."
1,928,Does a bear **** in the woods? Does the Pope live in Rome?
1,929,"Considering what you turkeys did to the State of California, with its budget and social depravity, you have no room to talk. I'm surprised the Lord hasn't cast San Francisco and L.A. into the Pacific Ocean yet."
0,930,"Surely, we can only ""guesstimate"" how many living species have escaped our attention ? But how probable is it that only 1% of all the species that ever existed escaped extinction ?   I think your point about mass extinctions may be a key to what has puzzled me."
0,931,The criminals in DC already have their guns. All striking down DC's handgun ban will do is let the law abiding be able to better defend themselves and be armed for a change.
1,932,"So we kill the baby instead? Interesting idea. How about instead we reform the fostor and adoption care system. No, people arn't looking for healthy, white infants, they are looking for infants. This automatically reduces 90% of adoption cases. The so called ""Healthy white infants"" make up 70% of all adoption cases, seeing that 30% of abortion are done by blacks, and latinos and most minorities don't have abortions, but instead keep their children."
0,933,Right. The frenquecy of the alles have changed over time.
1,934,"Oh, the old carnard, marry someone of the opposite sex and ruin two lives. I get it."
0,935,"along with the OTHERS, the point has been missed, gays whine for the RIGHT to adopt children to the exclusion of the RIGHT of children to be nurtured by heterosexual couples or individuals, adopted children who will otherwise be raised in an overwhelming and natural world of heterosexuality"
1,936,That is the only purpose it was created for. One must wonder if BS can have several uses to man and ID has but one which is the more valuable?
1,937,"So Archie goes back, sees whether this thread is one of the few where he doesn't spew the namecalling, then asks somebody to restrict himself to citing this thread as if it's a representative sample."
1,938,"Hardy, har har! It is nice to see sinjin is still ""hanging"" around :)"
0,939,"You are missing the entire point (again). Why do you feel ashamed? Because you know that what you did is bad. I have heard from a great Australian war hero, one of our remaining ANZACs soliders (recently passed away I think) that we he stabbed the enemy soldier with the spike thing on the end of their gun (WWI era) and he saw him die that it was ""the worst feeling that a human can possibly endure"". He said that that image will haunt him for the rest of his life. He knows that he did something wrong, but it was a war, and unfortuantely that kind of thing will happen. You are way off the plot. But let us continue."
0,940,So you're actually claiming that it is a lie to say that the UK has a lower gun crime rate than the US? Even if the police were miscounting crimes it's still a huge and unjustified leap in logic to conclude from that that the UK does not have a lower gun crime rate.
1,941,I see. So the Bible is true because you claim it is true.
1,942,"I do and I was joking around. I'd never actually consider having sex with a Christian.emoticonXCry
Besides, a man your age should have learned the difference between love and sex."
1,943,"Spoken like a righteous Christian who knows just enough of his religion that he feels confident he is right when trying to explain it which is typically done incorrectly
"
0,944,"Actually our school's Gay-Straight Aliance held a day of silence to show respect for gays who have had to live in silence. They asked the teachers to respect the people in their day of silence and not force them to talk. I think most teachers didn't force students to talk. Unfortunately, some just spoke in sign language for fun and said they were doing it as part of the day of silence."
1,945,"So then how do you know that abortion isn't in the plan then? If as you say we have ""VERY LIMITED PERSPECTIVE"""
0,946,"The quad 50 full automatic anti-aircraft gun is designed to oscillate on it's mount. This is so that the bullets will come out in a pattern. This pattern along with tracer rounds helps the shooter guide the blizzard of bullets at the aircraft. Even this only works at low altitudes. Modern planes typically fly at ~30K feet. That's more than 5 miles high! A perfect bullet, or one that is fired in a vaccum with an initial velocity of 2800 fps will only go ~25k feet before gravity alone will have reduced it's velocity to 0 fps. The odds of hitting something that is moving at ~900 fps at any distance with a bullet traveling at ~2800fps are slim to none. That is why anti-aircraft guns are full auto, not a semiauto or anything that a citizen has access to legally."
0,947,"Listen, I have forgotten more than you will ever learn about what is real and true in this world, so either back up your insults with facts or get lost because It is becoming painfully obvious that attempting to reason with you is an exercise in futility. kind of like trying to travel from point A to point B on a merry-go-round."
0,948,"That is an erroneous line of reasoning because it fails to take into account the myriad of other options open to a women after birth to remove the newborn from her care without any ill effects (physically anyway). Killing in the instance of a newborn is not justified because of those other options open to her. By contrast, a pregnant woman has exactly one option open to her to remove the fetus from her care and that is abortion. I would contend that the same line of reasoning that allows for adoption can be used here, that no one must donate their resources to a dependant.Your reasoning that a woman, using the same line of reasoning that pro-choice people employ, can withhold her bodily resources ""until the newborn dies"" as if that is equal to withholding bodily resources in pregnancy is faulty."
0,949,"If anti-gunners can pass a law to make the private sale of guns require a background check at a gun store then they can do it for all private sales.   If it is illegal for private citizens to sell guns at a gun show, then what prevents them from simply walking out to the parking lot and concluding the sale there?"
1,950,"Great job straight out of the leftard playbook. Can't refute the message so go after the messenger. Would it matter if it was printed in the NY Slimes, I doubt it."
1,951,"Or maybe they do? Could this sick, perverted individual be the spokesperson for the so called ""gay movement""?"
1,952,"And there you have the ""***** Eye for the Straight Guy"" review of the inauguration. :p 
Never mind the expense, the protests, the rather scary IMHO precendent Bush has set in terms of the inauguration, let alone his foreign policy, let's talk about Laura Bush's outfit. emoticonXRolleyes 
Waxy"
1,953,"Since you seem to know Jebus so well why don't you ask him to make an appearance and tell all of us heathens the error of our ways.. Why not let Jebus tell the world what he thinks about Homosexuals ... Oh wait.. Jebus never mentioned the subject so this is just YOU and YOUR ilk spreading more homophobic paranoia ... 
You've reached a new Low EZridden.. and I never thought you could get any lower ...emoticonXBounceremoticonXBouncer"
1,954,"To use WMD's one actually has to have them my neo-liberal friend. But I guess that kind of basic logic just goes way over your head.
*whoooooosh*"
1,955,"What were all people are treated equally and there are no laws limiting privacy or sexual freedom?
Ahhh yes I guess equality, privacy, and sexual freedom are a bad thing emoticonXBanghead"
0,956,"The claim that only through a belief in the Biblical God - or any God - can right and wrong be known is completely stupid. 1) Ever hear of humanism? 2) EVEN CHIMPS HAVE A SENSE OF BEING TREATED RIGHTLY OR WRONGLY! AND EVEN CHIMPS HAVE BEEN SEEN TO DO FOR OTHERS WHAT THEY WOULD WANT DONE FOR THEM!EDIT: Excuse, I double checked and I was wrong ... but that's BAD news for the Creationist!EVEN CAPUCHIN MONKEYS - WHICH ARE NOT AS RELATED TO HUMANS AS ARE CHIMPS - HAVE A SENSE OF WHETHER THEY ARE BEING TREATED FAIRLY OR NOT!!!http://www.sciencedaily.com/releases...0918092951.htmChimps take this one step farther by adding into the mix how closely their social bonds are to the other participant. So chimps have a more complex sense of fairness than do capuchin monkeys.http://www.whsc.emory.edu/press_rele...nt_id_seq=2819"
0,957,"Actually, the storm lasted for 40 days and 40 nights. The ark was actually afloat for a year or so. So I guess the answer is that the ark had all kinds of pestilent insects winging about and biting and stinging the occupants. The problem is, how did these aquatic breeders actually propagate in the feces and urine infested bilge of the ark?"
0,958,"But the difference is, if you take a swing and hit someone, or harm them in a worse way, you can get locked up for it. But no cop is going to bar the door to a chapel where you get married to a same-sex partner, and you won't be arrested afterwards. Yes, it's completely legal for you to do that, right now.Apples and oranges."
1,959,"And with strict gun control laws too. Wow, who would've believed such a thing were possible."
1,960,"Anyone speaking English could well be an illegal from the UK then, right? 
I guess Puerto Ricans better watch out too."
1,961,"Then you have amnesia, because you are samiinh, and your posting style and trolling content is solid evidence of that."
0,962,"So parthenegenic births are always female. Where did the X chromosome come from? Is this another case of ""POOF, it was a miracle"" when faced with reality?"
0,963,You can forget the loaded language including false notions of progress. Lifeforms are evolving by way of purely physical and chemical mechanisms.
0,964,"Yes, you are missing something. How come age doesn't start at conception? How come when babies are born they aren't 9 months old instead of, well, seconds old."
0,965,"Just some interesting information I learned when we went caving a couple years ago (a real cave, not one of the commercialized ones). Bats actually have better eyesite than humans, but even they can't see in pitch black. No eye can."
0,966,"Yes, everyone is a ""potential"" felon. Fortunately most people never commit a felony. And there are many different types of weapons, all which could be used by previously law abiding citizens to commit an act of violence."
1,967,"have you considered a career in advertising?
by the way you f***ed us too. Australians troops were cannon fodder in WWI for the British Empire, remember Gallipoli?"
0,968,"And how is your think group any different, you all think alike just as gun owners all think alike. So stop calling the kettle black."
0,969,"think of it as a photocopy of a check for a million dollars. yes the copy is in the image and likeness of the original check, but it is not the check. you cannot cash the photocopy, regardless of how accurate the copy is, it is not the check, only an image of it. that doesn't mean anything is ""wrong"" with the original, and it doesnt mean that the copy has to have all the properties and function of the original. its just an image"
1,970,"Well personally I tend to always question the intelligence of someone who believes that that a cosmic Jewish Zombie who was his own 2000 year old space god father can make you live forever if you symbolically eat his flesh and telepathically tell him you accept him as your master, so he can remove an evil force from your soul that is present in humanity because a rib-woman was convinced by a talking snake to eat from a magical tree..."
0,971,"That is a nice little pistol with lots of smack for only 11 onces. Also, I like DA automatics."
0,972,"Actually it started when they wrote the consitution - you can practice your religion, but you can't make me do it or even give a flying monkeys XXX about it."
0,973,"That's true, as long as ones pursuit of science is really science. In the case of ""creation science,"" there is no science involved. As trebor has said, ""creation science"" is an attempt to find scientific sounding reasons that can be used to justify the conclusions that have already been reached and that are not subject to change. That's how ""creation science"" works. Begin with the conclusion and then search for scientific sounding justification.   Real science is a process and a way of learning."
0,974,"And the follow-on that Archie throws out there demonstrates his ignorance on the subject.Such laws DO NOT just protect homosexuals.They protect EVERYBODY from being fired just cause they are gay OR straight (or bisexual or nonsexual).It protects the straights just as much as it protects the gays.It has nothing to do with ""better than"" or ""superior"".If people like Archie understood legislation like ENDA, they wouldn't try to make such an absurd allegation! emoticonXEmbarrassed"
1,975,This coming from the guy who is accurate on every thread on this forum and provides factual and analytical evidence to a intellectual arguement. (sarcasim) PleaseemoticonXRolleyes
1,976,I was just thinking this thread smelt a little fishy emoticonXAngel
1,977,"It probably was a bunny suit that he was supposed to wear. I guess he changed his mind, once again, and decided to wear this suit."
0,978,You can't...only admin can...and there's no need to be sorry.
1,979,"Right off I don't know anyone who doe's believe it,any more so than a society 
that is mandatorily armed (good idea to). 
Well anyhow Comrade I had you figured to be jumping up and down.Its all nonsense right down to encoded ammo,however ifs do make a good topic.http://www.4forums.com/political/ima.../xbanghead.gif
emoticonXBanghead
http://www.4forums.com/political/ima...lies/xkill.gif
emoticonXKill
P.S.plenty of firepower though,probably like most of us."
0,980,"To be more accurate, (not something noted amongst the pro-gun rabble) the right of protestants to have arms for their defence against catholics.I think we've all seen quite enough of this ""defence"" in Northern Ireland. (assuming that yanks can locate the place with a map emoticonXRolleyes )"
1,981,How do you know if they WANT to believe in a deity? They simply don't.
1,982,"But yet you have the right to make an an a-s-s out of yourself? As far as the nude beaches go, it would be worth the plane fare if I knew you were going to be at one so I could laugh my a-s-s off.
 FROTFLMAO
"
0,983,"This is ridiculous. Evolution is ""scientifically neutral"". It's you who has the bias."
1,984,So the fact that it is not legally recognized is the problem. What is the reason it's not legally recognized? Because the couple is gay.
0,985,"Excuse me, but you didn't fully read what he wrote. He didn't say that he supported abortion. He said that he wasn't as much a freak about it as you're being."
1,986,No - but they certainly have a bias. As do we all.
1,987,"So theistic evolution is not a belief, not a faith at all? It is simply a humanistic idea that is based on science, using God to fill gaps?"
1,988,"It's called a dictionary. They're really nice, but of course first you need to open one up and actually read what it says emoticonXGood 
Clickity-click.
"
1,989,"Just like I predicted. And I'm pretty sure from your screen name and the way you wrote your OP that you had already made up your mind before you did your first post. You've tried to pull off your little charade here but I had you pegged from the get-go.
Nice try."
1,990,"You can take it any way you want . I don't care. 
So you have a problem with reading the thread from the beginning do you ?
Why ? I am just curious....poor reading skills ? what is the problem here ?"
0,991,"Well, certainly I don't expect to change the minds of millions of Americans, and that is not my goal. My goal is to convince readers of my writing that Americans SHOULD agree with same-sex marriage because it is morally correct to do so."
0,992,"So gay people, in your opinion, have no right to form the families of their choice? So you are defending the continued oppression of gay people?We are sick of conservative family types. We are tired of the closet. The phrase ""we are mad as hell and we are not going to take it any more"" applies. I see in your response the comming of the camps to lock and exterminate gay people. It is that type of thought, that jews were subhuman, that led to the final solution. As it is here with conservatives and religious right nuts, who believe gay people are sub human sickos in need of curing or killing."
0,993,"And if God was so against killing the unborn, why did he fail to make an exception for the pregnant women? If you alleged that the Biblical God is totally against killing the unborn, why did he tell him to kill all of the non-virgin women?I bet you won't answer the question and just rely on insults as an attempt to cover up your argumentative failures as you always do. See my signature for examples. "
1,994,Is there some sort of a symbolic potent phallic aspect to holding a gun in one's hand? Is Sarah Palin being a manly sort when she shoots a wolf from a helicopter?
1,995,"PROJECTION, again.... I'm amazed you can't recognise the amount you do it...."
1,996,"The only thing he has faced has been kangaroos, the mirror and flying springs from the scale"
0,997,"So Gup20 wants to play word games. (Sigh) This is usually a sign that he or she has run out of logical arguments. Anyway, this topic is in another thread. I won't discuss it here."
0,998,"The same ones you've been told about, what, a few dozen times now? :)A small exerpt:"
1,999,Where better to find more info on the evolutionary migration of humanity than from friendly atheist.com. Keep that pure science with no agenda coming you guys.
1,1000,No more circular than your. Except that your assertions aren't backed up by any evidence.
0,1001,"Actually, at 24 weeks is when the the interconnection of the fetal brain begins. The nerve cells from the neocortex begin to synapse with the nerve cells of the thalamus. It is at this point that bursts of recognizable brain waves start to appear among the random signals that go on before. It is at this point that some scientists believe a fetus can feel pain as well.It is also at this point that a fetus can possibly survive outside of the womb (23-24 weeks), though the cance of survival is low and the risk of impairment very serious. This point probably won't change with technology either because the fetal lung is not mature enough until this point for even mechanical-assisted breathing."
0,1002,"Even if the number of defensive uses is only 800,000 a year, that's still a rate of more than 53 to 1 when compared to the number of homicides committed with a firearm."
0,1003,"Yes it is, police aren't obligated by the US Constitution to protect individual citizens. If they were, lawsuits could be filed every time a crime is committed, and the police would go bankrupt really quick."
0,1004,"Are you suggesting that if abortion were banned that abortion clinics that are already done will flood the US? Please, get real here. People would probably go across the bordor and get abortions there...you might have drugs from canada come over that cause abortion but there is no reason to believe this will ""clog"" up the jails. People need to realize that is was only 30yrs ago that abortion was pretty much illegal (in most states). Did you see prisons flooded ? no."
1,1005,"Again he was under attack. Listen to yourself. And talk about a parrot? 
No one is arguing Saddam was a saint. But he wasn't and threat and he wasn't insane enough to commit sucide. You are too busy being a lemming and being led over the cliff with president Shrub (Molly Irvins -- GW is to small to be a Bush). ;)"
0,1006,You're working at the wrong end of the problem. We need young to survive. It's the old that are expendable.
1,1007,"Do a little math here: http://education.yahoo.com/reference...sp/popula.html Minus: 500,000 est, who marched in this protest. Leaves at LEAST 39,500,000 who did NOT march. Further into the article: Read it for yourself. http://www.commondreams.org/cgi-bin/...05/0422-08.htm"
0,1008,"You asked where the line should be drawn in regards to weapons?How about where ownership and use of weapons does not violate the rights of others. Before you respons think about it. Do anything you want. If I don't violate anyone then what is the beef? If I don't break any laws or endanger anyone what is the beef?The safe storage and handling of cannon, cannon propellant, and cannon ammo is well known. They can be stored in places typical of homes without violating the rights of others. BTW a cannon is not a weapon. It is considered a 'firework' by the ATF. Ever see a civil war renactment? Lots of cannons? So yes having a cannon in your front yard does fly."
1,1009,And the UN seems to feel it's necessary to spell out that you have the right to marry and have a family.
1,1010,"Enlighten me. What evidence came out Monday, Tuesday Wednesday, Thursday or Friday of this week?"
1,1011,Make sure you clap when our defense is gutted and we can't adequately defend our own liberty. Turkey. You don't have an ounce of common sense.
0,1012,Minnesota   Permits single GLBT adoption. Joint gay adoption unclear. Second-parent adoption allowed in some areas.
1,1013,"And once again (s)he rambles on while responding to nothing said in the prior post. At least you're consistent in your irrational hate speech. BTW, the term sword of truth implies no violence against anyone at all. Except in the mind of paranoid hate mongers, that is. emoticonXGood"
0,1014,Oh joy another drive by with absolutely no proof or evidence.
1,1015,there is the problem the lack of civilized societies are well.. when you find one come tell me.
0,1016,"23,000 firearms were handed in when the UK had its gun ban. According to your logic those people that handed in their firearms can still be prosecuted because they took possession of a firearm prior to the ban. I don't think so."
1,1017,"Thanks for contributing absolutely nothing as you make unfounded claims without supporting them with even the slightest proof. But hey, talks cheap; and you've proven you've got plenty of that since showing up here."
1,1018,"Oh boy,,.. I got ignored with a potty remark. Why is that not surprising?"
0,1019,How do you know carbon dating is so accurate? Would you bet your life on it?
0,1020,"No Steve, I realise that there are hetersexuals who practice that filthy pastime of anal sex and other sex acts that the human body is not designed to do. Heterosexuals have no more business doing these things then homosexuals.   Do you realise Steve that E Coli bacteria inhabit the rectum and are in feces? Do you know how sick and E Coli infection can make you? Sodomy is akin to having sex in raw sewage."
1,1021,Sounds like I got the better deal. Maybe you should have held your pre-printed sign higher so the cameras could read ALL of it. ;)
0,1022,"Again with the common sense, but that is another issue alltogether. You're arguement that the brain is a fundamental unit of life is just plain wrong, considering the majority of all organisms don't have one. Bacteria, Protists, Plants, Fungi, and some animals are all without brains. Brains are required for motion and fast response to immediate changes in environment, for example a falling rock. Brains cluster nerves so that appropriate action can be taken. Some brains are amazingly simple while others like our own are immensly complex.   Your arguements all show a general lack of study in biology and my common sense is appalled by yours. I am reminded of Bill Maher who once said about the intelligent design debate: ""Because you don't have to teach both sides of an arguement when one side is retarded."""
1,1023,"To this administration, Keynesian economics are conservative and FDR was a tightwad."
1,1024,"Oh, well. Apparently you want to talk molecular chemistry whereas I was hoping to discuss organismic evolution. Too bad. Good luck with anyone who wants to debate your topic, but it just doesn't interest me."
0,1025,"City council vote only, not sure about public sentiment, but from what I gather, most people don't care because they don't own guns. Whenever an issue like this comes up, people who are interested seem to become the loudest, both the pro- and anti-gun crowds."
0,1026,"Those cultures that permit multiple wives at least do have issues as a result, but hard to say they fail miserably. We are complex animals and not all animals mate for life. There is significantly more involved in the lifelong union of humans than reproduction. Multi-marry under the right circumstances works, but it isn't for everybody and even for those that it is for doesn't mean it's for them always. In a nutshell marriage is the biggest commitment any person will make and should be given the consideration and thought it deserves. Same sex marriage can cause a perfect union of two people the same as M/F and can make a mockery or marriage just as many M/F unions currently do. The emotional investment is the same, the responsibility and obligations are the same, the only difference is genitalia and a little more hair in some cases."
1,1027,Why don't you answer Bryan's post above troll? He has some important information you would never figure out by yourself?
1,1028,"I'm not big on the abortion issue, but are you saying that anyone who disagrees with you is sexist and arrogant? That's a tactic straight from the leftist playbook. Clearly you're the one who's arrogant, if you can make these kinds of baseless generalizations of your opponents. Isn't it you who always accuses conservatives of being intolerant of people who think differently than them? Now that's irony!"
1,1029,Yawn.. you are so obsessed with gay sex. I am not. Enough said.
1,1030,"ER, you're doing the God complex again. Sandra Fluke might not even use birth control because she may very well be celibate. Only God ... and ER who thinks he's God ... know."
1,1031,"I'm sure the response is that He could. But, y'know, God's a real XXX sometimes... (Besides, who do you think used His uber-complex biochemical engineering skills to create the prions responsible for FFI, anyway?)"
0,1032,"1.)Refusing to comment on scientific procedure means absolutely nothing. Maybe we don't have anything to say.2.)Testing your beliefs of your own scientific conclusions is not wrong.3.)I don't lie dude.4.)Because we don't give the response you would like is not wrong.5.)Don't think so.6.)The only thing classical ad-naeseum is your own preconceived idea's of creationism and creationist.You don't want to debate the issues like normal civil people, you just want try to make fools of creationists. Usually you're the one who start's the insulting. Your hatred is obivious and you're open to nothing. Just good 'ol boys patting each other on the back. I know this probably doesn't apply to everyone, there are some good guys out there. emoticonXAngel"
1,1033,"No, it's one of those rare instances in which YOU are on the right side of an issue. :p;)"
0,1034,"But poetry will never be taken seriously in political decisions. Atheists have a lot to like in songofgenesis, don't they?   another quote"
0,1035,"Well, the first part is true but I'm not sure I understand what you are saying in the second part. Science does not claim that intelligent design is false because science lacks the tools to examine the concept. ID is just another unsupported assertion outside the domain of science (and logic for that matter). ID has reached the stage of unsupported assertion without evidence. Science has better explanations."
0,1036,But I think that is the point. What if you didn't agree with the germ theory of disease? Does that mean that it shouldn't be taught in health classes in our schools? Should it be replaced by the bad humors of night air theory? But not everyone agrees with that theory either.
1,1037,"Because there couldn't possibly be any undetected illegal gun trafficking, could there be?
"
1,1038,"
But? If? Isn't? But that's?
Must be a Progressive prison or something. emoticonXSmilie"
0,1039,"So, your saying an eyewitness would mean nothing. Yeah right."
1,1040,"Referencing the NT in an attempt to justify the NT? The very same NT which was written by Jesus' followers? I see. 
"
1,1041,This coming from someone that is very choosy in the question that they answeremoticonXRolleyes
1,1042,"The only conservitave i know with common sense is my imaginary friend Alfred.
And im not THAT much of a Left winger, im more of a Liberatarian. But i still do believe in a lot of Liberal Ideas."
0,1043,"Really if this is another one of your fresh organic sample = age of decades of time capsule because they were both on top of the ground, you're officially delusional."
1,1044,"So why did you say pot was worse than alcohol? Just because both are apparently bad, doesn't make one 'worse'. I'll point out that you compared the two first, so saying it's dumb to compare the two's shooting yourself in the foot."
0,1045,Evolutionary scientists is a confusing term. A geochronologist might work out an age for a lava sample for example. Astronomers have also made comment on the age of the earth as have paleontologists studying certain fossils.So why would no flood make radiometric much more likely to accurate as you say? Can we hear some specific detail on this as it is kinda significant to backing you your assumption.
1,1046,"And for what it's worth, plants have clearly won it, insofar as their terrestrial biomass has us animals beat by at least ten to one. And the ""competition"" between ""plants"" (in general) and humans (literally specifically) is even more lopsided -- vastly so, in fact.
Ah, such fun we can have with this notion of ""superiority!""..."
0,1047,"Well you think wrong. The Second Amendment is individual, it's tied to all lawful uses of firearms, and the game is over. You lost."
0,1048,"As I pointed out, you don't understand what either evolution or natural selection are. Evolution is a change in the relative frequencies in inheritable characteristics in a population over generations. If the number of long haired animals became more frequent in the population, then evolution has occurred. Natural selection may (or may not) be the mechanism that caused the change."
0,1049,"And where, pray tell are you pulling THIS strawman from?"
1,1050,My mistake; I read it wrong. And guess what? I do know what the moon is ;)
0,1051,"Well, that's your own strong bias speaking. Many of the courts and scholars have disagreed with you."
0,1052,Incorrect- I think Olsen is very specific in citing those he feels have overstepped the mark in this instance. He is not ruling out the possibility of a link at all- he (rightly IMO) is targeting certain workers and publications.
0,1053,"I agree that during debate of an issue like this both sides can get pretty nasty. However, you would be hard-pressed to find a place where those that are choice are screaming in your face, interrupting your personal life on an already hard day like this."
0,1054,Actually the bible is silent concerning abortion which is odd considering it was highly outlawed by surrounding nations.The bible is very clear concerning the value of a fetus as opposed to an actual soulish being(mother) though.
1,1055,You telling me that one day I could have claws come out of my hands?........SWEET!
0,1056,"That is not quite what the 'mitochondrial Eve' hypothesis posits.Science. 1995 Dec 22;270(5244):1930-6. The myth of Eve: molecular biology and human origins.Ayala FJ.University of California, Irvine, USA.It has been proposed that modern humans descended from a single woman, the ""mitochondrial Eve"" who lived in Africa 100,000 to 200,000 years ago. The human immune system DRB1 genes are extremely polymorphic, with gene lineages that coalesce into an ancestor who lived around 60 million years ago, a time before the divergence of the apes from the Old World monkeys. The theory of gene coalescence suggests that, throughout the last 60 million years, human ancestral populations had an effective size of 100,000 individuals or greater. Molecular evolution data favor the African origin of modern humans, but the weight of the evidence is against a population bottleneck before their emergence. The mitochondrial Eve hypothesis emanates from a confusion between gene genealogies and individual genealogies."
1,1057,"Wow Archie, way to suck the fun out of something. Let me use your words here:
"
1,1058,"How mature: all caps screaming and namecalling.
It's no surprise, though; it's all you have, Archie. You come in here making assertions about souls, so when we challenge you to defend your view... you don't. emoticonXRolleyes"
0,1059,"Abortion is about pregnancy - and whether or a not a woman wants to be or can sustain a pregnancy - physically, emotionally and economically.Nobody has to be a parent. That is why there is adoption, safe-haven laws, the signing away of parental rights - and oh yes, an ever growing population of dead beat dads.I am still waiting to see proof of all the mourning dads due to women having abortions. Most of those women are desperate and alone - or have the blessing of the father."
1,1060,"This assertion is ridiculous not merely on its face but due to its face. Why would I hold an irrational position in order to claim to be an intellectual? ""Hi, I'm an intellectual because I hold an irrational position!"" Hello? Hello? You really don't even think before you post this claptrap, do you? How pathetic. emoticonXRolleyes 
"
1,1061,"Actually, that honour is reserved for the usual representations of those who advocate young earth creationism."
0,1062,"I guess I should ask why you think the ""less evolved"" chimpanzee should have gone exinct?What happened is that common ancestor to chimpanzees. for some reason, was divided into at least two populations which did not come into contact with each other much. One population evolved into the modern chimpanzee (a forest animal), and the other into modern humans (a savannah animal)."
0,1063,"Why would that even be expected? When you consider that it is important to maintain some sort of consistency in study populations, obvious mutants are excluded from the breeding stock. And yet, there are frequent observed mutations. In fact, my elder son once observed two mutations in a single fly in one of his populations. One fly had no wings and white eyes."
1,1064,Will the Catholics ever elect somebody who is not a complete knob? He speaks just like he knows something about gay relationships. emoticonXRolleyes
0,1065,"Then you are probably a bit older than I. My mother was 45 in 1963, the year I entered the Army. My mother will be 86 next month and we have a party planned with her older sister, nieces, grand nephews, grandchildren, and great grand children.   I am so sorry for your early loss. My father died at 73 from complications after a ""successful"" surgery. It was still difficult."
1,1066,"I'm a redneck because, unlike you, I believe in self-determination?! emoticonXWow"
0,1067,This makes more sense then anything else I've heard on this thread.
1,1068,"So we should wait till the blastocyst is definitely a tumour, in case it turns into a fetus?"
1,1069,"Most don't really see much wrong with pre-marital sex.
http://www.pollingreport.com/values.htm
Welcome to the 21st century. No, welcome to the 20th century first.
-Wez"
0,1070,"And just what is the number of ""real scientists"" that acknowledge the good science behind creationist claims? And why is it that over 99% of the biologists in the U.S. accept evolution and reject classic creationism? You make statements that are patently untrue......."
1,1071,I'd be happy to be of service in distributing those assets but Alan is probably armed.
0,1072,"""Healthy Families"" seems like a strange name for this group that the link is to."
0,1073,Which is precisely why the law must needs be silent when it comes to women choosing whether or not to continue their pregnancies.emoticon_xhoho
0,1074,"So what? That means in a firefight with police, the criminal will run out of ammunition in a matter of seconds and be ripe for the picking."
1,1075,Voice of Reason? HmmHe used to be in Military Intelligence hence the debacle in Vietnam. He probably still thinks that the US won the war.
0,1076,"I know of no one that wants to make women a second class cititzen.......I know I sure don't............I just want and infant in the womb to have the same chance at life that you and I had.........It is my hope that before I die that I see the barbaric act of legaling killing babies in the womb, Rowe V Wade overturned and give the decision on abortion back to individual state so that all these beautiful babies. gifts from God hve a chance at life..........."
1,1077,"Not according to your propaganda. All lefties want more and more government, they want a total nannystate government. You can't have it both ways."
1,1078,"Losing again I see. Don't change the subject. How are supporting 'gay sex debauchery' and lying in any way synonymous?
You have made the accusation. Back it up.
If different words are too much for your miniscule brain to cope with, I suggest you try yelling your hogwash on a street corner, where less people will be able to see how much of a fool you are."
1,1079,"So in other words, you're saying that somewhere along the lines, God changed his mind."
0,1080,"Actually, evolution occurs on the level of the population: individuals don't change, but populations do. See the examples above."
0,1081,"The average global temperature follows a sinusoidal pattern, the general consensus is we are supposed to be approaching a peak. Projections show that instead of peaking, there will be continue to be an increase in average global temperature which exceeds that of the peak 4000 years previous."
1,1082,"I agree, it is pure genius...especially how it has infiltrated politics and governments. emoticonXBanghead"
1,1083,"Examined the record? Now it's not even the patient, just the record? Good god man! Many times, only a number of criteria must be met, not all of them. It would be like me saying that there must be gas in your car since it is running. Then you tell me that I must look at the gauge then physically take the tank off to be able to say without a doubt there is gas in it. Flat EEG in the cerebral cortex means no brain activity in cerebral cortex means PVS. There is no reason to test a swallowing reflex, a pain response reflex, or sphincter tone. 
"
1,1084,"The point being that nobody is spoiling Christmas for the children, you paranoid fruit cake."
0,1085,"What people say does not matter.
 There is simply no legitimate rational basis for this assertion."
0,1086,"Since when are profetallifers ""reasonable people""?
 
 How reasonable can it be for them to try to impose their particular answer to a metaphysical question on others who believe differently?"
0,1087,"Actually, there's a birth every 8 seconds, and a death every 11 seconds, which means the population of the earth grows less than 1% each year...so, even with those aborted babies, the world would NOT be overpopulated."
0,1088,"What has this got to do with the non-material world, of which God and you and I are a part of?I know that the Apostles witnessed God's miracles. I too am witness to God's miracles. The evidence is adequate for me and for much of the world's population... even many scientists (including evolutionists). You are in a loud minority, railing against the irrational hoards about you."
1,1089,"Why is it you leftists are incapable of actually staying on topic and responding to what an opponent is actually saying? 
On a side note, it's looking ugly out there for the socialist party. It looks like many americans are doing what I did and voting a straight republican ticket. The Rust Belt is also looking more and more like it's going republican and if that happens, it's all over for the socialists. The Senate will be turned over to a republican majority also, if the rust belt continues to turn right. Good luck to everyone. emoticonXBye
NOT REALLY, only to the conservatives. emoticonXAgree emoticonXRolleyes"
1,1090,"Well I gotta hand it to you, Matt, you're consistent."
1,1091,"...which -- although a very good point when it comes to refuting creationist claptrap -- is not even the major issue of this forum. Undesirable consequences of an effect do not make that effect false or nonexistent. Gravity ""breeds"" falling deaths, which are bad, so let's maintain that gravity doesn't exist..."
0,1092,"This is why arguments like ""well, our population is out of control"" never convince ANY Pro-Life advocate that abortion is okay. I think it is amusing when pro-choice people use such arguments... Pro-Lifers have a priority list, and Life makes it to the top. For Pro-Lifers, it's a little like saying ""Well, Big Macs taste good, so you should never, ever eat filet mignon since burgers taste good!"" I mean, sure, burgers taste good, but filet mignon is so much better."
1,1093,"From the threads I see, you would be banned in 10 posts, and everything deleted. The level of discourse over there intelligence over there makes ER looks semi-intelligent."
1,1094,"Well if no siege comes, I guess no harm no foul."
1,1095,"Are you suggesting the pollsters are bias? Nooooooooooo, that couldn't be. You think they were trying to sway the election? Noooooooooo, that couldn't be. 
These guys along with their Hollywood and music industry buddies are lossing their base. They need to go back to movies and music and leave the politics alone."
1,1096,"Those damn black people! All wanting respect and equal opportunity! They should just be happy with what they got!Why should they work for the same pay? They are just selfish! [/end sarcasm]
This argument is tired *yawn*"
1,1097,"Yes, it is. I'm actually considering moving out of the south specifically for that reason. I will miss the largemouth bass fishing....wth is a pike? ;) It's always been that bad though, now that I think about it. It's just I ignored it more when I was younger.
The sticker is moronic IMO. If they label ""evolution"" with that, they should go ahead and label every single book, TV, everyone's forehead, and every object that can hold a sticker in the entire world. Some people thing there is ""openess"" about being correct or incorrect. On some things that are opinion, sure. On reality? Not the case.
I mean, I'm not running around believing John Kerry actually won the election despite the evidence, although I certainly could, if I approached the election results with ""an open mind"". Although I could....hmmm...just have to keep it up for 4 years!
-Mach"
1,1098,"So this time you are really serious about leaving emoticonXRolleyes 
So now mental existence isn't good enough (as it is not unique which was my point) but human cells is important and something of a human brain. Well what importance are human cells and a human brain? It seems the idea of a human having importance is not just limited to me...you just happen to add another criteria at the end that you feel is important as well."
0,1099,"We could ask you the same thing. Why do you constantly try and oversimplify things by claiming that gun control will work, while at the same time not discussing matters relating to income, surroundings, upbringing, recidivism rates, prison sentences and other such matters? "
0,1100,"You are exactly right and I believe that is Gods intent. When it comes right down to it, each person must make his peace with God. It is our responsibility and our right as individuals. We have the freedom to choose. It is our God-given right to decide what we will do with God and Christ. "
0,1101,you know why? because God touches our hearts like nothing you have ever felt before. it is amazing
1,1102,"Simone you are a wretched little girl and unitl you can properly organize your thoughts into a comprehensible group of statements that expresses your views conciesly you must not post anywhere a man may run afoul of your devilish whimsical rantings. 
Your befuddlement of these issues of great import will not be tolerated. Do we make ourselves clear young lady? Now off to your room to contemplate the nonsensical mischief and unneccessary consternation we have all suffered due to your blatant disregard of forums ettiquite. emoticonXFrazzled
You sound like a 9 year old trying to get a date. Simone hasd left the building the debate has drifted it isn't the end of the world. The sun will rise tomorrow emoticonXBouncer"
1,1103,"I don't know? How about a person from a group known to do almost anything to get money, but also realises the pain they would bring to a child if they had one."
1,1104,"it is not an addiction but a sexual aberration for sure, an incurable one going by what you say. I feel sorry for homosexual sodomites, it is not their fault to want to insert and be inserted penis wise where penises shouldn't go into. But, s***t happens."
0,1105,"I believe the earliest gospel estimation is placed around 50 ad, which is almost 30 years after Jesus died."
1,1106,"No, I for one dislike your posts because I know you intentionally write irrational posts to help support your religious cause.   Just for the record montalban, basically every single legitimate scientist is ""pro-evolution"". Creation theory is not taught in public schools, not by chance, but because...*gasp* it's RELIGIOUS MUMBO JUMBO. There is no evidence to support it. Creation fiction has made no progress with it's ""faith-based"" (lackofevidence) with rational people.   And I'll also say that I'd welcome ad hominem over irrational thinking any day. Ad hominem is just a lack of patience, or someone who doesn't care to hide their emotion or opinion. Irrational thinking on the other hand is often only cured by death. Someone guilty of ad hominem can still hold a rational debate. The irrational..well, why bother?   -Mach"
0,1107,"Bad, bad, bad. :( 1) Reducing meat consumption will create a change towards more agricultural farming which is more sustainable for humans and the environment.1) Some, perhaps all ""Livestock feed"" is actually edible for humans; GM maize is regularly consumed in the US and Mexico.2) One does not have to consume those foods as there are thousands of plant foods that can be eaten."
0,1108,"Under interracial marriage, no black person was prohibited from marrying either.Should people have been satisfied with interracial couples being classified as ""civil unions""?emoticonXFrazzledToday, we recognize that racism is wrong.Yet some people still persist with homophobia. They fail to have a historical context on the real meaning of the methodology they recommend."
1,1109,"yes, all of those are liberal moves. Unlike you, we know how to use a dictionary."
1,1110,"Okay I don't care what you call it, but let's take it back to the human being part. If your brain was transplanted into Steve's body, would the new person have your memory and your life experiences and your reasoning powers? For instance, you believe a human being begins at conception. If Steve believed a human being began at birth, would this new individual believe that a human began at conception or at birth?"
0,1111,"Ok, this makes sense. I do think however, that wanted pregnancies should be a part of the abortion debate, even though as you say, they usually are not. Part of the abortion issue (and the most important part, IMO) is the perception of pregnancy itself. If society moves in a direction where having a baby is looked upon as a negative thing, this is not good. One way to help make abortion rarer is to help people view having a baby as a positive thing. As Clinton himself once said, abortion should be rare."
0,1112,"Actually, Biden isn't a Democrat I would have chosen. But then, I'm not standing for election. What I do know is he isn't the raving homophobe the Republicans prefer as candidates."
0,1113,"Well, the Judge made a ruling late last week that she should not be revived should her breathing stop again, backing the medical assessment of her doctors:http://news.bbc.co.uk/1/hi/health/3723656.stmAnd yes, very sad.Another dilemma posed by what has become possible through ever advancing medical science....."
0,1114,"Pandion has already pointed out that this isn't a theory, it's a mode of wishful thinking. More damagingly, however, if you examine it for more than a moment it doesn't even fulfill the role you give it. You say 'many things in nature make no sense without God', but how do god's origins and nature make sense? Where did he/she/it spring from? All you do by invoking god as an 'explanation' is push the problems one step further back. The god hypothesis may look like an explanation, but it is not."
1,1115,"gooey cute as this reads, how is this relevant to the philosophy discourse?"
1,1116,"................................
My God - what was I thinking getting off welfare, busting my XXX for that degree and getting a job that pays more 7 times what I got the few months used welfare?! emoticonXRolleyes
[/quote]
"
1,1117,"Well, you must not be a GOP lawmaker or the President of the United States. They're convinced that the only way to prevent the SCOTUS finding in favor of same-sex marriage is to amend the Constitution."
1,1118,"Aren't we lucky there is no hell and no devil then, and that is just superstitious nonsense the ignorant and the brutal claim?"
1,1119,You really are an idiot if you think China follows Jefferson
1,1120,"Use some common sense, would you. And while you're at it, trying reading! I said, and you quoted me as saying:
"
0,1121,"""One day you're going to realize that you're ""evangelizing"" and ""witnessing"" have pushed far more people away from religion then has brought them in.""   ""You're not telling people about God, you're guilting them and putting them down. You're drawing an imaginary line that separates ""us"" from ""them"", and you're cutting yourself off from other people. When Jesus ""evangelized"" (I believe with all my heart he would hate that word), he made honest friends, not with the purpose to ""convert"" them. He didn't hand them a track and scare them into being a Christian. No wonder people hate Christians, for God's sake I'm starting to hate Christians.""   Maybe you should follow your own advice...   jim:   Yes, God loves Saddam but He hates the way he is acting."
0,1122,"As was pointed out in some of your own quotations, survival is not an 'end' of natural selection. Natural selection is the differential reproductive success of organisms with more favorable suites of characteristics. It is a statistical tendency. Individual organisms may work to survive, but they also work to reproduce. That's as close as it gets to ""purpose."" And as you know, Darwin's favored term was natural selection. He never used the phrase ""survival of the fittest"" without also making a reference to natural selection. The opposite is not the case. Since Darwin's time ""survival of the fittest"" has been rejected by evolutionary biologists because it is such a poor representation of the extent of the theory."
0,1123,"Actually, creation explains nothing. Evolution is an observation that is explained by theories that explain why populations of animals change. One explanation is the theory of natural selection."
0,1124,"And yet quantum physics tends to be very contradictory, at least to our perceptions. Acausal events happen. A particle can be in two places at the same time. A particle can disappear and reappear in a different location without traversing that distance. And et cetera.Since the beginning of our local universe occurred at quantum levels, I would be cautious about drawing philosophical conclusions based on our macro-world experiences."
0,1125,"'IF' is the question. It suggests that Holy Tradition does not know the answer.   Secondly, the issue of the flood itself could still be true and tested scientifically... as to whether an historical Noah existed that you might consign to 'myth'.   Does anyone here not find it interesting that there is almost a universal factor in societies concerning a global flood?   PS I have already discussed M-Eve on another post."
1,1126,"Hey sparky, exactly how do you think they were supposed ""to protect"" these thugs? How many debates do you have to lose like the school claims on the student duck hunter before you begin to say you are either wrong or completely illiterate? You gunning for one of the new yellow CS medals?"
1,1127,"And, let's see, when did the job loss actually start? 
Oh yes.. We can trace the troubles starting in 2007, with a big melt down in August/September of 2008. Let's see.. Obama must have been a terrible president to have caused that.. oh WAIT. That wasn't Obama, that was BUSH.. Excuse Me."
1,1128,"Umm, don't know about you but I also eject waste through my penis - just don't do it when having sex, just not polite (unless they ask, now there's another fetish I don't get). Isn't it odd if the anus was not designed for a penis its still pleasurable?
"
0,1129,"Just how do you suppose the government seeking permision would work in reality? And what exactly are you afraid of? It seems odd when people advocate blind trust for Joe Civilian, but then think that the government shouldn't be allowed to be armed. I think there must be a balance in trust given both ways."
0,1130,"Did I say that? No.   I blame a society of judgemental, unintelligent people. Nothing to do with how you view abortion or reproductive rights."
0,1131,"Actually, everything the bible say's belies your ""atheist answer"". The reality is that the world itself and all of Gods Creation speaks to His existence as being self evident. It takes a degree of faith to accept Jesus as our personal Savior, but as far as accepting the reality of God Himself, all one need do is look observe the world we live in to see that only an incredible and loving God could create such a Beautiful and marvelous World with so many amazing symbiotic and perfectly interdependent forms of life."
0,1132,"This depends on the form of abortion: some involve stopping the womb being a suitable enviroment for the babies survival rather than killing it directly. However, of all the arguments it is possibly the most human rights based."
0,1133,"Well then, my skeptic fellow Australians, what is the answer to the question? Do any of you guys here know? I sure as hell don't. Creationists did not misquote Dawkins because the words came from his mouth. And Dawkins is a professional at biology, but he could not answer such a question.In the little amount of fossils that we do see, they are not evolutionary. There is no clear cut fossils showing the evolution of man, is there. By ""true human"" I mean they were just like us, just varients of human kind that we have today - looked human, walked like us, most likely were quite intelligent. I have got to go to school, continue this later."
0,1134,And I've never seen anyone present observational evidence that would indicate that all creatures were specially created. Please do so.
1,1135,"Yep, Martha is in trouble and the democrats are panicking. 
I think the strong Independent support for her opponent is due to Martha's own lack of appeal. 
By they way, I have to ask....since ""The anointed one"" was in your neck of the woods, did you get a peek at him? prehaps even wave at him (with all 4 fingers) ;)"
1,1136,My house evolved over millions of years. it built itself . Prove me wrong. emoticonXRolleyes
1,1137,Good observation! He is very good at presenting fellatious viewpoints and lack of knowledge and content. He is one of the more fellatious people I know and you won't find him taking notice of the Constitution as the Supreme Law of the Land either.
0,1138,"Hardly any criminals go armed in England, and certainly not with guns. Burglars and muggers have enough sense to know that while getting done for burglary or mugging will not be pleasant, getting done for burglarly or mugging AND possession of a firearm will be far, far worse, assuming they survive the arrival of the armed response squad."
1,1139,"It has been 33 years. The allies managed to stop the holocaust in only two. You guys are certainly dragging your feet at stopping the great American ""holocaust"" against ""unborn babies."""
1,1140,"With a standing president breaking the law to 'protect' you, this should be expected."
1,1141,"Your god sees no degree of sins. Shaving your beard, baby-rape, etc, are all punishable by death. That is, unless you repent. emoticonXBanghead"
1,1142,"Actually, no one cares if you believe in god. That is your business since it is something that you take on faith without any evidence that it is true. And no one believes in ""evolutin"" [sic]. The theory of evolution is an explanation for observed facts that has been repeatedly tested. It is the best explanation that scientists have been able to formulate. It is based on evidence and not faith."
0,1143,"You realise I'm talking about if the burglar is running away, not the householder, right? Looking at it again I realise I may not have phrased it clearly enough. I'm saying that some of those ""violent"" crimes may simply have been burglars pegging it when disturbed."
0,1144,"And so on. Yes. a lie generated by creationist liars is what you use as source for what scientists are claimed to adhere to? Your dishonesty is actually rather startling. This is the worst attempt at dishonesty I have seen from lying creationists yet, and your gleeful introduction of that lie shows how truly and completely dishonest you are. Would you stop your lies. You are pathetic."
0,1145,"Archie is NOT right - he has an opinion, as we all do. Pro-lifers seem to want the definition of human with attendant rights to begin at conception. The blastocyst is now turning into a tumour. So the pro-lifers can now alter their views on what constitutes 'human' as and when it suits their purpose.Forget the emotive view of what an embryo/foetus looks like: some think that as long as it has appendages and looks human, then it IS. It isn't. It's still a parasitic organism dependant on the host mother. You can't deny that.Contraception v. abortion is a separate issue: in the meantime, the host mother should be the final arbiter of what happens to her body."
1,1146,"You seem to be a bit slow. Of course evolution is a theory, besides being a fact. Gravity is a theory too, you know. How about the heliocentric theory, or do you claim that the earth is at the center of the universe? Atomic theory, nuclear theory, lots of theories.
"
0,1147,"And a woman's life choices, health, and finances aren't up for hi-jacking. Every time a lifer talks about demanding the nine month rape, they talk about what the baby deserves or not deserves and how it shouldn't be punished. This SCREAMS that you don't value and respect women. The very idea that a woman is aborting as an act of revenge - it's absurd and insulting."
0,1148,"people keep saying thats the law in texas,so Im saying that this is the law in New York,He broke the law so he had it coming,next time dont disrespect the law and get a license,Im just showing how some of the people on this board are major hypocrites,you suddenly get all soft on crime when you dont like the law,"
1,1149,"What part of ""I don't want a penis"" do you not quite understand? 
Is it that maybe you are the one who wants a penis? There are ways to resolve that issue. emoticonXRolleyes"
0,1150,so we would penalize financially those who want to have kids?
0,1151,"That's because these questions were never, ever, EVER raised in the original Parker case. None of the six DC people who took the city to court possessed a felony record, they didn't bring up anything other than the fact that DC made it impossible for them to legally buy and own a handgun. That's all the court addressed. If they addressed anything else in the Heller case it would've been judicial activism, legislating from the bench."
0,1152,"oh don't kid yourself, you people were miserable long before I got here. Darwinists' arrogance is astounding."
0,1153,"It is in the first place unclear to whom the ""further harm"" is done. But even granting that the fetus dies, it is not clear how the situation is analogous to abortion, because the intentions of not only the man but even more importantly of the pregnant woman are completely different."
0,1154,"And like usual, you're wrong   How were those pictures you ordered from Fox? You know the civil war ones with the dinosaur prop for the TV show ""Freaky Links""? Did they cost a lot?"
0,1155,"So given that there are cases where both dies... we just have to give up the mother's right to live over a fetus (which will die)? What if the mother isn't physically ready to have a baby. In the case of a young female (I'm talking age of 9 and younger, cause there are cases of young kids having their periods) being raped, doesn't she a ""baby"" (and I say baby, because she is still at an age where a parent would consider her their youngin)... have the right to live? For me, if I knew my child was raped and is in no way ready for a child of her own, physically or mentally... I would rather her not risk her life to try and bring that fetus into the world.Abortion should be pro-choice."
0,1156,"Read to the very end of the verse. ""If you are not pleased with her, let her go wherever she wishes. You must not sell her or treat her as a slave, since you have dishonored her."""
0,1157,********. Utter fraking ****. Scientists have already accumulated mounds of evidence which suggest the common ancestor. You choose to ignore it as do most scientifically ignorant christians.
0,1158,"YES, of course, they could not actually hunt, since that would be illegal, possibly a felony, whihc could lead to forfeiture of your rights."
0,1159,"I see the difference, but that's not what Obama is trying to do. He got us to buy the pig at a firesale and is hoping to make money selling it back to the original farmer or give it to the fieldhands."
1,1160,"To the exclusion of all others? I thought you were working for acceptance and inclusion. You are the only one allowed to ""exclude?"" 
"
1,1161,Haaaaa Haaaaa Haaaaaaah haahhhha HAhaaaa. My GOD I can't stop laughing Heeee Haaaa.
1,1162,"I never suggested that they shouldn't be. The punishment should equal the crime.
And your welcome."
1,1163,"lol Seriously boring is right. Just think, no Larry Craig scandals."
1,1164,You're out of your depth here kid. Go and clean your push-bike before you go out on your paper round....it's a disgrace!
0,1165,"Yes, kind of reminds me of Abraham Lincoln's thought: ""Better to remain silent and be thought a fool than to speak out and remove all doubt."""
1,1166,"So put the criminals to death, don't let them see daylight again."
0,1167,Read above for why your argument sucks.   Thanks for proving you never ever ever read anything or watch anything given to you.   Just assume whatever we want and hope people don't laugh at us?
1,1168,"How about not clicking the ""reply "" button twice (heh,heh,) No, we didn't (Thank goodness) AND! PM Blair is recanting from the Kyoto protocol. Bully for him!"
0,1169,Can't your religion survive a little mockery?   On the other hand I can understand why your worried your religion being so ridiculous and all.
1,1170,Do you know why gay sex sinners refuse to repent? Because they have an idol - gay sex.
0,1171,"Right on! A real man supports those he loves, through thick and thin. He doesn't try and control the things he can't either.In the end, it's not a man's decision. It is not his body, therefore, he has no right to make the ultimate decision. He can only express his view. That's about it. (I'm pretty sure it's not any easier for her to decide). So cudos to those men."
1,1172,"Isn't that exactly what I said! Clearly we have an issue of a probably overweight white man who is without a doubt racist (because if we know anything it is that every white male that has short hair is a racist) coming down on a black woman! 
You nailed it again MA! Props to you for uncovering this mystery."
1,1173,"I avert your gaze. I submit myself to your mercy. Henceforth I shall only respond to your web postings. I shall not respond to postings you make on the web....Wait.....
"
0,1174,They do not. They offer increased thermal protection and thus make a greater range of habitats possible. Feathers also offer increased protection from attack. They are so good that several native American cultures were known to make armor from feathers. They absorb and spread impact quite well.Feathers don't itch and they don't rustle in the bush.Do you have an answers that aren't examples of shallow thinking?
0,1175,a suicide is a suicide by what ever means emoticon_rolleyes
1,1176,"Based on your stances, what you want is akin to the old Soviet type communism, Matthew. I'll give you a little hint:
It doesn't work!"
0,1177,"So what, the thread isn't about her signature. If we started responding to threads by attacking people's signatures, we'd all be in serious trouble. Especially me emoticonXAngel"
1,1178,"Alexander, I don't give a rat's rectum about King James. emoticonXBanghead"
0,1179,"Possibly we have a false sense of security based on their roles as public servants. However, I think there is no oath of office or creed that can be required of any candidate that will negate a person's propensity toward dishonesty or criminal behavior...if they have one. I have little doubt that some become policemen to enjoy the power over others. I have had encounters with rogue cops...similar to the patrolman that Palin's family fears.   Policemen have private lives and private woes that affect their behavior. They are paid meagerly (I think) for the dangers they put themselves in. Many work second jobs to earn more money...and I am fairly confident that the temptation to make even more money, legally or not, is always there."
0,1180,"Okay, here is how it went: God made the animals. He said,""Hey, Adam needs a helper."" He brought the animals to Adam to name. He couldn't find a helper for Adam. He then took a rib out of Adam's side to create Eve. This was done on the sixth day. God created them both on the sixth day, Adam first, then Eve out of Adam's side after he had Adam name the animals."
0,1181,"So you're admitting openly that what is a normal occurrence within the human species is offensive to you. That you find repulsive the very intimacy expressed by your own parents that led to your own existence. Do you see how that innate bitterness against the normal and right feelings that have led to the healthy continuation of the human race is ultimately anti-humanity? Why do you hate the normal propagation of our species Matt? Can't you see that if you were given the power to recreate the world in your image, then the world would cease to exist within one generation? No matter how pro-gay you are, how can you be so anti life in good conscience?"
1,1182,Better a godly set of morals being crammed down your throats than the perverted gay sex hedonism of the devil himself.
0,1183,"I would suggest you look at the faero island mouse then. That is a new species, and it is not man doing it, but rather nature itself."
1,1184,"So you carry grenades and 75 pounds of gear, all while wearing camouflage fatigues and can call in an airstrike bombing?"
1,1185,"lol. Thanks for agreeing with me. I stated as you quoted that it did not work. Where again where you trying to attack me? By calling me illiterate you yourself call yourself illiterate as your statements agree with what I said. 
If you need me, I'll be in the audience. You're arguing with yourself. 
Pray tell, where did I say he accomplished anything? Or are you lying? 
[/quote]
Sure child. They have real religious freedom there[/quote]
Only you would consider Taosim and Buddhism not to be religions. Oh wait, I fogot, you consider all non-extremist christians not be athiests. 
"
0,1186,"The simple fact is that people don't want the immense responsibility that logically pertains to their voluntary actions actions, so they fabricate denials of reality as a convenient escape, out of pure selfishness-- like every other atrocity in history.   The study of law includes an analysis of how people excuse their wrongdoings, fabricating pausible rationalizations for their acting to benefit at another's expense; denial is typically the first of these, claiming that the act ""does not hurt anyone,"" however obvious the contrary. Other rationales follow, such as self-preservation, natural right to act, and eventually growing defensive by blaming the victim.   While the fabricator typically believes his story original, it is anything but-- it's simply the inevitable course of selfishness."
0,1187,"You know what they mean, I know what they mean, but as someone involved in teaching evolution to high school kids I wish they'd avoid the implication of purposeful change and just refer to beak size changing in response to new selective pressure.As I said, I may just be being nit-picky. Language apart, this is another nice example of evolutionary change happening right before our eyes."
1,1188,"Let me return the kindness. The correct spelling is ==> especially 
"
1,1189,"And yet after investigating for over a year, our inspectors agree with me, not you. Hmmm."
0,1190,"Just like in memetic algorithms, there are many paths to an endpoint. Both memetic algorithms in development and in the docking simulation converge on similar endpoints each time it is rerun. (e.g. skin in development)."
0,1191,What the devil? What is the point of the original post in this thread?
1,1192,"Fred Phelps has joined the forum!   Edo, it is abundantly clear how concerned you are about your credibility, when considering your addition of this statement to your previously rather notable track record."
0,1193,So what?   Why should the woman be forced to care for this child against her will?
0,1194,"Our national parks are safe as is, huh? Regular people have no reason to feel to need to carry concealed weapons for their own protection, huh? How can you be safe when mexican drug cartel members are literally behind the next bush and inclined to kill you for stumbling upon their operation?"
1,1195,"The fact that YOU could see no alternative except for ALL and EACH shows a shortcoming in YOUR mental abilities, not mine.
Here are just a few alternatives to ALL you apparently didn't know exist.
SOME
MANY
MOST
FEW
It's no my fault your vocabulary and mental abilities are so limited.
"
1,1196,"Both good questions.
And now over to amirsdaddy to avoid them completely."
1,1197,"This will kill innovation. do you know how many years a start up business might be in the red before it generates a profit? Why bother when you know you are going to be clubbed as soon as you realize a profit? Yep, way to incentivize business there...
"
1,1198,"What? You didn't know conservatives boil and eat their offspring? Dude, you need to read up.emoticonXAngel"
1,1199,"Yeah, cause there are sooo many 100 year old corks just kickin around."
1,1200,"You call me or a family I may have, a perversion(sorry the word was ""perversity""), but that is not hate? I believe I am probably younger than you, but that doesn't mean I was born yesterday."
0,1201,"Well, as usual the Creationist is trying to make an arguement against science using their moral viewpoint. Forget about all that pseudo science trying to discredit evolution and geochronology, all it comes down to is this: ""My religion has the exact answers to questions about my origins, I do not like what science has to say on this subject"".Its so much more succinct that way, I just wish they could be up front about it."
1,1202,"I can't believe that you would attempt to make such an insane assertion. Clearly, God was speaking about homosexual sex, but I'm not surprised that you left out the most unambiguous scriptural references. emoticonXRolleyes"
1,1203,"Plain with the benefit of hindsight. I love how you're able to determine, not having been there, precisely what was said and precisely where it fell in relation to the law. If it was so clear, we'll see the prosecution for wrongful arrest in due course, I'm sure."
0,1204,"It is difficult to reconcile evolution with Christianity - as far as I see.
 
 Evolution excludes God."
0,1205,"Their ""ultimate reality"" is that some higher authority may exist. It's still an ""ultimate reality"" to them. Definitely a religion."
1,1206,"When do you advocate breeding blond haired, blue eyed citizens to purify the US?"
0,1207,"yes, but adam wasnt created with hereditary information or from sperm and egg cells. adam was the prototype. any subsequent humans should be born following the fashion in which adam was made. otherwise adam could have been shaped like a goat and still bear human children, because god could have formed him into whatever shape or lack of shape he wanted, yet put the genetic information in him to produce human offspring. why should adam's children look like adam? wouldnt adam's children be born the way adam was created, or not?"
1,1208,"It truly is sad when an opponent is friendlier than an ally, Mega. At least Ian responded in a friendly way, and me and him don't even agree on this issue."
0,1209,I think such a move would qualify as a recognized declaration of war.
0,1210,"oh, now we're getting somewhere. Explain more, please. Oh, and some evidence of incremental modifications would be nice too."
1,1211,"Oh, really?   Translation: the only amendments that rise and fall are the ones that I want to."
1,1212,I don't think it's a cover-up. I think that it's a conspiracy between the black helicopters and the aliens beaming suggestions to those without the foil-lined hats on. :)
0,1213,And I see you still flip back and fourth from being an atheist to not being an atheist.
0,1214,And how did the Wise Creator come into existence? All that wisdom and creativity cannot come to existence accidentally or spontaneously...
0,1215,"But of course, according to one singularly deranged poster here, it's the Republicans  who are truly pro-gay (they just can't show it, doncha know), while the Democrats are just paying phony-baloney lip service to us..."
0,1216,"Because if evolution cannot explain all changes it is false, Unless you propose some creatures evolved and some were specially created. Is that what you mean?Genesis says that all creatures were specially created. It fits with the observational evidence but there is no smoking gun that proves it.Statis is the norm not the exception.One is right the other wrong. It cannot be both ways.Do you have an answer to how a lizard can morph into a bird considering the amazing difference in the lungs?"
1,1217,"Dear god.You really haven't a clue about what your talking about.Away with the birdies i think.Yousef was responsible for the 93 bombing,and he himself had very broad associations with some of the Al-Qaeda hardcore(Osama said he didn't know him and was in Sudan while Yousef stayed in Peshewer).Osama wasn't responsible for the 93 bombing,he wasn't responsible for Bali and Madrid and i don't care what the world media tells you.But by all means keep spouting your misinformation,i for one find it hilarious.
The Yousef-Osama-Saddam link is a conspiracy theory."
0,1218,"So you feel that Mrs Vo should have been allowed to run the risk of dying?
 
 Your statement ""An abortion never has to be done"" only holds true if you place the value of the unborn child over that of the mother in all cases. Do you really believe that?"
1,1219,"Interesting, this is the same type of angry rants that Capo used to post on the abortion debates before he was banned. How interesting that you should get so angry and worked up over such an innocent exchange between me and chloe.
"
1,1220,"Maybe you're the one who's suddenly being selective.
Get Jesus, dude, before you perish!"
1,1221,"How strange. It seems that Habbit's definition of the word definition is meaningless. Physicists and chemists can define what they mean by the word ""carbon,"" but according to Habbit that is just their opinion. According to Habbit, carbon can be a chocolate candy meant to be eaten in a car. That may be his opinion and he considers it as valid as specific definitions assigned to words used by experts in any given field."
0,1222,"Actually, we didn't. The first record of a melanic form was in 1848. Presumably other melanic individuals had appeared before this, both in Biston bebularia as well as other moths. We know that a similar mutation occucrred in other moths North America some years after the 1848 record of the B. betualria.There are actually several alleles of the gene responsible for color that form a dominence hierarchy with the fully black morph (called carbonaria) as the top dominant and the typical as recessive. The intermediate forms are referred to as insularia. They are uncommon. At any rate, by 1895, 98% of observed B. betularia in industrialized areas were carbonaria."
0,1223,"732,000 DIDN'T sign the petition. It seems only 5% of South Dakotans say ""repeal the extreme abortion ban"" and that is ASSUMING that all the signatures are valid. The good news for South Dakota is that come November they can show America how they really feel about abortion as opposed to having the courts decide laws."
0,1224,"No no no........   Pre-Creation week: The earth is without form, and consists of water alone   Day 1: God creates light. He separates the light from the dark and names the light day, and the dark night.   Day 2: God creates the sky separating the unformed Earth with the rest of the unformed universe   Day 3: God gathers the water together, allowing dry land to appear. He creates vegetation   Day 4: God creates the Sun, moon and Stars.   Day 5: He creates living creatures in the water, and birds   Day 6: God creates all animals that live on the ground, and he creates Man.   Day 7: God blesses the Seventh day and makes it holy, he rests and enjoys his creations.   Did that help?"
1,1225,"OK, where do we start? The NAACP. Affirmative Action? UNCF? Miss Black America? emoticonXRolleyes"
1,1226,I guess the European union is a great failure? Is that why the Euro is trending 1.5 dollars as liberalism creats misery?
0,1227,Same in the US. The father does not have the right to choose.
1,1228,You draw very interesting conclusions my friend.   If this is your standpoint then what is the purpose of a government?
1,1229,"WOW are we seeing the softer, gentiler Jyoshu? 
Your snoopy avatar must be afecting you :) :p"
0,1230,Good old monkeys! What can't we learn from them :)Since we are in the Creation vs Evolution section I'm guessing that your debate here is that monkeys and humans show some similar ways of thinking such as in this experiment. It does seem like further evidence that evolution did take place between our two species although it isn't a case cracker by any means.
1,1231,"Surprise. You obviously do not have to be born to be a person under the 14th Amendment.
So, in sum, your conclusion here, like your conclusions in so many other areas, is simply wrong."
1,1232,"Oh...come on Steeeeve...you know Bush is actually making it worse. After all, it is happening on Obama's watch, and we have got to have someone to blame. Bush was the president...let's just blame him. emoticonXRolleyes"
0,1233,"I believe that's true, and as a ""believer"" (creationist), here is what is hard to understand about that; In Matthew, 12:30, Jesus says ""He who is not with me is against me, and he who does not gather with me scatters"". It is safe to say that both creationists and theistic evolutionists would accept that statement from Jesus, and would seek to be ""with"" him, while agnostic and atheists would consider themselves ""not with"" him. Yet theistic evolutionists are comfortable to (usually politically) be ""with"" agnostics and atheists, and separate themselves from creationists. If they're genuine Christians, knowing about the warnings in the Bible about false teachings, how can they be comfortable with that?Miller laments in several places throughout the book that atheists use evolution as a weapon against religion, and that it shouldn't be that way - that it causes more strife between the two than should exist. "
1,1234,"So the fact that we still have criminals who choose to kill others, should be used against is in determining whether we can be trusted or not?"
1,1235,";)
Residual signs of early indoctrination...aka Brainwashing.
Cultural assimilation...aka Blending-in.
Freudian slip...aka closet Christian. :p"
0,1236,"Actually, for his hypothesis to explain the difference, he would have to say that the DNA changed. Even so, he assumes more."
1,1237,"how about small cute animals? whare is the line of what religion allows, and law forbids? we know it is not where harm comes to another person, or poligamy would be legal"
1,1238,This is a laughable oversimplication of reproduction. Humans don't make copies. Do you reproduce asexually? I know I don't.
0,1239,"That is one definition of creation. There are many. You again make a mistake of making an assumption about what you want to argue about, and argue against that.If you want a (non-exhaustive list) seehttp://www.crystalinks.com/creation.htmlYou have simply picked one model, treated it as the only one, and constructed a (thus false) argument against it."
1,1240,"As JP pointed out, Canadian, and you better believe I'll ""mouth off"" my opinions. 
Kinda difficult in a forum such as this don't you think?
"
1,1241,"Ah yes, the Might Makes Right principle. Mob rule. You are so fond of it I have to assume that you assume the mob is always going to agree with you. Poor, naive soul..."
1,1242,"I think it is hilarious that you still think that in order to do a detailed study of evolution, you have to read 10 different books on it and take brainwashing classes from a university. Maybe you just like making yourself feel superior to me...who knows..."
1,1243,"I knew the mangling of Jesus's teachings would be forthcoming, and entertaining. emoticonXHoho 
And of course lying about what I've said is just par for the course. Standard stuff, nothing to compare with trying to make Jesus out to be pro-cruelty."
1,1244,"...Which is quite easy to make out because the creationists have a few crackpots not doing real science, whereas the scientists are legion and do good research. How many other fields of mainstream science do you support a minority view of? 
"
1,1245,Horse manure. When did you invent that self-serving rule? Put it back in your ditty-bag.
0,1246,"That's the standard dance. Victor Stenger didn't say it that way. On the back of his book, one review puts it this way;"
0,1247,"You have some good points here, but what do you do in the event of pregnancy due to rape? Or a pregnancy that is going to put the life of the mother at risk?And to push the line a bit further, what about failed contraception, where the 'morning after' pill is taken? Does that count as abortion as it happens after conception?Smiley"
0,1248,"Because their axiom is that the bible is infallible, so any problems with reading it are the reader's fault, whereas yours is that contradiction implies error. What Ken's saying is that we can't draw a distinction between your axioms and those of a bible literalist in terms of which is 'right', because axioms are stated not proved: axioms define what is 'right'.To reiterate: his error is in forgetting that the universe operates according to its own axioms, whatever they may be, and we can judge whether or not our axioms are congruent."
0,1249,"Actually, after the fact calculations on either side are just noise. Humans do exist and I suspect that all statements of probabilities are incorrect. Further, I don't think that coin flips are relevant and not even a very good analogy."
0,1250,"Total of denials = 761,814  
 
 Violent Crime and Murder rate decreased.
   Crime in the United States -- by Volume and Rate per 100,000 Inhabitants, 1989&#8211;2008"
0,1251,"**True, and the confusion was my bad, as explained already. However, the fact of revertant mutation in eusocial bacteria colonies, as demonstrated by Ames and by Cairns, still shoots great big holes in the darwinist assumptions arising out of your old war-horses, Luria & Delbruck '43, and its ""clone"", Lederberg and Lederberg '52."
0,1252,"Nope. And since the melanic form is the dominant allele, your point is moot."
1,1253,"I get the feeling they have filed under: Plague, Avoid like the."
0,1254,"Actually, Peeling and others on this thread have proven you and Cash to be utterly wrong. The fact you don't recognize this is irrelevant."
0,1255,According to Gallup about 8% of the U.S. population is atheist. Another poll by CUNY found that 7.7% of those polled responded that they had no religion.
1,1256,Here is a mind blower. Maybe they are celebate because being married to Jesus they are saving themselves for sex with him.
0,1257,"Well, there certainly is here with these cats, because they're not actually inheriting a trait; the symptoms are being independently induced in all the cats, parents and offspring, by denying them all particular nutrients."
1,1258,"Man cannot invent anything that did not already exist in form. Did we invent the wheel, or discover the idea? Did the Wright brothers invent machine powered flight, or was it that they stumbled upon it? In every culture, in every society, man looks to something greater than himself. They simple don't leave it at themselves and be done with it."
0,1259,"I dunno about that, but possibly. They do know that those afflicted with ADD have some unusual structures in their brains too. Last I heard they were investigating the causality of homosexuality with developmental deficencies in the brain. The jury is not out yet"
0,1260,"Consciousness is created (in my view) by the brain - but I guess it could be described as non-material in the sense that the certainty of its detection is a subjective event. I know that the activity of brain ""waves"" can be monitored, but the stream of consciousness that they give rise to is entirely interior to the mental environment."
1,1261,"Oh, dear. I seem to have lost you again. 'Peer' just means a group of people holding the same biases."
1,1262,"The surcharge should go on gasoline from ME oil used by 300+Million Americans daily. But wait! That would unfairly burden the working poor that drive gas-guzzlin' hoopdies, so scrap that idea. Let's just soak the rich for the hell of it..... because we can. emoticonXRolleyes"
1,1263,"This, coming from an atheist. How consistently shallow of you. emoticonXRolleyes"
0,1264,"And this is merely another piece of evidence that Sport's a XXXXX.   How about the simplistic explanation that people and other organisms have inhabitated the area since the Dinosaurs died?   If you bothered to read your own article:   Really if this is another one of your fresh organic sample = age of decades of time capsule because they were both on top of the ground, you're officially delusional.   Except the picture of the human remains are clearly NOT fossilized"
1,1265,"Oh, I don't know. Grow food in a garden, gather it from various wild sources, hunt game animals in the forest."
1,1266,That is exactly what he is here for. To spread god's.. 'love'.
1,1267,I will think of Jebus...but I don't drink Koolaid anymore. Too sweet and sicky tasting. Yuck. I'm into the hard stuff now. Tap water over ice.
0,1268,No baby is more precious than another as far as my personal beliefs go it is no more alright to terminate a baby concieved through rape/incest than it is to terminate a baby classed as a mistake/inconvenience.
0,1269,"Interesting, but it appears to ignore the fact that there is pre-existing variation (just look at the pictures). Emphasizing mutations is ok, but relying solely on them will probably skew results."
1,1270,Really? Can you cite those sources? I am sure that you will be citing the literature rather than creationist web sites.
1,1271,"Better still , you pop down to your local army barracks and explain it to thememoticonXClown"
0,1272,"Actually, I find it near impossible to discuss the second amendment without gun control advocates bringing up the third argument. Weak? Yes. Rare? No.
 
 In my opinion, all arguments in favor of gun control are weak."
1,1273,"Rather than address my points in the slightest manner, your response consists entirely of this. (Think I'm surprised?) And you somehow think that I'm the one being defeated? But then, with your ""understanding"" of logic, nobody's surprised."
1,1274,"Thats nice...Care to make an argument, or are you just op-eding my viewpoints?"
0,1275,"Thanks: your contributions to this thread throw more light on the subject thananybody else's. However, not sure that believers in any religion in whichsupernatural agencies are worshipped would be happy with the inclusion of""God"" among the set of human beings - unless Jesus Christ was both a man and God which I think is a Christian doctrine.I suppose I started out reading this particular thread expecting to discovera non-circular logical argument that would ""prove"" the existence of a God -and found nothing of the kind. I now think my questions on the matter have been rather stupid and naive."
1,1276,"I dont need a sex lesson from a little boy.
Once again you missed the point( getting to be a habit).
We are talking about behaviour that was condemned by the preacher, one of which was adultery..not fornicating but I am sure the preacher would condemn that too
If you read the link you would know.
If homosexuality is condemned by god then they cannot marry in gods eyes..keeping up?
If gays cannot marry then gay sex must be outside of marriage therefore it is fornicating.
You really should try to use your little head more.
'Lets stay on topic' who made you a mod?emoticonXChicken"
1,1277,"I did and can. I simply object to it as this is a DEBATE forum and not a ""let me throw my opinion around without support"" forum. 
oops, I forgot, that is what you call debate.
EF"
1,1278,"So sorry to butt in, but I would think that yes, what the woman wants is all that matters since it's her body and her ...well, this has been gone over a hundred times. It would be 'nice' to consult the man responsible but ultimately it's up to the woman since it's her body, she's the one stuck with the unwanted burden and blah blah...you know.
"
0,1279,"I don't think people have a right to kills themselves (obviously not natural and obviously not legal right now). As for the other question, I wouldn't think a blatent disregard for the others health is morally ok."
1,1280,"Then God should have used someone they trusted and respected to deliver that message. emoticonXRolleyes 
"
1,1281,Hehehe. Sounds like an American in a big SUV looking at $4/gallon gasoline with a maxed out credit card listening to fundamentalist talk radio.
1,1282,"I can't handle the ""truth"" as you fabricate it that's for sure.
You wouldn't know what ""it is"" if Hannity and O'Reilly were yelling it at you.
Waxy"
0,1283,"Yes, any legal argument which relies exclusively on religious doctrine is indeed harboring on freedom of religion infringement. The same holds true for all civil rights which have had opposition from the ""religious-right."""
1,1284,"He did finally figure out how to use the quote function, so there is SOME progress!!"
1,1285,"Oh, I get it.
That's what permitted Governor Gidget to say that Senator Obama ""palled around with terrorists."""
0,1286,"I believe that you will go to hell if you commit suicide. It does not say in the Bible that you will go to hell for lying. (Where is your reference?) You cannot be a Christian and be gay at the same time. That goes completely against scripture. You don't go to hell for masturbating! (Once again, reference please.)"
1,1287,"Odd. I can't seem to find any racial slurs or racist ideology in those sentences. In fact, I don't see any race or races in general even mentioned. You're just one of those people who thinks you can win a discussion by accusing your opponents of being racist. Sorry simone, but in the real world, people can disagree with your leftist views (which are barely existent) without being racist."
1,1288,"You are getting silly now. McVeigh was a nutball and he has already been executed for his crime. His partner is doing life and may yet get the death penalty. 
Based on your argument above, I take it that you have decided to throw in with the Islamic terrorists."
1,1289,"The article as a whole never made that argument either.   Lie number.... oh I can't keep track anymore, let's just call it 40."
1,1290,"I dunno, I keep seeing more and more chinese around here!! And they all have 3 kids! They come over here just so they can breed. They invade a host that is more favorable for replication. Viral! [please, this is a joke, any chinese out there, just a joke!]"
0,1291,"Of course not, but I fail to see how atheists are using science as its god, can you please explain that to me directly? Evolution doesn't refute god at all. In fact with evolution, intelligent design is entirely possible. But that still doesn't make it science."
1,1292,"According to Stalin, only your caretaker, the USSR, can take away your life.   God has alot in common with dictators. And often the apologists for dictators have alot in common with apologists such as yourself."
1,1293,"Yep, suppressing natural behavior is always the way to go. We should also get them to stop pooping."
1,1294,When I want the opinion of a spiritually-dead nincompoop I'll call you.
0,1295,"The bible is evidence. Its existence is a fact. What that fact represents is subject to interpretation. Ken's argument is that choosing to believe the bible is infallible is no more or less of a presupposition than choosing to believe that logic is infallible. He's right in absolute terms, but those axioms are not equally congruent with reality."
0,1296,"God can do whatever He wants. Although one can say ""God does not"" or ""God is not"", a thiest believeing in and worshipping the God of Abraham and Joachim I do not think should ever say ""God can not"" anything....With God, all things and everything is possible. Sentiments such as those expressed above in my view seem to be evident in Western Christianity where it seems believers are too often trying to bring God down to our level, imposing limits etc."
1,1297,"Wait until Gen. Petraus' report comes out, then you'll eat those words. BTW, do you take ketchup or mustard with that? ;)"
0,1298,"How does being poor limit your responsibility to protect yourself? I know a poor woman who has 10 kids just hoping that one day she would find a man that would be willing to help raise the rest. Also, what do you mean by ""less fortunate? It never happened but she kept having kid after kid and hoping it would. Should she be excused for her behavior because she is poor? No, she kept going to BARS looking for good men. Bad choices = bad outcome. Do you think that this is proof that abortion is necessary? Nope, abortion IS NOT the answer in cases like this, only responsibility can solve the problem. The bad thing is that only one of the men do anything for the children and he doesn't do enough. She has never filed for child support and the kids are almost never disciplined. "
0,1299,"Do you believe that the freedom to not participate in any religion whatsoever is not covered by the expression ""Freedom of Religion""?"
0,1300,The only reason why that makes no sense is that no one exists inside the embryo. It would be like writing about someone weeding their garden from a weeds point of view. The anthropomorphization of non-mental existant beings is implausible at least.
1,1301,"Getting nervous?
BTW, I think Anthony Flew is wrong about the Christian God.
Jesus Christ is the very Son of God and God!
I hardly see a ""despotic"" bone in Jesus. Oh, I see, whipping the money changers, I guess some just have no back bone, and can't picture honest for real, righteous indignation!"
0,1302,"And justifiably. If you don't see the problem, then you are the problem. The proposed revisions is typical YEC banter about ""evolution is a theory"" - without making it clear what a theory is. ""Teach all sides of the question."" That's code for teaching ""creation theory"" or ID. Does that mean that in geography class the teachers should present a flat earth as a reasonable alternative? How about the earth as the center of the universe? No? I am all for teaching well supported theories that are not in agreement with the mainstream, but ID or creationism aren't them."
1,1303,The egg is now a conscious human? In under 72-hours? Wow.
1,1304,"Looks like my first response to this was deleted? I'll risk it again since this post was not deleted.
Anyhoo,
This post just wreaks of the emotional and psychological development, maturity, morality, character, and integrity of SOME Republicans/Conservatives. emoticonXRolleyes 
Waxy"
1,1305,"EZ is just delusional , you are ignorant.. there's a big difference. You should know considering he's your best friend...emoticonXHoho"
0,1306,I think the energy( essence of the human life) always was
1,1307,"If by ""We the People"" you mean a handful of self appointed persons with strong financial intrest in the running of the country... 
The document is largely a copy of the theories of Montesqieu and John Locke."
1,1308,"You would do well has Obama's misinformed press secretary because you're full of folly yourself.
Christ is Risen indeed!"
0,1309,Well then it sounds like you don't even know what a SM is seeing as the 3rd one is the main one that people like you bring up when debating this isse.
0,1310,"Actually both are relative in every situation. Especially ""The Truth"" as espoused by religious fundamentalists such as yourself, as there are as many different versions of the truth as there religious fundamentalists."
0,1311,"most research indicates social deprivation as being main causes of crime coupled nowadays with drugs   SO WHY ARE GUNS BEING BLAMED FOR CAUSING CRIME!!! I've been saying this for years...   Criminals have always had guns ban or not   That is the exact point of this thread... guns bans/control doesn't stop the criminals, endangering the populace.   If you want to argue anti-gun... don't support the side of us ""redneck-hillbilly-gunnuts"" that you think are so stupid."
1,1312,"So, you think doctors in the US make LESS than those in the UK?   Take a look at this: It's called ""statistics"" not ""wishful thinking and personal anecdotes""."
0,1313,"Do me a favor. Write, in your own words, two paragraphs. One explaining the electromagnetic spectrum (and the visible spectrum's place in it), and one discussing rods and cones in the eyes."
0,1314,"Guns in our society increased. 
   Total NICS Firearm Background Checks -- November 30, 1998 - February 28, 2010"
1,1315,I have no problem with them preaching against gays in their churches and the privacy of thier homes. Its when they crawl out from under their rocks that I have a problem. I also have absolutly no problem what so ever with them talking about Jesus if only they would keep to the subject of Jesus and leave all gay issues alone. Unfortually Paul has replaced Jesus in many churches.
1,1316,Are there many liberal democrat left wing thinking born again Christians? Weird huh?
1,1317,"""He who laughs last thinks slowest.""
I think that applies here; what about you?"
1,1318,"Such an argument is irrelevant. Your side has never once explained why magazines that hold more than 10 rounds of ammunition are somehow ""evil"" and unfit for ownership by non-police and military personnel.   Nice try thimble head, but you fail again.   Can you prove even a single example of a criminal being unable to get their hands on a 15 round magazine after they were banned, to back up your argument?   Or maybe you'd prefer to explain why absolutely no honest citizen, who might be a victim of violent crime, doesn't deserve to have access to a magazine that holds more than 10 rounds of ammunition?"
1,1319,by this stupidity a KKK mob with guns is a militia!
0,1320,"They do not hate the concept, they merely reject it as being useful or necessary to explain the material universe. I mean come on what utility would a physics which incorporated miracles be? Nothing would be predictable and all utility would be lost. If you want all of science to be arbitrary and unreliable then all ya gotta do is inject miracles into the field.   For example what value is f=ma {except when the diety wills otherwise}.   Or e=mc2 (god willing)"
1,1321,"You would fail to see it. I guess you don't watch enough TV. 
"
0,1322,"No, say you've got 200 of some species. By some event, 100 member are seperated. Now we have two groups of 100. Each group goes through different selections and they accumulate small changes. Eventually, they will be different enough so that they are no longer able to interbreed. That doesn't mean one group automatically has to die so we remain at the same number of species.Of course, one group might get some significant advantage which allows it to come back and ownzor the original area so the other group gets wiped out."
1,1323,"god, this has been argued against a thousand times. by this deffinition masterbation is killing, menstration is involentary manslauter. by this deffinition you kill someone every time you walk by a carrot without eating it."
0,1324,You don?t offer much in the way of an argument.
0,1325,"Well, I didn't really mean to go that far. But I'm talking about problems like that all worked out, thought about previously, and that the problem was worked out. I'm talking more about, what if you could make laborers stronger, scientists smarter, and rid us of physical and mental abnormalities ( such as down syndrome, narcolepsy, etc.). I don't think of making everyone the same for that reason. I'm just saying, what if there was a way to better society without going overboard? If the problems were worked out, which I'm sure they will be, what would your moral view on it be?"
0,1326,"If the child is to be born into a poverty stricken part of the world and is expected to die by the age of 7 by either disease or lack of food, why not spare pain and abort?"
0,1327,Uh. No they didn't. Have you ever actually taken a biology course?
1,1328,"I guess I'd rather live among them, too, than have a hot poker shoved up my bottom."
1,1329,First of all a man cannot terminate tissue he isn't carrying.The father can opt out all he wants but when that fetus becomes a born person he is responsible just like the mother is.
0,1330,Thanks. Well I'm a resident of California currently but my partner has orders to Virginia. If they allow outside residents to apply for a license we'll do it Considering DC is only a four hour drive or so.
0,1331,"But there is evidence that we do evolve. I'll give you an example. In areas of west Africa where malaria is endemic there is an allele of hemoglobin that confers resistance when heterozygous. In other environments that allele is not beneficial and is, in fact, deleterious. It is fatal when homozygous. Now according to evolutionary theory such an allele should decline where it offers no benefit. Studies show that this allele is less frequent by about 2 percentage points in Americans of west African ancestry."
0,1332,"With regard to this statement you have to consider:1. How can anyone know what product an ""intelligent designer"" wanted.2. Even from the example of life on Earth we can clearly see there is nothing easy at all about the path life has taken over the millenia.But I think it is possible to hold your position, although it can be a tricky one by virtue of the entrenchment of opinions that has occured in the religion science debate- due to the less than pragmatic attiudes of some of the participants."
0,1333,"Really, fetal persons are born. Science has demostrated that birth really occurs into the womb, not when one leaves it."
0,1334,"And people are punished for that, and their service record is going to make clear they did it. I feel that if someone has a service record that gives no indication he or she would discriminate, there is no reason they should be asked questions about their ideological views."
1,1335,"Since you say I call names, we could have a real simple debate if you like. You copy/paste all the times I've called someone names, and I'll copy paste all the times I've been called names. The one with the most copy/pastes wins. How about if I give you a 5 to 1 ratio on it? I'm a lot more confident I'd win that one, than the 'evolution is atheistic' one. :)"
0,1336,"Actually, that's not true. While all of the sciences actually support one another, one can be a chemist and not accept evolution. One can even do good science without accepting evolution, but it is difficult. For example, cosmology, astrophysics and astronomy see a very old universe. That's not compatible with young earth creationism. Geology finds an old earth, wich isn't compatible with the mythologies of sacred writings. But that is not to say that one cannot be a qualified scientist and a deist or a theist. There are lots of good Christian scientists who accept evolution."
1,1337,"Yeah, it is really difficult to cut and paste a news article onto the forum. Look at the gun page, he is nothing more than a bot."
0,1338,"No school shootings on Colorado State University, even though they allow concealed carry.   The same is true in Utah, where concealed carry on campus is something the schools can't ban."
0,1339,"Just this morning there was an article in the paper about a woman in the Extreme Southern part of Texas in Brownsville being shot ""with a stray bullet from Mexican soldiers"" on our side of the river. Over 80% of the crimes are committed by Mexican gang members, many of which are ex-soldiers and drug enforcement for the mafias.Nope, not safe at all when foreign invaders attack Texans on our side of the river and do pseudo cop break and enters of homes or robbery of businesses.That is a good example of the importance of being armed. One county sheriff along the river encouraged citizens to get armed just for that purpose, freely admitting that his officers will not be there when they are needed the most. We Texans have kidnapping and ransome too but reserve our right to protect ourselves unlike EuroAsia who has copitulated entirely.You were saying?"
0,1340,"Right. That certainly explains the many, many versions of Christianity."
1,1341,###!! You're seriously advocating allowing kids to take guns to school? Don't you have enough greiving parents already without giving kids the option to shoot out a disagreement?
0,1342,"No nation is perfect, Rev. Not even the USA! A singular instance that you quote is not an argument as anyone can just as easily find criticism with the USA over people freed early from jail.You will find black people over-represented in the jails of the UK, the USA and Australia. There is injustice everywhere."
0,1343,I have not heard of it before either. Any information that you or other member's can gather on this subject would be of great interest. I will also keep my eyes open.
0,1344,"this is where the most confusion comes in, and why many evolutionist that are particular about the definition of evolution gets into arguments. #3 is the only one close to the scientific definition, and still this is technically lacking and only serves the very layman levelyou continue to insist that all misinformation is a result of YEC's distorting the definitions. YEC's didnt write the definitions in dictionary.com, noe the hundreds of other dictionarys that have similar definitions. furthermore, your definitions have done nothing to educate people who are seeking more information. they only serve to display your disdain for creationists and your lack of objectivity"
1,1345,"Observations? Like the posts I have made? Which would be documented via quotes?....emoticonXConfused You demanded 'links' for your recurring rudeness, I produced them. I demand 'links' for my creationism."
1,1346,...Because everyone knows there are no married men sexually abusing children. emoticonXConfused
1,1347,And yet the species that exist today are the exact same as the species during the high oxygen content? That makes little sense. It's like saying the world was vastly different before yet perfectly suited for the species that exist today. That is COMPLETELY nonsensical.   Where did all of the oxygen go?
1,1348,"Ah! So wellspoken for an addle-pated twiddle poop! I congratulate you!
And a total lie! Who the Hades wants 13-year-old children to be sexually active? No responsible, thinking person could wish such a thing. You malign Planned Parenthood.
You have ceased to be a credible commentator on this issue."
1,1349,"I am just passing on what I seen personally. I am not trying to prove anything. Just sharing an observation. 
PS...from ""our"" point of view? You got a mouse in your pocket? Please explain."
1,1350,So they haven't gone into bankruptsy yet? I guess the illegal loans are helping after all. emoticonXRolleyes
1,1351,That's it? That was your post? To attack a source without anything backing you up? Bravo!
0,1352,Oh really? What evidence do you have? These people started out as soldiers in the army.
1,1353,Talk about a crock! How can you wail on anyone with your imaginary truth stick of no mercy when you wouldn't know the truth if you tripped over it? And you going ballistic like this just proves the exact point I made in that you'll allow my free speech until I say something you disagree with and then you attack me to shut me up. Which is exactly what I said above that precipitated your childish tirade. See?
1,1354,"Tell us, Steve, now you've been thoroughly snowed (again) by the GOP, how's the weather up there in CloudCuckooLand?"
0,1355,"Most of them happening in the inner cities of Illinois, New York and California - states where the restricted access of firearms is supposedly designed to keep acts like these from happening.   Who's the real traitor in this case; Obama for not passing your gun control package? Or the black guys that feel the need to kill their fellow black men for whatever reason motivates them?"
0,1356,There are real families that are effected by this. It is very sad. What's even more sad is that those that approved the admendment was told exactly what would happen and they still pushed for it and approved it. This is not christian by any means.
0,1357,Well we assume a right to your own body here. It is also important for you to justify why there should be a difference in human and person and then justify why doing so this time is different from when this was previously done in history.I guess I don't agree with the idea that you have no rights until you can prove you should have them...if this is the standard then we are all in trouble.
1,1358,The poor in the US certainly seem to eat more than the rich in most countries.
0,1359,"The quality of life ethic is far different from sactity/dignity of life ethic. A quality of life ethic carried out to its logical conclusions does not promote a pro-life society. Instead, there would be genocide against the handicapped, elderly, and people who people of power have deemed life unworthy of life. The problem with this ethic is that it is centered in arbritrary people deciding arbritarily which person passes the ""quality of life"" test."
1,1360,"Oh no. The main disagreement between theistic evolutionists and Fundmentalists is that Fundies aren't worshipping God, but a false idol of their own making."
0,1361,"But the belief that 'its gotten us far' is itself a 'scientific' type belief, in fact it has less proof on the empirical assumptions than the science itself. Justifying the validity of experience by experience is the intellectual equivalent of saying'God must exist, because God is good and would not allow a world without God'."
0,1362,"You got it wrong Daewoo. The ban was put in place by the 1986 Firearm Owners Protection Act, designed to correct the erronius Gun Control Act of 1968. The machinegun ban provision was slipped in at the last minute, during a time when those that would oppose it weren't there to debate it."
0,1363,"He was barred for presenting hard evidence against the Big Bang. Observable evidence. He was the head astronomer at Mt Carmel not just another astronomer. He was our best one.Being barred from the telescopes he was in charge of , being fired , and having to move to Germany is not what you consider suppression? I am not willing to discuss this with you anymore if you refuse to do it honestly. You can say anything."
1,1364,"So that's where you get your religious education from !!!
Books written for 'Dummies'!!!"
1,1365,That would be one hell of a kiss...you would probably drown first though :)
1,1366,"What's Sesame Street?... Oh wait that's where you got your pathetic education isn't it, no wonder you're so ignorant. ... emoticonXChickenemoticonXChicken"
0,1367,".... i can make up one just as prophetic emoticonXAngel. ""The sky is black, the shadows powerful,God's domain judged by the unseen""Obviously this a prophetic for 26th dimensional superstring theory and how it governors the universe's physical properties in unforseen ways. Don't you see it? It's quite obvious! To the RATIONAL world, that is completely absurd, just like your analysis of how the scriptures work in your opninion. "
1,1368,"
Anyone wanna make any bets on who the newbie is here???"
0,1369,"Oh, I don't know about that. March of the Penguins was a box office success ANF an Oscar winner for best documentary.   Calling any of Moore's movies ""a documentary"" requires one to employ some artistic license with the term and some slight of hand."
0,1370,"So lets say that if, and I know this has nothing to do with the topic of gay marriage, but do the people have a right to amend the constitution to introduce slavery? Does the majority have a right to deny a minority freedom? I already know you answer. You believe in the tyranny of the majority.Why do you want the people to vote to take other people marriages away? I do not understand your reasoning on this. Besides you have never answered my question.Do you have any compassion?"
1,1371,"Oh spare me the condemnation ya' XXXX-hard. You aren't interested in saving souls. If you were, you would bother to have payed attention to the countless times you have been told that your abrasive, insulting tactics DON'T WORK. 
Plus an eternity in hell or an eternity with a terroristic God? I think I will stick with being able to live with myself for even today, let alone an eternity.
"
1,1372,"Let's allow same-sex marriage only. Then heterosexuals will have the same right to marry someone of the same sex. 
"
0,1373,"Given that the fetus can feel no pain (in the vast majority of abortions), whose pain should I be concerned about?
 
 Even if it could, why would its pain be more worthy of protection than the mother's?"
1,1374,"http://blog.pos.org/wp-content/uploa...dule-press.pdf
Just a tad inconsistent, wouldn't you say?
But, given that there has been a heavily-financed anti-Obama campaign on national media, it may be understandable.
And, ABCNEWS is another clone of FauxNews, dontcha know?"
1,1375,"Hoo boy! That target just got larger. You still don't get it, do you? Not a ""slave contract,"" but a covenant, a promise :)"
0,1376,"First of all rape is one of the most under-reported crimes so it makes sense that abortion due to rape/incest is also under-reported so that makes your assumptions and numbers off.But of course you are missing the whole point.You are not the one being raped so it isn't YOUR choice.I don't need you making choices for me or telling me what is and isn't good for my emotional health.If one gets raped and DOES NOT want to be pregnant who are you tell them they have to be? Abortion should be legal for everybody who wants one not just rape/incest victims,for the simple reason that no human being has the right to substain life by using the body of another why should a fetus have more rights than actual persons?"
0,1377,"I know of a similar argument that could be misinterpreted:Evolution producing what exists today could have gone any one of millions of ways. However, it isn't much surprise that what we have came out of it, just like it wouldn't be a surprise for a random number generator to come up with 475475.339: something had to come out, and something did.Chances are, you are referring to that argument."
1,1378,"You mean to tell me you would deny a life to be lived out and someone to get away with a harmful crime?? wow, sounds like a liberal to me.."
1,1379,"Are you going to go and urinate on his grave as well?
My! My! What hatred and vitriol! What does it feel like to have so black a heart?"
0,1380,"Well, we'll ignore the fact that you think dinos are the same as modern day reptiles, and we'll ignore the fact that you are assuming that what goes today must have gone before (something you rant against on a daily basis). Who said anything about reptiles or dinosaurs?"
1,1381,So do you think that the earth is hundreds of millions of years old?
1,1382,"Then why do you go out of your way to make it sound that way?Imean I doubt if you even know what a gun crazy is.Now I'm sure in the land of Oz it would probably constitute having a couple of B.B. guns. 
"
0,1383,"False and that doesn't invalide evolution given how it's a misrepresentation of one of the statements in the theory. 
 
 Gould can take his comments and shove them up his ***."
1,1384,"So EZ, tell us exactly what they mean by magic?
Do you believe in magic EZ?"
1,1385,"Buy stock in the failing banks? What a great investment. Tell me, where does the money come from?"
1,1386,Only in the mind of a secular humanist atheist would it make sense. emoticonXGood
1,1387,Name them. Real contemporary people who testified about a real superman. And don't forget to identify the time period and where they lived and their written historical accounts.
1,1388,"Well, at least you are more consistent about equality than a lot of people in your movement. 
"
0,1389,"Recent studies apparently show that pot is more harmful than you say. One joint is said to contain more carcinogens than four tobacco cigarettes.I doubt your 20,000 joints theory.You have a simplistic argument going for pot. I can't agree that legalizing all drugs would be a good thing either. Programs in Holland have failed to produce significant if any benefits to society in general. The druggies seem to have benefitted by having arrest-free drug zones and access to whatever they want, but the cost of drugs still requires some income, something that most of them likely do not have other than from crime, begging or social programs.One ""benefit"" I see from legalizing drugs is that the users could be more easily identified."
1,1390,Too late. I am a child of the 70's. My mind evaporated decades ago.emoticonXDonno
1,1391,"So it was two AK-47s ""semi automatic machine guns.""Tells you right their the person that wrote the article don't know squat.Guess I got me some machine guns then,even got me a semi-auto .22 that must be a machine gun, after all it shoots flames out the barrel.emoticonXWow
Hey is that an AK-47 laying on the ground?or is it an AR? could be a shadow, but the front sight looks out of place."
1,1392,"You really don't get it. The best thing about a free market is when someone acts like a fool they get burned. Thanks to government intervention and regulation when someone acts like a fool they get bailed out. 
If you like we can have the trains run like Amtrak."
1,1393,"<flush>
Just come up with something that discredits the resurrection, if you think you can. Should be easy for you Einsteins, shouldn't it?
But in two years I haven't seen it yet. Not from you or anybody else.
Where's the beef?"
0,1394,"As others pointed out, this is a misconception. I have little doubt that the great majority of pro-choice people are quite positive about wanted pregnancies. I suspect that this misconseption comes from the fact that almost all abortion discussions are about pregnancies that are not wanted. Pregnancies that are wanted are almost never discussed since they are not relevant to an abortion debate. After all, who would want to abort a fetus if they wanted to be pregnant and have a baby (excluding rare cases of risk of mother's death, severely deformed fetus, etc.)?"
1,1395,"Funny, I don't see waves of Christians pounding their beliefs down anyone's throats. They are using the ballot, which is their right. Unless you're against fair elections, too. emoticonXRolleyes 
"
0,1396,"I believe abortion is murder and should be illegal. The only possible circumstance when an abortion should be an option is when the LIFE of both the mother and her unborn child is at risk. When both lives are going to be lost, it is better to save one as opposed to losing two. The holocaust on the unborn children of this country is something that we should be ashamed of as a country."
0,1397,Really? I don't think you know what you are talking about. Please provide evidence to back your claim. Thanks.
0,1398,"If one is prepared to put in a bit of research, that shouldn't apply on a web forum. One has time between posts to check what's being said, look for counter arguments etc. If the best one can come up with after all that is ""I know you are wrong but can't prove it"", then one is out of ones depth in the argument. The unavoidable conclusion from this, is that any claim to ""know"" the other is wrong is 100% faith based...G."
0,1399,It's possible that Archaeopteryx is not a direct descendant of modern birds but it's certainly not far from the line and it shares both avian and therepodian characteristics.
1,1400,"But AA's not responsible for that, because he is an A-rab."
0,1401,"But does anyone actually need a marriage to do this? No.
 Are there any laws stating one must be married before giving birth? No."
1,1402,"That's right, why should everyone contribute when a few can support the many!"
1,1403,"Well, the pill has the ability to not let it implant, which ""God"" already cause for around 60% of its contemporaries. The pill doesn't destroy the ""entity"" at all."
1,1404,"You assume homosexuality is a ""choice"", with no evidence substantiating that position, until you have been shown evidence that it is genetic???
And you claim to be a ""scientist by profession""???
LOLOLOLOL!
While you're at it, maybe you can explain to us what a ""unconscious choice"" is...
"
0,1405,"What is your evidence they didn't do this? Remember, today's Coelacanth is different."
0,1406,They rarely date fossils anymore...instead they look at the strata of earth the bones were found in.
1,1407,"I'll put up such a sign up if you agree to put up a sign in your front yard that says, ""As a gun owner, I'm helping to increase my county's burglary rate.""
"
0,1408,"Well, since you have natural selection completely wrong, it must not go too well with the Biblical account. By the way, now you have introduced another word that has no meaning in the context. What is a ""kind."" Please be specific so that I will be able to recognize a ""kind."" Please show why a ""kind"" only has the ability to lose information."
1,1409,"Because we have different experiences than you and are more educated on the subject. The only ones who tend to ask ""Why do you feel you need a firearm to protect yourself"" are the ones who've never faced such a situation and don't know what it's like to be in such a position."
1,1410,"I was thinking moreso Canada, Great Britain, and Israel rather than ""Happyland"" but whatever floats your boat.
"
0,1411,"Wait, an ad hominem that even skews the stats?   You could at least compare monthly to monthly, or yearly to yearly.   You could point out that his modifications decreased his energy consumption.   You could tell us whether that number included time while renovations were taking place, if you even knew.   You could clarify whether this compensates for natural gas, propane, or heating oil usage.   You could explain whether the amount ""burned through"" is from the grid alone or also includes the non-impacting solar and geothermal contributions.   But doing so would require not being a rightwing parrot."
0,1412,"Because when something passes every experiment thrown at it and when something fits observation better than anything else, then it's as near as damnit fact. We can get pedantic over this if you want, but the conclusion that reaches is that there are no facts."
1,1413,Say what? You want a scientist to stop short of drawing any conclusion? Well that makes it pretty useless don't ya think? Or would you prefer that rather than stating their honest and best considered opinions that they lie to you and give you an opinion which their best judgement says is wrong? Geez you are just asking for deep deep trouble.
0,1414,"Besides the hundreds of cases in which such things are directly observed, I guess you're right."
1,1415,"Just out of interest, which particular aspect of ""truth"" are you getting at here?"
1,1416,"So AIDS is the fault of ""the gays""?emoticonXRolleyes 
lol it's been a long time, JP."
0,1417,"The comic relief doesn't even recognize it has passed in on, or attempted to!"
1,1418,OH FREE MARKET???? IM goin to take the embryos and fetuses slain in abortion centers and turn it into a new food source and sell it at the grocery store!!!!!!!!!!!!!!!!
0,1419,"Oh, is THAT where you are getting your information? The Biotic Message? I read the book tens years ago and eventually sold it because it wasn't worth keeping. You do know that it is a book on biology written not by a biologist, but by an engineer. Right? Walter Jame ReMine is a mere engineer of some sort, and has no degree in biology. And biologists strongly argue against his claims. PS: I even had a few exchanges with ReMine when I was posting at ARN. I argued against him, even though I was an IDist at the time, because he was not being truthful."
1,1420,Well that lets out most of the supreme court when RvW comes up! And of course 1/2 give or take of the voters would be disqualified if relevant issues come up to a vote. Perhaps we should start an effort to amend the constitution to incorporate your idea!
0,1421,A little of both. Japan is known for allowing its police officers to physically and mentally torture suspects and deny them legal counsel if they determine that such counsel will interfere with their interrogation. Suspects aren't allowed to read confessions before signing them either.Is that what Penfold really wants?
1,1422,"Alrighty then...I will come back after I have ""learnt"" how to spell. :p"
0,1423,"Well, thank you for this thread Santafeur. I must say though that I peruse various threads just to read stuff. The C vs. E topic does not strike a nerve with me. In fact, I also wonder what it is about the human mind that makes people so desperate to want to know how we came about. What difference does it make? We are here now. Could we possibly just accept that we got here somehow, and just move on?"
1,1424,"Not really the ball park is too wide. The place you live would be older than the earth. Take egypt. If Moses wrote Genesis the country he lived in was documented as older than his creation. It can't be 6-days.
Angry Black Man Xqs me I mean Angry African American (AAA)."
1,1425,"Wow BIOLOGISTS have been working on strteches of DNA of previously unknown function and found what they went looking for - function. That sure knocks genetics and evolution off its feet. Yep no question about it at all. Darwin will be trashed when junk DNA is explained, all his predictions about junk DNA being functionless will be falsified. Oh, oh wait a second. Darwins theory and the NDS make zero predictions about ""junk"" DNA! Guess that if one has nothing to falsify then falsification is pretty unlikely."
0,1426,Genes transfered horizontally are as subject to selection as anyother form of gene. Once intergrated into the recieving genome they are simply one more heritable element and if they alter the phenotypes (many are either neutral or even inactivatee) then of course they are subject to selection. Why do you think otherwise? Remember that horizontal transfer is a rare event roughly on a par with ordinary mutations.
0,1427,"Well, there are several problems with your post. 1) You misunderstand   the term 'THEORY' when applied to scientific theory's. A theory is   a model to try to explain the FACTS. WHen it comes to evolution, the   theory of evolution is a model to try to explain the observed fact that   evolution happens.   Second of all, Humans and modern apes share the same ancestor. From   a biological point of view, humans ARE apes that have a specialised brain.   The third problem is many religious people take much of the bible as allegorical. That means they are able to reconcilate such things as   scientific fact, (evolution, expanding universe, age of the universe, biology, geology and physics), and their belief in God."
1,1428,"And then he gets to go to Heaven where he becomes a mindless robot whose days are spent praising God
And to answer your question NO they did not exercise their free will. If you had read the Bible you would know they were lied to. You can not make a choice freely based on an intentional distortion of the facts."
1,1429,Do you have to work at becoming so scientifically illiterate? What ever happened to the creationist chant about evolution being a product of pure chance? You seem to chant all of the other creationist tripe.
1,1430,"Why?   If the government made a law tomorrow that declared all brain surgeons would now be making the average wages of a high school janitor, how many brain surgeons do you think would continue their practice?"
0,1431,"Don't those science writers make things so clear for you people who have no idea of what science is or how it works?Actually, what is tested is the hypothesis. It is tested by making a prediction of a necessary observation and then devising a test of the prediction. Only when the hypothesis is supported should it be called a theory."
0,1432,"Yet without it the vessel is just worms, mud, then dust, like rock & tree houses, not made to endure, yet, the life force, energy, back to the cosmos/source, converted, capable of being rewinded, paused, and fastfowarded, like a movie screen amongst the stars, revealing our lives."
1,1433,"Bang your head long enough, it might knock some sense into it. How about Palin's self imp...appointed defenders answer the valid questions?
Isly proved nothing."
1,1434,"Actually, it makes sense only to you. If you look at nature for just a little while, you willl become aware of a great deal of death. But it is mostly very economical since scavengers make sure that there is minimal waste."
1,1435,"What is the reasoning behind one gun a month? So that way you can't fully arm a monkey all in one day (a gun in each hand, a gun in each foot, and a gun on the tail)!"
1,1436,"Interestingly everyone but 'the left' can assimilate what is being said, however, the left is notorious for their ever-present attitude that everyone else is mindless. You don't got no brownie points....."
0,1437,But you are smart enough to realize that the ban on gay marriage has nothing to do with it.
0,1438,You make some great points but she could carry the baby to term and then put it up for adoption...........There are long lists of people wanting to adopt babies...........I know a couple that waited 5 years and then adopted a child from South Korea..........   Why does the innocent baby have to forfeit its life?
1,1439,"Well, you got that one exactly right. I didn't bother to watch your video. It was pretty predictable coming from you - personal attacks on creationists. I quoted YOU because of what YOU said."
0,1440,"That's true, but how much have we actually learned, and how much have we theorized, with an atheist presupposition, the only presupposition currently allowed?"
1,1441,"Oh yes yes... never mind the thousands of lives destroyed, the shame, the guilt, the anger, the fear and all the while perhaps being in a combat zone and having that stress...
Never mind the hundreds of millions wasted retraining new people because we kicked out perfectly able people because of their sexuality... 
All you can do is sit here and spew non threatening bunk to try and scare people and make your bigotry somewhat tangible to your warped mind..."
0,1442,"Your view of choice is your belief. I don't ""believe"" that a pregnant woman or anyone else should be able to choose for the child. That child does not have a choice. Choosing to kill someone is a choice, but it is not a choice that should be legal. Therefore, you are forcing your view of ""choice"" on me by making abortion (murder) illegal."
0,1443,"The tactics pro-lifers use make the Nazis look like the little league. I mean, seriously. The reason we are dealing with terrorism is because women have the right to the abortion procedure. Wow. Please give me one way those two things relate to each other."
1,1444,Like the crazy idea the Earth goes around the Sun.
1,1445,Oh! Goody! At last someone who wants to actually discuss evolution instead of mythology!
0,1446,Because the modern application of gun control is to target everyone. But that doesn't change the fact that gun control began as a purely racist concept.
0,1447,"Because there's absolutely no due process in this proposal. Your name is on the list, your rights are revoked. That's not due process. There's no court of law, no trial, no verdict, no attorneys, no chance for the accused to defend themselves, etc. We still haven't forgotten the Homeland Security memo that said veterans and those opposed to abortion could be potential terrorists."
0,1448,"Ill be the first to agree with the saying ""If you can...and have the place to...you will"" But like anything else..you have to look at the better side of things...It would act like a deterant to allow our responsable citizens to be armed..yes perhaps what you said might take place..but the benefits would outway them..and thats all we can ask for in life.As for our irresponsable citizens...they are already armed."
1,1449,"Don't forget that he's the anti-Christ and wants to starve Seniors and ""babies"". That's part of the DNC mantra too. emoticonXRolleyes"
1,1450,Haven't we all . The difference is some of us know that most people have or will and that it does not make us a fount of knowledge. As you show us so well.
1,1451,"So you advocate religion not because it is the truth, but instead because it gives you comfort and security? The opiate of the masses eh?"
1,1452,"I do recognise the truth, but you know nothing of it.
When I hit the other side I'll be in the ground, rotting just like you will be, though I suspect the earth round you will be somewhat more bitter."
0,1453,We don't actually know this for sure. There is some data but much speculation as to what is exactly causing larger and more frequent storms. The bigger problem of reducing salinity is the currents themselves and how they intergrate with migration and heat transfer. Sources of food that humans depend upon could disappear if currents drastically change. And the basis of Day after Tommorrow is correct in how the gulf stream helps regulate temperatures in Europe.
1,1454,"Once again, are you going to debate, or are you just going to be an immature little XXXXX?"
0,1455,"Yes, it does infer that doesnt it, but as I said earlier you have to read it thoroughly in order to see that there is a physical and spiritual make-up to all human beings."
1,1456,"Remember the old Adage ""know thy enemy""? emoticonXGood 
Just because I explain how one CAN fight terrorism doesn't mean that one SHOULD fight terrorism that way. Don't worry, I haven't lost my humanity, yet. emoticonXRolleyes"
0,1457,"Yes, but all concepts of right or wrong are subjective."
1,1458,"Oh, i thought ""bullet"" was some sort of slang term. Never mind."
1,1459,"Not really. It just means that Homo erectus was around in Africa 200,000 and 125,000 years ago. So some of them stayed around in Africa. What's your point?"
0,1460,"Same thing happened in Rwanda. First they put the names of all Tutsis on lists. Then, the Hutu came around with machettes and took them off of the lists....permanently."
1,1461,"Just which god might that be? Yahweh? Krishna? he Great Spirit? Allah?
Please specify."
1,1462,"It looks like just Mucusaur, you and me, along with an entire thread of bots! (I'm not too sure about Mucusaur, to be honest!) ;)"
0,1463,"If same sex couples are offered equal rights under a PACS (or some other legally recognized union) as married couples, why does it matter which ""door"" they come in through? They get all the same benefits, including the benefits that come when one partner dies.What's the beef...except that you can't say that you're ""married""?"
0,1464,"No. I have a beautiful wife and three grown daughters - I don't wish for no more. (That's Texan for: I have no desire for more.) :p
 
 BTW - Welcome aboard emoticon_xgood"
1,1465,OOOOOH. Sounds like a great plot for a B movie or a comic book.
0,1466,"The Second Amendment does not apply to an Ohio Law. Thus, this ban is not unconstituitonal under the US Constitution. The Ohio Constitution, may however, protect gun rights, but I haven't read it."
0,1467,"Actually, one. After the adoptions years ago, we hit the financial slump and had a suprise... The costs will extremely low. I've also been in discussion with numerous friends who've delivered, same story. Somehow, no matter how there is no money and no help, babies get born. And as I've said, there are plenty of organizations that will cover all costs finacially in cases of adoption."
0,1468,"He is concerned that you are taking things to far, Simone."
0,1469,"Thats a very good question. To be honest - I would prefer no legislation period - but I would not get up in arms about a late term restriction like I described because 1) a fetus could very well survive outside of the mom at that point, 2) most reputable doctors won't conduct an abortion at that stage without a legitimate medical reason anyway."
0,1470,"So let me get this straight - you admit that you are wrong, and you want me to provide documentation to prove this admission correct?   How about we both simply agree that you were wrong and move on."
0,1471,"Then why aren't doctors who advise rest and plenty of fluids for a cold in jail? Oh right, because you're lying, as usual."
1,1472,"Then maybe you could take him!
He was the president of the church who preached against gay sex but did it just the same, maybe he will fit right in with your church, maybe your church would give him a position of minister but I doubt it!
"
1,1473,"And, I'm sure you ask yourself that very question before you unzip your fly and whip out your pecker, right?"
1,1474,"Why did the president have to lie. Kerry served, Bu$h just helped himself to the cocaine."
0,1475,"How about getting the government out of marriage entirely? That is the goal of the libertarians, and maybe the liberals. No standards would be redefined if that happened, and gays would get their right to marry."
1,1476,"Gee I wonder if I should let just let the weeds or other grass come on up in the yard after spending a lot of time sodding it with fescue. After all, it's all just grass, huh? emoticonXRolleyes"
0,1477,"Many natural disasters such as tornados, destructive flood, severe drought probably have something to do with global warming.I don't know which is first regarding these combinations. Maybe flood is caused due to global warming, maybe reverse.These phenomena are related each other, so it can't be seperated when we think about it.Maybe global warming itself is not such a big threat but many disadvantages resulting from this are threats to us."
1,1478,"Unless of course, you can deny them their personhood. 
Right Antonia?"
0,1479,"By removing you mean Killing the innocent of course, which is different to imprisonment of the criminal."
1,1480,"No, think about what you just said. A cancer cell doesn't mutate, it attacks healthy cells and causes the destruction of healthy tissue. Kinda like liberals in a healthy society - they are the free radicals of the body politic, huh... go figure."
0,1481,"So the scumbag judge or judge and jury did a tremendous miscarriage of justice then. But this is off the topic. Its Black on Black gun crime, not judicial activism."
1,1482,Dragons and Dinosaurs coexisting only recently? hmm when they did dissapear? Maybe Conan the Barbarian killed them all!
1,1483,"It's a look....ad hominem all you got? Evidently. Where's your picture at so we can make fun of you? What's the matter? A vasectomy got you shooting blanks? And by the way, if one of your cronies ""outed"" me, then he was no buddy of mine. Evidently, he is intimidated, also. You should hear how they talk about you at TPA. LOL."
1,1484,"My article say's this. it needs to be noted the alleged evidence for extensive history assumes uniformitarian geology. Because of this fact, this response adds up to: Your theory doesn't work under my theory, so your theory is wrong. Of course you don't want to consider that fact, do you?"
1,1485,"Some of us have to work for a living, Snicklefritz.
So, what have you got?"
1,1486,"Well, then, I guess that in America we can't possibly be safe from kill-happy gunners can we?"
0,1487,"Nonsense, societies change over time, therefore they evolve. Only biological populations evolve through natural selection and the theory of evolution only applies to biological populations, but the term ""evolution"" applies to other things too."
1,1488,person ( P ) Pronunciation Key (prsn)   n.   A living human.   human ( P ) Pronunciation Key (hymn)   n.   A member of the genus Homo and especially of the species H. sapiens   You mean these definitions?...Just wondering
1,1489,"Of course, you haven't a clue that ""straight"" is actually a category on there...
Nope. Not a clue to be had there... emoticonXRolleyes
"
0,1490,I know it's almost as silly as thinking gay marriage will undermine heterosexual marriage.
0,1491,But faith is not religion. Religion is the expression of belief in a god or higher being or power of the supernatural.As an agnositc I think that both theists and atheists are wrong since it is impossible to know for sure wheither a god exists or not while one is still alive.
1,1492,It might be telling that super heroes typically don't use firearms. That I'd prefer my crowds to have few if any guns concealed within hardly makes me pro-crime. Nor does it make me a pacifist. I'm a big fan of violence. The hands on kind.
0,1493,"You still haven't learned what Google is have you Yankee Fan?HowStuffWorks ""Artificial Life""Artificial Life Likely in 3 to 10 Years - Science - redOrbitAnd relying entirely on insults is not a good way of gaining credibility. It didn't work on Livewire, it won't work here. "
0,1494,"Agreed that they are still the same species, much like the ""13 species"" of Darwin's Finches, and I have no problem with evolution in that respect. I can even see the plausibility of different subspecies evolving eventually into different species if they are geographically separated for a sufficiently long time. But I still don't see where evolution, in that sense of the term, can account for dozens of species of monkeys occupying the same patch of rainforest, or dozens of species of gazelles occupying the same patch of grassland."
0,1495,Purposefully communicating information as a means to an end... wound healing.
1,1496,"Of course there is a point, you know as well as daewoo that the bot stuff is utter bull. but feel free to make a spectacle of yourself.
So why don't you now support your assertion out by my co-signer status?"
0,1497,"Actually, you don't have to have FAITH in science.
 Good science demands you test it. Repeatedly.
 
 That vast majority of religion demands you accept it
 without question."
0,1498,And I would agree with you as long as all marriages for all couples were called civil unions and there is no two tiered system.
0,1499,"Arguments are infinite, your time is not, Slave. This claim is opposed to Real Ultimate Truth. Go back and beg Society to take pity on you, Slave."
0,1500,"The value of logical reasoning is dependent upon your axioms. Highly religious people are no less capable of reasoning logically than anyone else - but the unshakeable axiom that their personal version of god really exists enters into every equation. For you, one axiom is the existence of Vitality; volition made quantifiable, and the other is that darwinian evolution must be wrong and worthless in every respect.There is no logical reason for you to deride NS the way you do; it's an integral part of any evolutionary theory that seeks to explain the big picture of how the organisms we see around us came to be; the occurrence of mutations, volitional or otherwise is not enough on its own. But your axioms prevent you from incorporating it into EAM and getting on with your life."
0,1501,"I'm sure you reproduce these quotes in good faith, but you ought to know they are not necessarily what they seem. The Darwin quote is a particularly craven quote mine: he was expressing empathy with those of his readers who found it difficult to imagine how such a thing as an eye could evolve by stages; effectively putting himself in their place so that he might more readily take them by the hand and show them how such evolution may occur, with ample supporting evidence from the natural world. I refer you to the Quote Mine Project for further edification."
0,1502,"I think it's hipocritical for pro-lifers to call themselves pro-life except for rape. It's either a child or it's not. If it is a child, then no matter what, the child must survive, becuase it has every right to. If the fetus isn't a child, then we can do whatever the hell we wnat with it. But it's a child, since humans only produce children, and not being of other speices, in accordance to the Principle of Biogenesis. Therefore, abortion is wrong in all cases."
0,1503,"Well... so far eight out of nine state supreme courts that have taken up the issue have found that barring same-sex marriage is unconstitutional.We're waiting to hear about three or four more.As for the nature of marriage, it is both a legal contract and (sometimes) a religious ceremony (sacrament in some religions). We're stuck with the duality, whether we like it or not, and the courts can and must deal with the legal aspect. Different religions can do what they want."
1,1504,"I thought you'd be happy. I mean, hell, it'd mean we were in church, no?"
0,1505,"If you think something is correct then you believe this.   That's all believe means.   I believe the above statement is very true.   Except that you wouldn't have to completely change your ideas or beliefs about the universe all the time. But you'd have to modify them.   Anyway, who said beliefs had to be static and fixed?"
0,1506,Some? 90% is more than some in my opinion. That is a horrible waste. Just think if we could retain 50% of the energy we consumed. We could start eating 1/5th of what we normally eat.
0,1507,"Well, my point is that they (I, you, or any collector) shouldn't be forced but rather, that it is a smart thing to do in order to make sure you are not selling a firearm to a felon (which could land you in prison)."
1,1508,Yeah yeah whatever and there are gay catholics also. The point is that the vast majority of baptists are the <term that has been banned>
0,1509,"Yes, but the statement directly contradicts proponents of ""creation science"" and of ID. Their claim is that they are doing science, even though they can't show how. Scientists have claimed all along that creationists/IDers are doing philosophy and religion, but not science. That is the problem. They never offer any evidence that supports their assertions, only mythology and superstition.But now we have Ray admitting that creationism and ID are not science and can't be included in science. They either philosophy or theology, but not science."
0,1510,This is absurdity. I suppose then that medicine should wreak my body. How about viruses? Am I destroyed by them?
1,1511,"I once walked into Halbergs office in an effort to borrow a big XY plotter his group had available. Before I left he overwhelmed me with an extended lecture on chronobiology and his current work as well as a large sheath of reprints and reviews. A very vocal advocate of his field (and it WAS his field) and quite a character. Of course I met him in the morning and perhaps he was on a chronobiological peak at the time who can say. Anyway I did get access to the plotter for some chemical work I was doing, and I learned a bit about his work and interests. Productive meeting."
0,1512,The empire you defend is tyrannical. They are responsible for the death of millions.
0,1513,"Do you want to explain what you think the problem is? You're going to see a much larger change if you start fiddling with the controls than if you were replacing bases within the protein coding sequence - a lot of those wouldn't change anything in the protein, and a lot of the changes to the protein wouldn't have a significant effect either."
0,1514,"This is just ridiculous. The argument doesn't require the connection to be natural or artificial. Whether it is one or the other makes no difference in terms of the morality. If the point is irrelevant, the objection is irrelevant."
1,1515,After reading that I had to go talk to Ralph on the big white telephone.
1,1516,"Okay, so you believe that God did create the world in 6 days, created certain life and celestrial bodies on certain of those days, and man from dust, and woman from a rib; you just think that a few little details in the story got lost in translation?!?!?!
"
0,1517,"You mentioned him once or twice. I could give a rats a$$ about him. My concern is for you or anyone else who is in your situation. If you end up getting shot, as you walk towards that light remember you had ample opportunity to have prevented the dire mess you may find yourself in! It was not the guns fault, heck it really was not your brothers fault... It would have been your fault because you failed to act. This line has nothing to do with my position on guns or trying to get a ""one up"" on the debate. You are in a dire LIFE THREATENING emergency much worse than me owning every mortar, grenade, f16, m16, ak-47 in the world. Do you get it?"
1,1518,"Oh, and let's not forget the little incedent of Jesus tossing his best friend off a rooftop at age eight, just so he could bring him back from the dead! 
Talk about CREEPY!!!"
0,1519,"Just by being something man made, this cannot be a right. Any right that all humans deserve comes directly from God. For example, life, liberty, and property. I understand that many people do not have health insurance. It sucks, and everyone knows it. It is not a right, it is a good. Goods can be purchased in a competitive market priced based on the law of supply and demand, well in our capitalist society. This is an expensive good, and not everyone is fortunate enough to have it. That is just the way it goes, there are ways to fix it, there are ways to make it cost less, but not everyone is going to get it no matter how hard we try. Unless, God makes it a right, it is not one."
1,1520,"Not only would I throw the switch, I'd pay the electric bill, too. emoticonXGood"
0,1521,"So, the Supreme Court rested its decision not on the 9th Amendment as the District Court had done, but chose instead to base it on the 14th Amendment."
0,1522,"Well, your reasoning is certainly muddled, and it seems to be confused with some sort of twisted socio-political agenda, but I don't think I would characterize your piece a filthy collage. But you can call you stuff what you want."
0,1523,"With all due respect my friend, this is foolishness. It's as if you're saying that a persons existence is based on their memories from their past. That is ridiculous because if it's true then, we oughta take every person who's in the throws of Alzhiemers out and euthanize them because they can't remember what they did yesterday. Just because you can't remember what you did at 4 doesn't negate for one moment that you still existed at 4 so your existence had value and substance even though you can no longer remember what happened back then in your life."
0,1524,"You know 'my kind'? How very presumptuous on your part. Then you know individual choice is the issue, not enforced medical procedures. You didn't answer the question regarding pregnant women who intend to carry to term being required to have a sonogram."
0,1525,"And if you rewind a little over 40 years, the exact same thing could be said about interracial marriage.Archie's reply is a non-argument, and false at that.Multiple other groups state discrimination in marriage, but there are LEGITIMATE STATE INTERESTS prohibiting their marriage.Little things like child rape, lack of consent, and other issues."
1,1526,"You evidentally didn't grasp the apparently immense complexity and vagueness of my post.
"
0,1527,Hope you have fun carrying your pistol through the post office lobby!
0,1528,"Which, to my mind, is the more proper way to do things. Having the people decide on legislative matters seems alot like having a commitee of your neighbors decide on the proper way to perform your heart surgery. Too many states make it far too easy to get an issue on the ballot, and alot of very stupid laws and constituional amendments have resulted. Take a look at California politics if you want some examples."
1,1529,didn't Kevin Costner do a movie about this in 1995?
1,1530,"well, then why are the doctors trying 2 also test the embyonic cells? what's their reason then? we don't know, because the doctors might not want everything that they're doing be on the front page of every newspaper. they have their reasons for their actions, and they just don't want people like you to know about them. or...they already have their reasons published and everything and you're just 2 close-minded 2 take the information in."
1,1531,"That ""somebody"" was a Jesuit priest, the idea met some initial resistance because of it's religious overtones. But the overwhelming evidence in favor of it carried the day. You should study some history too."
1,1532,"Stick with the bass guitar. emoticonXRolleyes 
And if you break a string....TRY not to blame it on Clinton. :p"
1,1533,"If guns do kill, then why should we arrest the people instead of the guns?"
1,1534,"And I'd hate to let you sneak across your dishonesty, distortions, disingenuous, and unsupported false assertions."
1,1535,"Wooh!   A bunch of shot up bodies are drivel.   Nice, really nice, Sarge!"
0,1536,I don't agree with this debate. If preventing the Devil from interfering on earth should not be prevented by God then why is it that God did prevent the Devil from interfering in heaven after he was defeated? They are both essentially taking the Devil away from an area where he could potentially harm those that are good. God seemingly saw fit for one to occur but not the other. Why would that be?
0,1537,"Why not? You said yourself kalifornia was a ""trend setter"". It is alread the law in many states."
0,1538,And yet you have no problem with this law Galileo?
1,1539,And if the majority supported banning Christianity would that be ok just because the majority supports it? Civil rights should not be up for a vote ever no matter what.
0,1540,"Semantics. God has mandated against homosexuality. My point is, people are prepared to admit that the creation story, and the story of noahs arc are metaphors. They read them, and then look at the evidence to hand and say ""Well, it can't be really true the way it is written, so it must mean this...""But the bias of the church against homosexuality is based of a small passage of text which, it seems, cannot be interpreted away. That part that condemns homosexuality is accurate, straight-from-gods-mouth truth. Again, why the dichotomy? Why are some parts of the bible open to interpretation, but others are rigid?"
0,1541,"Exactly. It is their fault, but they can do what they choose. It is punishment and you know it, and it is not your job to make sure no ""irresponsible"" pregnant woman goes unpunished."
0,1542,"What I'm saying is, if the police are going to abandon you, and the law prohibits you from protecting yourself with deadly force, what defense do you have should somebody decide that they're going to victimize you?Exactly what kind of qualifications are you going by in declaring a nation ""developed"" if the government is unable to protect you, and they've actually made it a crime to try and protect yourself during your time of need?"
0,1543,"Exactly, which brings us back to square 1. Creationism is based on religion, and Evolution is based on the Scientific method, but is not proven. Creationism isnt even near being proven. So, why would you try to impose your religious beliefs on public school children?"
0,1544,"I think you got it backwards Kelvin. You're the one that said you wouldn't let your children play with toy guns because you're afraid that your children wouldn't be able to tell the difference between a real gun and a toy gun. Blindone never advocated toy gun-control. On the contrary, Blindone was pointing out that toy guns don't harm children.   And if your children can't tell the difference between fantasy and reality how do you expect them to handle a gun responsibly? They might try to shoot the boogey man or their own shadow."
1,1545,So everything that other people say on a website or in a book is just and opinion? And everything you say is a fact? Nice how you've got things set up.
0,1546,"No one wants to take your ""marriage"" away Matt. It's a free country--no one's going to block your way to any chapel that will marry you. Do your gay thing. But let marriage be marriage--it's a different matter. People just want to keep you from tampering with the institution of marriage."
0,1547,Really? I suspect that you have been duped by creationist ministers. There is no hype about Miller/Urey. It was an interesting experiment that demonstrated possibilities.
1,1548,"Public policy? Takes waaaay too much thought. Now one can go to ballpark here and pay $8.50 for a half pound hot dog, smothered in thick layers of chili, cheese and grilled onions (2,200 calories, 55 grams of saturated fat, 1,600 milligrams of sodium). That's a no-brainer (literally).
Dono"
1,1549,"Says the one currently derailing this thread....................... emoticonXDonnoemoticonXDonnoemoticonXDonno
How ironic and self-pwning."
0,1550,"In other words: No, but I like to think they have!"
1,1551,"All you have said is there are two apples. I noticed you said describe, I can describe what a chair is, but that description is not the chair itself. Are the apples the ""law of non-contradiction""?"
0,1552,"Some references please? In general, it seems that most climatologists agree that severe weather systems will occur more frequently with an increase in average global temperature. (ref:http://www.grida.no/climate/ipcc_tar/wg2/061.htm#1434)"
1,1553,"Because all scientists hate god. Again, this is a fact."
1,1554,"You were asked to give us your explanation of evolution. So far you've just regurgitated creationist arguments against it, without showing that you actually understand what you're arguing against. But instead of trying to answer the question that was asked of you, you just spat out some more quotes. The least you could have done was to use quotes that explained evolution as you percieve it, but they're not even on topic, going on about morality and atheism! You continue to confirm your ignorance for us."
0,1555,"But still, if you think there are rights in the bill of rights that is wrong, that should not be granted or guaranteed, it would be a viable option to vote for removing them.What debate are you trying to end here? The debate: 'do you want little or less gun-control'?"
0,1556,"Speaking of which, did you happen to see this image that someone kindly forwarded to me?   http://iowntheworld.com/blog/wp-cont...iew-lo-res.jpg"
0,1557,Instant Tea Blog Archive Divorce rates higher in states with amendments banning gay marriage   Check out the stats at the above link.
1,1558,"ROFL....Yeah, right, since you 'left wingers' seriously see yourself as center-right.....whaddayah know?"
1,1559,"Sorry dude.
I can start a thread on the Backstreet Boys, Nsync, or maybe reach back for a little Poison.
Probably more up your alley. :p 
Waxy"
1,1560,"But if this was a republican program, you'd have no problem with it. You are a rightwing hypocrite, Archie Baby."
1,1561,"Please, you're welcome to her. A real shame you couldn't have taken her 30 years ago before she did too much damage."
1,1562,"I love to go to the playground and watch the children jumping up and down. They don't know I'm firing blanks."""
0,1563,"This has to be what the 5th time you've been given links to educate yourself?http://www.talkorigins.org/indexcc/CC/CC371_1.htmlhttp://www.talkorigins.org/faqs/dinosaur/flesh.htmlBut I don't think you'll understand. You fail to understand such a pedestrian concept as Erosion, I frankly don't expect you to understand those two links. But humor me. "
0,1564,"well, whatever the case may be, that baby has a full function nervous system and can feel the pain whenever it is aborted. Does that not disturb you? People always tend to think ""oh the mother is going to go through pain"" BLA BLA BLA.. BUT WHAT ABOUT THE BABY THAT IS BEING TORTURED TO DEATH? cmon."
1,1565,I was right wasnt I? You do have buck teeth and play the banjo...look see if the Sesame street web site has a definition of zombie..what an arsehole lol
1,1566,"No, the liar is he who claims to follow Jesus Christ, but is the antithesis of his reported teachings. Try looking in the mirror.
I am not lying, therefore I am not a liar, despite what your book of fairytales claims."
0,1567,"Even if it was murder, do you really expect me to side with the party that broke into Martin's house and robbed him?"
1,1568,"Translation: No. we of the hard right religious radical fringe are not ready to discuss this. 
We can explain away anything our rightie candidate has done - from selling out his country and his buddies in exchange for sheets and morphine in Hanoi to the Keating 5 to being part of creating the mess he says he now wants to reform.
As a veteran of a certain type, we all know he's entitled to a funeral at government expense. The people won't have to pay for his. McStain's so crooked he can just be screwed into the ground."
1,1569,"So, then you DO feel that what you did was a sin. Otherwise you wouldn't have asked forgiveness for it.   I have one question. What was your motivation for starting this thread? Was it to try and somehow prove that a person can be a Christian and have an abortion? Just curious. IMO, you are right that you are forgiven for it, as God is a forgiving and loving God. But I hope you don't do it again."
0,1570,"Sorry to inform you, but until you are 18 years old in this country, you are not granted full protection of your rights under the constitution of the united states. I don't agree with testing either, but saying that it violates your rights is not a valid argument. "
0,1571,"And some of us are so hung up on stereotyping, emotionally charged rhetoric that they will never be able to accomplish one thing to address the abortion issue."
0,1572,"That's is ridiculously poor logic. Simply becuase the church makes mistakes doesn't mean it's incorrect in all other charges. The US government is WAY more corrupt than the Catholic Church, and yet we obey every god-damned thing big brother makes us do."
1,1573,Why? You'll just call them 'stupid'. And by doing so you will have effectively trumped all of the facts in one fell swoop. Right?
0,1574,"Not to hijack the thread, but there's a question about ID that I've never been able to get an answer to. arn.org didn't help, but maybe you can DamEtel?What was the Designer supposed to have actually done, and when? I mean, did he create the first single celled creatures from scratch and dump them in the ocean billions of years ago, or did he just nudge some chemicals towards each other? Did he cause specific mutations in certain animals at some point to get a desired result? Or did he build animals from scratch, fully formed? I can't find any answers to these questions anywhere."
1,1575,"Yes, socialist. Check the definition. I don't watch Fox. Is that the best you can do?"
1,1576,"Simone, read the sentence again please. It was ""Saving lives is ""not just"" a Republican goal."" It concerns the subject of abortion.   The only way it relates to the politics of Iraq, is that abortionist would rather kill our kids before they get to ""volunteer"" their services for Iraq.   I can't let one statement you made go though. Terrorist continue to terrorize us? Where have they attacked in the U.S. since 9-11? Consider continuing this in an appropriate thread."
0,1577,"Nonsense. Name the holes and what parts are conjecture? The parts that are conjecture are never, ever taught in a high school biology class. There isn't time. Only major points are covered about which there is no doubt."
0,1578,"So atheism doesn't ""need"" facts? If it claims to have complete knowledge of evolution, doesn't it need all the facts? If the answer is no, then how can it argue against religion? Miller didn't explain it."
1,1579,"Come now, VoR. Everyone knows that the French would never fight another country.....by themselves. emoticonXRolleyes"
0,1580,"And that is why there is no plutonium found in the natural (fossil) fission reactors discovered in Oklo, Gabon in Africa.A fission reaction in the presence of U-238 always produces plutonium. In fact, about 1/3 of the energy output from a typical reactor in the U.S. comes from the fission of plutonium-239 that is created by the fission of U-235. When there is not enough fissionable material left in the fuel to sustain a reaction, there always remains several isotopes of plutonium that were not present in the original enriched uranium fuel."
0,1581,"and tell me what did you gain out of making this statement? Just to let you know... the Bible (if you would actually read it in context instead of reading a little portion that you want to and interpret it the way you want outside of its context).. teaches how to love... because God is love.. and laid down his own life so that we could be FREE! hmmm.... sounds like the motto of what our troops do for our country... they lay their lives down because they want us to be free... where do you think this ""ideology"" comes from???"
1,1582,"But didn't you know? The USA is a CHRISTIAN NATION and all other beliefs are subservient to that. They don't get it, they actally believe that they're doing good and are also doing it for our own good as well.   It isn't terrorists, or any other outside force which are a threat to American rights and freedoms, it is those like the Christian right who you truly have to fear. Those like Pat Robertson, or Jerry Falwel who have influence and many others as well like your President. How many other Judges feel and believe the same as Judge Moore in Alabama did?"
1,1583,It is impossible to read something that can't be found.
1,1584,"Crammed with them, sure, why not? It's easy, only a few million light years. The scientific method is used in weather forecasting too."
0,1585,"So redemption is not a possibility? They did their time, paid the penalty, and just want their rights as a citizen returned to them....l"
0,1586,"Simply put, gun control doesn't work. Why?   1. Criminals ignore the law, that's why they are criminals.   2. If a criminal is prohibited from legally purchasing a firearm and wish to acquire one, they either steal one or buy one from another criminal who has stolen one.   3. It is already illegal in the U.S. for any felon, mentally ill person, or anyone convicted of domestic violence to own or even touch a firearm, yet these individuals ignore the law and obtain firearms anyway.   4. All gun control does is make it that much more difficult for the average law abiding citizen to own a firearm."
1,1587,They are the people who dont get their boilers serviced regularly:)
0,1588,I'll take these questions (one at a time) in the other thread.
0,1589,ABORTION IS NOT BAD.   That's all that needs to be said.
0,1590,"Well survival of the fittest was not Darwins term- although he may of used it it the later editions of the Origin. The phase was actually coined by Herbert Spencer in 1851.Weiner could be forgiven for his statement- if he had read the first edition of the Origin (regarded as being the best version as it contains no responses to critiscsms that were levelled at the preceeding editions) he would not have come across it under Darwins name.It is moot really, as natural selection is the term that is used in this context today."
1,1591,"And you wonder why people call ""republicans"" racist, women hating bigots. (hint: it's comments like yours)"
0,1592,"He's not talking about the fossil Coelacanth, he's talking about the modern version of it. And you can assert all you want, without evidence, they're just that, assertions."
1,1593,"Then what's Mississippi's problem? They must be run by a-holes because they are being forgotten.
"
0,1594,Do you think humans have the pinnacle of processing power and reason in our brain for the entire universe? (aside from god)
0,1595,Giving an answer to a conumdum doesn't necessarily solve it.
0,1596,Because God is free to show grace to some and judgement to others. It is what makes Him God and we can't begin to understand His perspective. He is not obliged to explain His eternal perspective to us at all.
1,1597,"And if the state decides to keep abortion legal? Then you don't care if these ""gifts from God"" have a chance or not?"
0,1598,"And of course my point was to show that not only do they contribute to political activism but they do it through cover organizations. Foundit knows all too well that they will never publish the amounts of money they actually contributed so he asks an impossible question to answer. In addition, you never asked for a dollar amount in your challenge for evidence, you asked for evidence that gay churches were involved in political activism. Which you and smiley know without doubt is true. But you actually have the audacity to deny it unless absolutely overwhelming evidence can be produced which you also know they would never publish."
1,1599,"What a shame.
Or maybe this is all too complex for you? What if I simplify things? I'll ask you to answer only a single question that is purely substantive and applicable to Divine Command theory:
From where does the invisible man get his morals?"
1,1600,You mean like Eclipses. Oh wait. That was a miracle explained by Science!
1,1601,"I was in a restaurant and as I left, the waitress said that I was supposed to leave 10%
""I was hungry"", I replied emoticonXAngel"
0,1602,"That's a nice silver-lining take on the situation, but you and I both know that there are times someone who has a greater and more pressing need for the job (even to feed his family) gets put aside for someone who doesn't need it as badly. The issue here isn't ""fairness."" This issue is doing unto others as you'd have them do unto you. If you're going to hold the golden rule up as a rule, you have to be consistent."
1,1603,"I not pushing this on you from a male chauvinist pig stance, but can you imagine the wrath of this woman would slay the largest dragon if turned toward effective argument techniques.
I'm wondering who he was wanting to call...or was he just trying to bring the phone bill within budget?emoticonXAngel"
0,1604,I know ... I know. I agree with you that it's sad more of those people couldn't or didn't take advantage of concealed carry to help prevent so many deaths. That needs to change along with education so more people can defend themselves.
0,1605,"You are wrong in your claim.
 The power of the 14th amendment, applied to ensuring equality, has a very real history.
 Would you care to look at how the 14th amendment has been applied over its history?"
1,1606,And you remind me of the people in the year 1900 who said man would never be able to build a flying machine.
0,1607,"If that was not possible evolution would be impossible, it is direct evidence that evolution isn't impossible not that evolution exists. The same can be said for adaptation, natural selection, and mutation. They are all concepts that evolution stands on but their existance does not necessitate evolutions.For instance if I had the theory: when heavy ceramic objects fall on top of one another a very few super energetic particles fly outwards and cause leaves to fall.I could offer the fact that leaves and bricks do in fact fall, as ""evidence"" for my theory but it would not be in any way that the rising and setting of the sun was not evidence for both rotation and orbit."
0,1608,"Hmm, while she is right at the first point, the second doesn't follow."
0,1609,"So far as I am aware, nobody but you believes this to be the case."
0,1610,Actually I don't deal with spanish or french because I don't have to. I speak english. emoticonXRolleyes
0,1611,"Liberal, not Democrat. Believe it or not, there are pro-gun ""thinking"" Democrats."
1,1612,"So, no actual source. And Hannity and Colmes? Yeesh, you might as well quote Limbaugh or Coulter or O'Reilly. They're all equally ""fair and balanced"".
And the kindergarten ""sex-ed"" was age appropriate. Congrats, you've bought a lie. 
"
1,1613,"When the pro-life movement began in the early 70's, being pro-life meant you were 100% opposed to any and all abortion. In the early 80's, that standard was watered down to include those who had rape, incest, and the life of the mother exceptions. Now in the 90's, things have declined so rapidly that someone who is only opposed to partial-birth abortions can sell themselves as pro-life.""- Pastor Matt Trewhella   How does that crow taste?"
0,1614,Ludacris and many others in the hip hop scene disrespect women with their lyrics and videos. Much of what hip hop puts out contributes to unwanted pregnancies.
0,1615,"How is that a strawman? Your challenge directly relies upon something you assume to be proven, but has not been. Therefore even in a hypothetical stance, your underlying arguments are invalid, thus leading to everything else being invalid. You're not doing so well on this forum."
1,1616,"Dont be more stupid than you need to.
I did not misquote the author his point was not only incorrect but patronising too.
Not a good thing if you want to sell a book.
Not that you would understand emoticonXBye"
0,1617,"I think it would be an exception as well.But if you see an indicator that might point to an ""exception"", I think the question should be asked.Consider the flip side of things. The question doesn't get asked.If Skip had been the type of man to let a gay couple's house burn to spite gays, don't you think that the gay couple would have had grounds to sue the city in such a situation?Part of this is just the city covering its own XXX. If they ask the question, and the guy lies, they have helped to cover their own XXX by asking the question."
1,1618,"The evidence that has so far been presented would suggest that he doesn't have the intellectual capacity to plan a p!ss-up in a brewery.
Smiley"
0,1619,Not sure how you can tell that since very little is mentioned about his methods.
1,1620,"Well, if someday you have a real answer, feel free to post it.
Oh, and don't worry about me. I won't be holding my breath."
1,1621,"Well looky here, the troll shows up after almost 4 weeks; the last time you posted was on 03-31-2010, only to beat his chest and start making demands as if he's some authority figure around here. And he's not even old enough to buy a legal beer yet. emoticonXSmilie emoticonXRolleyes emoticonXSmilie"
0,1622,"So that no girl, underage or otherwise, refuses to seek treatment for fear of what their parents will think or say. If a girl cannot be tested for a STD without parental notification and she does not wish her parents to know she had sex (or fears their wrath), she may not go in for testing.   In general, knowing whether you have a STD is a good thing."
0,1623,But you just said that the program was designed. You seem to be having trouble making up your mind.
0,1624,"Again, nonrandom is not the same as Lamarckian. Phenotypic variation can be nonrandom because the organisms can select the most attractive/successful mates with whom to breed. Once again, you're totally stuck on one aspect of the ToE, random mutation; the ToE is much more than that."
1,1625,"Yes, that was one of Galileo's more absurd leaps of logic."
1,1626,"You'd think that to be safe they'de let the fetus live. But no, they kill it. Smart."
0,1627,"Yes, the horror of voluntarily taking orders from someone in exchange for monetary rewards!!   If you hate your job that much, quit. You aren't being oppressed because someone offered you the option to do something. If you don't like it, don't do it. If you hate trade, you can go wander through the wilderness and eat berries and roots."
0,1628,"Yeah, he's absolutely correct. So what's your point? You think you deserve special rights? Are you better than straight people? Are you superior people because your preferred form of sex doesn't allow for pro-creation as God commanded humanity to do? Is this your argument?"
1,1629,"But that is how creationism works - half truth. Evolution is a theory but don't make it quite clear that in science the word theory doesn't mean half-assed guess, as it does in creationism. Check out that little piece of **** that was added to the bottom of the Patterns of Cumulative Change paragraph on page 7. That is pure YEC. And you aren't a YEC?"
0,1630,"just how i said it...
 opinion... 
 like, what you think
 of it"
1,1631,"It depends. Do you feel the same way about the Yeti? How about the Lock Ness monster?   You can make the statement 'Based on the current available evidence, I do not believe in the existance of any god/gods.'   I think it is intellectual fence sitting myself. I feel the same way about God as i do about fairies, the yeti, alien abductions, and 'psychic powers'. There is no evidence that any of these exist, so based on the evidence, I don't believe they exist. Should new evidence be forthcoming, I will reevalutate my position based on that evidence."
0,1632,"logic would lead one to believe abortion is wrong...but why be consistent in your thinking.The point is, logic and rational thinking is not a requirement to make a law. You can ban abortion is you want...the states did it and the constitution allows it, even if 5 legislatures think otherwise."
1,1633,"But rather than be honest about your mistake, you just changed things without paying any attention to the fact that we've shown you have no idea what you're talking about when it comes to the claims of the scientific community.. at least, not until somebody tells you. (And you accuse me of not having a teacher's mentality as I educate you in something you didn't previously know... How pathetic.)
"
1,1634,"Oh, you didn't read the part where he distanced himself from atheism? The one where he explained that evolution is compatible with theism? I guess you missed it... It was only, you know, the vast majority of the book."
1,1635,You your qualifications in logic allow you to judge that? I suspect that you are talking out of your elbow since I haven't seen any evidence that you know what logic is. Mostly I see hysteria and superstition in your posts.
0,1636,"And the other website says they are working on ""over unity"" machines. :)You know, perpetual motion. :)http://www.earthtech.org/about/index.html"
0,1637,"Since evolution is a non-theistic theory (it does not consider if there is a god or not), you will have to look at some like http://www.theistic-evolution.com/I would also look up Kenneth MIller on the web... a highly Christian biologist who defends evolution."
0,1638," being necessary to the security of a free State  the right of the people to keep and bear Arms  shall not be infringed.\"" I guess you're right  an individual's right to bear arms is not found in the Second Amendment.Abortion is a right constructed in the chambers of the minds of seven judges.Many pro-lifers perhaps  but not all pro-lifers. Me for example."" No. It is the job of the court to interpret the Constitution, not define it. "
0,1639,"i'm impressed! this is a very precise description, in regular englishand yes, the deduction in 9 seems presumptious if all we state is God has a ""possibility of existence"". how this was cleverly cleared up (from the same source site) was simply a trip back to the definition: ""greatest possible being"". the ""greatest possible being"", by definition, MUST have a possible existence. in otherwords, we cannot assume that there is a possibility that the greatest possible being does not exist. yeah, it sounds like the whole ""proof"" is pointless because your premise is already the proofjust keep in mind that for the purposes of this proof, God is defined as ""the greatest being possible"". as long as that definition is maintained, the proof works...does that mean that God exists? hmmm....emoticonXFrazzled"
1,1640,"Brave words. Next they'll be limiting free speech. Oh wait. Done that already.
"
0,1641,"It's not a reference to Carl Bogus. It's a reference to ""Quotes falsely attributed to Hilter, Sarah Brady, and Janet Reno"" on this page:   GunCite - Gun Control: Bogus gun control quotes"
1,1642,"MSNBC and CNN are about as ""fair and balanced"" as a drunken sailor."
0,1643,"Intelligent design comes in many flavors too.ID that submits as a designer something that has any quality of the unknowable is irrational.ID that submits we were created/designed by things inside the universe that are knowable are rational claims. However, they have no evidence, so they have a long way to go to be shown to be worthwhile to pursue. Even a simple application of Occam's razor tells us that to suspect a thousand theories on how life has changed on earth is unecessary when another theory can fulfill the description entirely, of life, and they have evidence to support it. It's why this theory is discarded onto the heap of any number of theories that simply isn't going anywhere. You can make up a theory right now about how life began, but if it cannot be supported by evidence or is redundant to a theory already described...why would we?"
0,1644,"I'm sorry, but that's not what my version said.""No one who has been emasculated by crushing or cutting may enter the assembly of the LORD ."" Emasculated = castrated Emasculation was not an accident. (What this verse has to do with the death penalty is beyond me.)"
1,1645,"I don't think that Bill Clinton has to ""force"" himself upon women. It's more like fighting off the women who want to leap into bed with Bill Clinton.
Ted Kennedy has spent a lifetime repenting of his drunkenness and has proved himself a valuable public servant to the American people.
Now, when are you going attack doddering old, near-to-death Robert Byrd and castigate him for something he'd done when he was a young and naive young man?"
0,1646,"To point our an error, i believe the baby was at the infant stage, not the toddler."
0,1647,"So please, feel free to leave this thread to those who DO wish to discuss the issue. No one is forcing you to discuss the topic of this or any other thread. I notice you evidently are not interested in ""Understanding ""Sexual Prejudice"""" That is absolutely fine with me.Or are you now opposed to ""Freedom of Speech"" also?"
1,1648,And so goes the fact you're more than willing to let rapists and murderers go free.
1,1649,"Ok genius, explain to me how come it is that I dont believe in monsters, in ghosts,in luck,the tooth fairy, the easter bunny, and so many other things that a lot of people believe in, but yet I believe in God. Do I have some deep seated delusional fantasy or something like that. You seem to be wise and all knowing( maybe all powerfull as well). Yep, im convinced you are a legend in your own mind. You believe what you will, and I will do the same, and in the end we will see who is right and who is not."
1,1650,"I thought that the most commonly accepted date for the alleged birth of Jesus was in 4 B.C. Assuming the current calendar really were keyed on the birth of Christ, how could Christ have been born Before Christ?"
0,1651,"Well let's deal with one thing at a time. The NEJM study about Washington D.C. concluded that banning handguns saved 47 lives each year. The study didn't conclude that it was just a ""curious relationship in the numbers."" Go back to that thread and read the study. If you're looking for evidence that is absolutely without any degree of uncertainty then you won't find it. You can't prove things to a 100% certainty with statistics. What you can do is show what is probably true and what is probably not true. Even in court you're not expected to prove that someone is guilty to a 100% certainty. You're expected to prove that they are guilty beyond a reasonable doubt."
1,1652,"I guess I am just ""psychologically conditioned"" to be blue eyed.?"
1,1653,"So what you're saying is that a man can rape, rob, steal, molest children, reject God and Christ, start a major holocaust and wipe out 10 million people in the cruelest of ways, and a hundred other nasty things, and he gets a free ticket to heaven?"
0,1654,So you have a scumbag democrat screeching hate speech and we are supposed to believe its true! Get real baby even you don't believe this unless you have donated a vital organ associated with reasoning.
1,1655,Aww... The poor widdle babies. The evil gun just jumped into their hands and turned them into mindless killing machines.
0,1656,"Yes, that is generally the main debate, because the fetus has not done anything to deserve to get aborted.   Yes, she does. But, she has had sex, and thus as a consequence, should carry the baby. Then if she does not want the baby, she should put it up for adoption. So it can go to a family who desperately wants a baby."
1,1657,"You are like, so totally noble and sensitive! I really admire your pro-humanity stance. That is going out on limb."
1,1658,"I guess we just haven't shaken all of our Imperialist ways. After all, we've only been away from the British Empire for a little over 200 years.:p"
1,1659,"Thanks for what? Pointing out that you have once again misread an article? No problem, I'll be sure to keep up the effort seeing as how you apprecitate so much. emoticonXGood"
0,1660,"Apart from the 'horizontally instead of vertically' part which I didn't understand - we're a hundred or so years too late, unfortunately. You might as well ask for an example of a book or website on cosmology that 'admits' the sun may just be a big ball of fire pushed by a scarab beetle, and not a nuclear furnace about which the earth orbits. There comes a point where continuing to seriously 'consider' a viewpoint becomes a waste of time and resources, because sufficient testing has been done and evidence recovered to discount it. We may one day encounter evidence that completely overturns the whole applecart, but so far it hasn't happened."
0,1661,"Well regulated as in the second amendment does not mean regulated by the government, it means well equiped and prepared. The framers of the constitution often spoke of a tyrannical government and how to keep one from coming to power, so why in the hell would they have said lets just give the government total control of guns. Your definition of well regulated makes about as much sense as adding another day to the week."
1,1662,Get away? We never went near it in the first place.
0,1663,"What possible concern is any of that to you? 
 Some actually search for knowledge through debate. This is a debate forum if you recall. Don't play if you're not so inclined but to post warnings not to fall in this trap, c'mon."
0,1664,"Yet this need for revenge is far removed from the need for justice. My original post addresses this feeling or need for the criminal to die. It has no relevance in the discussion of justice, only revenge."
0,1665,"But let me guess ... if they step down RIGHT after they find they will have to issue to gay couples, you'd be in favor of them being able to be sued for it, simply because the ""discrimination"" in such an event was toward gays? Right? At least if you are consistent with your stance elsewhere in regards to 'timing' ... emoticonXRolleyesAnyway, aside from that inconsistency with your position elsewhere, I agree that county officials should need to comply. After all, there are probably OTHER examples whereby county officials have to do things that they are religiously against, such as issue divorce papers. Or marry some drunk couple that they know aren't really being serious even though they're tying the knot ... If all county officials could just refuse to do their job because of their objections--for WHATEVER reasons--it would be a collosal mess."
1,1666,"Sheeple never understand where money comes from nor do they know cliffs even exist. Full bellies, breeding, mindless entertainment and a government sheppard are their sole requirements."
1,1667,Nothing I have stated is incorrect. If I did you would get specific.
1,1668,"And like I said, your opinion is worth exactly NOTHING. emoticonXRolleyes"
0,1669,"I've never been to Amsterdam.   A friend of mine went and he liked it.   I'd like to go someday.   Hell, I'd just like to get my XXX anywhere, really."
1,1670,"The slaves, of course, were sentient humans, not mindless collections of tissue. certainly, horses, cattle etc have mre sentience than a fetus, yet you are not calling them ""slaves.""
So once again, hyperbole is the PL answer. Nice going."
1,1671,"No, actually, we don't.   I suppose it's pointless to ask someone who would speak for God to not tell me what I know."
0,1672,If you can't eliminate demand you could try to limit supply and control access to that supply.
0,1673,The anti-abortionists claim that would be killing a human life to save one.
0,1674,"I think even the Court knows that the Fourteenth was not well crafted, at least in terms of forsight. However, once it was ratified the Court really had no choice but to try to work it into the legal landscape.Certainly State power needed to be curtailed to stop such institutions such as slavery, but I don't think restructuring how the entire Constitution works was the right move."
0,1675,"Just as you were stating that it was not as an example, so was I stating that it was to me as an example. So, your reasoning that we can know if it is or is not a person is because people disagree on whether or not it is? That theory could use a bit more explanation."
0,1676,Such personal attacks as yours indicate a bankruptcy of argument and reveal much about you while revealing nothing about me. If someone says that you are more likely to die in a car accident than in an airplane accident would accuse them of not caring about airplane accident victims? Would you accuse them of taking delight in the number of car deaths? 
0,1677,"Congratulations. You are now part of a minority group. Marriage tends to either work or it doesn't. I know, brilliant observation. What I mean is either the couple is together for decades or spend x amount of years being unhappy until the unhappy is more than the baggage of divorce."
0,1678,"That is exactly what I am saying. By no means do I condone big government saving the economy by any means, defense spending or anything resembling a modern New Deal.What may suprise you here is that I am afraid of people with guns! Especially a large well equiped military. A large well equiped military can have politcal power unto itself. It is a large credit to our professional officer corps that we don't have a miitary coup every few years.I just wish the rest of our government had the same discipline. Then I could entertain the idea of socialism. When the state has political power, it never gives it back. Before I get flamed, I am not advocating a military junta as form of government for the United States."
0,1679,"One shouldn't assume ignorance on the part of creationists. That is a mistake that too many evolutionists make.   In the real world, we have people willing to say things they already know isn't true. Why should creationists be any different? After all, they are people, too. But rather than accept that fact, evolutionists argue that creationists are ignorant of a subject when, in reality, they (creationists) were simply telling lies."
0,1680,"On Faith: The Killing of George Tiller: A ""Pro-life"" Murder? - Susan Brooks Thistlethwaite
Murder is murder and abortion is not, to steal a phrase from Rabbi Arthur Waskow:"
1,1681,Sounds like Phunting would have made a good German in the 1930s.
1,1682,"In short, you have nothing but faith, and seek to project it where it has no place."
1,1683,"Yeah, must be quite a handicap to have to go next door or down the street a block to get one from a buddy :) Are you really that slow?
"
1,1684,"Who is this god you speak of? Can I call him? I have some things I'd like done and he can just say them while on the phone I'm hoping.
-Mach"
1,1685,"oh do tell us of this dooms day event, will we need new nike sneakers and $1.75 in our pocket when we all die?"
0,1686,You were crowing a bit. What I don't understand is why. How could you possibly be pleased by some strangers religious views. Would you have been pleased if he switched to liking broccoli? (Or disliking as the case may be)
0,1687,"NO, these were all ammedments. all passed. All written recently. There are laws on the book from the 1800's but that isn't what just passed."
0,1688,"Because, not once, did I have feel any sort of physical attraction to the same gender as myself. I have known other people who have. I don't 'CHOOSE' who I think is sexually attractive. It might have been environmental, but it certainly wasn't a 'choice'I have to assume that at least for some , if not most homosexuals, that pattern repeats itself."
0,1689,"No, it's often an emotional show. They choose their families based on submitted videos, usually from families with one or more physically challenged members, then they build them a house to fit their needs.There was one in particular with a blind autistic boy who loved to swing. The joy on his face when he got the new swing would make any sensitive person weep with joy for him. There was another about a deaf couple whose new home included and lot of strobe light signaling systems.BTW, alcohol is a depressant! emoticonXWow"
0,1690,"The guy can have an opinion but the ultimate choice is up to the woman who can listen to what the guy says or not, it's up to her. I believe that is what sinjin was saying."
0,1691,"Actually it is the creationists who don't know what they are talking about. If they wish to talk about cosmology, then by all means talk about it. Just don't pretend that anything discusses has any bearing on evolutionary theory."
1,1692,"""That's your problem, you're a sanctimonious putz who thinks that because you say something, it must automatically be accepted as the gospel for some reason, without supporting anything you say with actual evidence."" 
Sorry for the language but I wanted to quote you accurately.
You are truly the King of Irony."
1,1693,"I think, perhaps, they are sending the message to the priests that molestation of little boys is totally unacceptable. Stick with little girls.
Yeah....that's the ticket. emoticonXClown"
1,1694,What I marvel at is that you say the bolded as if it's a fact. You are in for a rude awakening my lost friend. emoticonXBanghead
1,1695,That's an attempt to argue that one can't know the truth. The mere fact people disagree doesn't meant that there is no correct answer. I'm amazed you would come up with such 'logic'.
0,1696,"Nice raising the bar. Fallacies are a creationist's best friend. You claimed:""have never shown to add any new structure or even a new part to any existing structure.""Now you are changing your argument away from structure as new proteins and especially enzymes (which are proteins) don't count."
0,1697,"Ok, now I'd like to know why Lappster thinks evolution has anything to do with morality? Do you actually know what evolution is Lappster?"
0,1698," the memo is real and explains in detail exactly what the gun control groups are after."" So although you provide absolutely no evidence or source to back up this claim we should just accept that the memo is authentic until some disproves it? How does such reasoning even begin to make sense?I'm very suspicious about the legitimacy of such a memo. Here are two bogus quotes attributed to Sarah Brady by some people on the pro-gun side:People that are willing to make up such quotes would probably also be willing to make up such a memo. "
1,1699,"HAHAHHAHAHAHAHAHAHAHAAHHAAHAHAHAHAHAHAHAAH
Thats all I can say 
HAHAHAHHAHHAHAHAAHAHAHAHAHAHAHAHAHAHAHAHAHA
MY I guess I should keep my jokes to myself?
(still laughing)
MY sister got that one"
1,1700,"So, if your mother had marched a string of one-night stands into her bedroom while you were growing up, that would have been OK to you? And you would want us to believe that it wouldn't have a lasting effect on your views of sexuality and relationships? Come on now. Not only wasn't I born at night, but it certainly wasn't LAST night. emoticonXRolleyes"
0,1701,I'm not surprised.   That's a typical response when someone calls your bluff.   Waxy
1,1702,"
I know, maybe the American criminals will just import guns in with their Mexican illegal drugs. I don't know for sure but I believe the Mexican Drug gangs wouldn't mind another revenue stream. Net results, Zilch, nada, zero. But you know that! emoticonXSmilie Gun control is nothing but a scam!"
0,1703,"Well of course it's about petitions that would lead to amendments. What else would it be about? Nevertheless it is still a voting process. That's how amendments are done. What I'm asking is, does this bill mean that ANY issue that could come up as an amendment would be illegal? And if not, (the more important question) how would they determine what constitutes civil rights. (Which you didn't answer, but rather basically said 'I don't know but rest assured they do' (to paraphrase). Get it now? Anyway, on further review, I believe that the bills only apply to whatever falls under the catagory of 'civil rights', however the heck that is to be determined! emoticonXDonno "
0,1704,"interestingly, single-celled organisms and ""simple organisms"" (those with less functionality) look more alike than they do to mammals and other more ""complex"" organisms..."
0,1705,"Pregnancy involves risk. While opting to undertake risk for a worthwhile objective is fine, to compel someone to take that risk is not. Obviously some pregnancies are undesirable, when unplanned or especially when the result of rape or incest. Besides, something that almost any woman can do is hardly a ""miracle"". Wondrous maybe but miraculous?"
0,1706,"Please go to 
 http://www.talkorigins.org/indexcc/
 and do research. You will find some hard to understand articles and some easy ones. All of them, however, are very informative."
1,1707,"Sorry did I say pacifist?I meant yellow bellied pacifist.However if its any consolation, I meant anti's in general not just you Sinj.sorry if it sounded that way."
1,1708,"Oh, but Sina does not live in a womb so she is unimportant."
0,1709,"You are correct, but contingency must be in place to deal with it when it occurs.   Look at what happened in Eire with ""Case X"" in 1992- what happens when a country with the most restrictive abortion laws in Europe has to face up to the issue of pregnacy as a consequence of rape:   http://www.prochoiceforum.org.uk/ireland6.asp   Pages 12-13 of this EU report (Adobe Acrobat reader required):   http://www.newr.bham.ac.uk/pdfs/Repr...m%20Bremen.pdf"
0,1710,"A person going to Hell is a consequence of sin. God doesn't want it, but he can't stop it."
0,1711,"Actually, I snipped your remarks because 1) you twisted what I said and 2) I'm already spending too much time arguing with random complainers and I was in a hurry to do something more important at the time."
0,1712,"So, a human-mother is equal to the abilities/wisdom of God now? - 
 Interesting thing:
 How many mothers do *you* know, 
 who can successfully *champion* a person (hiding in coma-states of mind)?
 
 Annie"
0,1713,"I've never heard anyone say this other than you guys.
 
 Btw it's a town of 2000 people."
1,1714,goodn't be kool if people on rebate 4ums were required to pass an eye Q test?? emoticonXRolleyes
1,1715,"And of course, the theory of gravity isn't ""physically"" proven either. Neither is the heliocentric theory or atomic theory or the germ theory of disease. However, evolution has been observed to occur and the current theories are the best explanations that we have for the observations. As far as your mangling of the ""Out of Africa"" theory, it would be nice if you actually learned what you are talking about before you babble such nonsense."
1,1716,"Yes, he did avoid the issues important to me, but then, America's electorate contains a lot of religious bigots, so I was not really surprised. I think he was pretty clear where he stood on abortion rights, though. No chance of another bunch of Romish Supreme Court justices, I think.
And if you think Obama is a conservative, can I sell you a bridge in Brooklyn? He's not as liberal as some, and he certainly isn't left wing -- and no, dear, liberal and left are not synonyms, for all you reactionaries like to make the claim they are -- but look at his voting record. It would make you cringe and me applaud.
"
0,1717,"And like the ""chicken and egg"" question, where the answer is ""a bird other than a chicken"", so the answer to your little riddle is likely to be: RNA."
0,1718,"I think they are doing it out of fear. They see the moral decline in America and they have latched onto the GLBT Community as their scapegoat. Since it's no longer PC To attack African-Americans for their obvious differences, it's not PC to go after other religions (especially Judaism - not that it actually stops pure hate groups from doing it) they have decided that attacking a group of people which are sexually different should be the way to go.I mean, their religion tells them that premarital sex is bad and wrong. Even though there is a multi-billion dollar industry based around HETEROSEXUAL sex, they actually depend on that money too much to bite the hand that feeds them. Insted, they attack a group that has not legal rights to marriage let alone little legal standing as far as individual rights. It's easier that way."
1,1719,"Who's we Ray, I find you one of a kind.
emoticonXLove"
0,1720,"I do not understand why people are stuck in this mindset that we have to define ALL abortions as either right or wrong. In between, there is the option of calling abortion under certain circumstances as right or wrong or calling abortion in certain trimesters as right or wrong. Why limit yourself to the extreme views? I do not believe that the original post asked for an absolute answer, just a survey of opinions. After all, as you say, abortion is not math and there is no one answer that everyone might agree with. However, the question of people's opinions on the beginning of personhood and how it relates to the morality of abortion lies at the very core of the debate on abortion rights. Really ... what other question is more relevant?"
1,1721,"And I challange you to find just one instance where he's ever claimed that ALL fossils have ALWAYS been found at precisely the right depth. And then link to it, of course. It will be amusing to see how you misinterpreted whatever was actually said."
0,1722,"But let me guess ... if they step down RIGHT after they find they will have to issue to gay couples, you'd be in favor of them being able to be sued for it, simply because the ""discrimination"" in such an event was toward gays? Right? At least if you are consistent with your stance elsewhere in regards to 'timing' ...   Anyway, aside from that inconsistency with your position elsewhere, I agree that county officials should need to comply. After all, there are probably OTHER examples whereby county officials have to do things that they are religiously against, such as issue divorce papers. Or marry some drunk couple that they know aren't really being serious even though they're tying the knot ... If all county officials could just refuse to do their job because of their objections--for WHATEVER reasons--it would be a collosal mess."
0,1723,You could try to be a good person and nevermind about the hocus pocus stuff. I'm not tryimg to convince you of anything. The fact is that what you use a reasons to believe don't hold up under logical scrutiny. Don't justify faith with logic. That only cheapens faith.
0,1724,"Like the docking simulation, in development there is a pre-existing fitness landscape (the womb). Both processes converge on similar endpoints each time it is run, both process are biased to a few endpoints and both processes reach local optima (e.g. skin"
1,1725,"You're right, why not simply kill these people in the shortest amount of time possible. I got it! We can advertise each killing (hanging, rock slaying, Guillotine, etc.) weeks in advance, kinda like moves, and show it on pay-per-view. You can buy tickets to watch the show live as well. I mean c'mon, if we're going to have the death penalty we might as well utilize in the most gruesome, cost efficient, and swift method possible. Right? That is how punishment was executed a few centuries ago.   Honestly, how you feel is how a lot of people culturally conceive such offenders. In regards to the death penalty debate, it falls along a continuum between morality and scientific reasoning."
0,1726,"very true. logic exists whether people are there to grasps its concepts or not.where we disagree is at your assumption that god created logic. how can this be? logic is not contingent on any intelligent entity, whether it be man or god, to exist. the logic of increasing a quantity by adding to it would remain whether god existed or not. you have yet to tie the existence of logic to god as its cause"
1,1727,"but you too are a figment of my imagination, and you only think you are a giant alien dreaming about this world because i imagined you as such. you cannot disprove this either."
0,1728,"and how do you know this......oh I see...you said ""I think""....but you don't really ""know"" what most Americans favor or don't favor...you just ""think"""
1,1729,"On the bright side, it appears that the Rapture will solve the Social Security financing problem..."
0,1730,"And for the record, i think anyone that tries to take away a women's right to her own body is a sexist and has no respect for human life, or has any concious about the woman at stake here. You care merely about a couple of cells and not about the real humans, nor do you care about society. It seems to me you are only trying to earn yourself brownie points in heavan. I am not influenced by that, im going to have my own opinions, and speak about what i feel is right instead of some christian god telling me what to do."
0,1731,"Since when does the fate get decided by the victim? A woman could be said to have a biased opinion on it because she is an involved party. Even so, I take the stand that no one has any authority over the other to make that decision."
0,1732,"OS is so consumed with vitriolic hatred of me he is incapable of realizing that I did not start this thread.
 
 The fellow who started it has been banned for his extreme anti-woman views.
 
 Perhaps OS should be banned for his extreme anti-Simone views."
0,1733,"Humm. More guns, more Concealed Carry and Violent Crime and Murder is down to it's lowest levels since they started to record it. So how can these studies be credible or considered in anyway correct."
1,1734,"I did, you rejected my evidence with your usual excuses. Now, tell me about the big bang."
0,1735,"So God gets to do these terrible things, but He gets a free pass because He's God?Kinda funny what happens when you show Archie that the Bible doesn't even support his beliefs, isn't it guys?I still like the fact that the Bible says not to count children under one month of age as persons, yet here Archie expects us to count a zygote as ""a human life."""
0,1736,"HA wouldnt you say someone who is really overweight actually has more of a problem with stress on their joints, muscels, heart, and bladder than a woman carrying a small child in her womb? Obesity can demand major scarifices in behavior and diet. Some of which can be detrimental.I really dont see your point because this isnt just a woman's problem when it comes to these issues you pointed out.And im not really sure what a ""pregnancy"" is according to you.. please explain.. When i hear the word pregnant, i think of 2 people, not just 1.Also, the baby has its own blood, its own immune system, and contains its own calories once consumed. theres nothing that the mother has that the baby doesnt other than it just needs nutrtion. Just like you need food everyday."
0,1737,In a situation where you have to pick who dies there is no winner. You default to some standard which can be the highest chance of living (save the life you can). Lucky this rarely happens...if ever (normally both will die in this kind of scenario).
0,1738,No minor should be able to consent to medical care without permission from their parents or emancipation from a judge.
0,1739,Not true Our laws were originally founded on the precepts of the 10 commandments........
1,1740,What a shock. None of this has anything to do with what I wrote.
0,1741,"#2 was questioning the personal, non-scientific beliefs of the evolution believer"
1,1742,"ROFLMAO!
We elect these guys to write that legislation in the first place...
emoticonXRolleyes
And the whole point of reading the legislation (I know it must be incredibly tough to read anything when you have a job emoticonXRolleyes ) is to be able TO KNOW EXACTLY what it is you're supposedly opposing...
So, to summarize ...
You praise Wilson for speaking out and claiming ""Liar"", but you haven't actually read the legislation TO HAVE ANY KNOWLEDGE as to whether or not Obama was actually lying in the first place...
emoticonXRolleyes
"
1,1743,"Only if in the same way, this 'straight' group could meet the flag flying criteria, as the gay group has done over and over."
0,1744,"This is a pretty loose definition.It's like saying you have faith that Jesus will come again because you personally witnessed his ressurection.But you didn't, you have faith because you believe this with absolutely no material evidence or logic to back it up."
1,1745,"Bryan, You got my respect. You are the funniest of the lot. I am still laughing while reading the above.
NATO is funny but your hilarious. :)"
1,1746,"How bout $500,000 for a slaughterhouse that kills thousands of innocent animals just sitting in a line? What's your point? That we shouldn't eat meat?"
0,1747,"Not by any means. Evolution works on genetic change that future generations will inherit. Adaptation does no such thing. It changes an individual, but not its genes.For example, if my parents volunteered to be part of a scientific experiment where they two additional arms fused onto their body before I was ever conceived, I would not be born with two extra arms.On the other hand, if a genetic mutation made it advantageous to have two additional arms, and both my parents had that mutation, I would be born with both arms."
1,1748,True they should have passed raincoats and knee boots to protect peoples clothes from the XXXX that the president was spewing out.
1,1749,"I have done a lot of reflecting...
'For god so loved the world'...that he (supposedly) destroyed it all because he was XXXXXX off. I don't need that kind of 'love' in my life. Obviously, you do.
'Love' has nothing to do with it.
It is the Christian commandment that:
24 Now as the church submits to Christ, so also wives should submit to their husbands in everything. 
You have yet to admit that this verse exists but, it seems that you are justifying it on the condition that 'love' is involved.
What you mean to say is, 'Women are to submit to their husbands in everything because their husbands supposedly love them.'
Or, are you saying that men are to love their wives and submission is optional?
That's not what the bible says.
Of course, that's not a problem for the Christian women, is it, because they agree.emoticonXFrazzled"
0,1750,"Sounds anti-government to me. Are you against your President's economic policies, the fed, bureacracy and tee poor public education?Sounds probably who SEIU should have directed their gall toward and not a man's personal property and family...with the police help of course and purloined school busses. Do the taxpayers owe the SEIU anything? Nope but the SEIU according to CNN owes more than 90 million along with 4 million in interest. Perhaps if they paid their bills they wouldn't add to the public debt by using government property to protest government policy?You wrote it but didn't understand what you wrote...darn public schools emoticonXGood"
1,1751,"a woman's responsibility to nurture and care for a child does not include a license to kill it. 
""you must act according to your conscience -- as must I and everyone else""
- who are you jimminy cricket? yeah, just let your conscience be your guide"
1,1752,If you had a look at all of the other threads on this topic you would see that.
0,1753,"Believe me, marc, we certainly can. The fact that it damns your argument is no skin off our backs. In fact, it damns your argument so much that the producers know it. See below."
1,1754,"We have a terrorist supporter among us, objecting to restrictions on terrorists! Why do you hate America?"
1,1755,"Except for, ya know, like the whole Old Testament. 
False testament: archaeology refutes the Bible's claim to history"
0,1756,"I think perhaps you're confused.1. I know of no meaningful definion of the term ""god' as it pertains to reality.2. When you mention science and history, that implies you are interested in reality.3. There is no evidence to support mythological deities, god or God or Odin or the easter bunny.* So, yes THERE IS NO EVIDENCE of the existence of any mytholgoical gods.** Yes, there is no evidence that the universe was created, or if that statement even has meaning if the universe always was, and always will be.p.s. There is easter bunny.-Mach"
1,1757,"they are never wrong when they can keep AK 47's and full auto Usi""s out of the hande of 1st graders, oh, wate, the law they want to renew is only for what it looks like. it must be to stop all those drive by bayanetings.   nothing that might limit what a ""gun-nut"" can buy is wrong to the gun-grabber."
1,1758,"You mean Priests? Because I hear the ladies are crawling all over them, can't get enough of that catholic loving..."
0,1759,And I'm going to correct you again. The theory of evolution is by no means an extreme view. It is the prevailing view. More than 99% of biologists accept the theory of evolution as the best explanation for the observations.
1,1760,"I'd be curious if Berkowitz studied whether a sword or club produced the same effect as a firearm?   Short of castrating all boys at the onset of puberty, I'm afraid boys will be boys."
1,1761,"Does this seem a little ironic to anyone else? Either becoming intoxicated is acceptable or it isn't, why does the method make one acceptable and practitioners of the other ""losers""? For the record I don't drink, smoke or partake of illegal drugs."
1,1762,"What is incredible is that this is probably the most enlightened response I can expect from this crowd.   I know that schmuck, that's the point. The Egyptians were trying to preserve the bodies and under the best of circumstances look how they deteriorate. Now ask yourself this genius, how long does it take for a bone to fossilize? And does a fossilized bone become immune to the elements and deterioration over millions of years when even steel corrodes from the alkali in the earth?"
0,1763,"Well, man has been called the third chimpanzee. Cladistics is some decades old now, and it has suplanted the old Linean system. While discoveries are still assigned genus and species names, evaluation of morphological charisteristics by computer yield much more realistic evolutionary trees."
0,1764,"Being new isn't a problem. Nor is uncertainty about a position. The way to learn is to ask questions in appropriate places. However, a problem with message boards is that, without experience, it may be difficult to tell who is speaking from knowledge and who is speaking from ignorance or faith."
0,1765,"So you would go with the unknowable argument?   Well then this is applicable to your response:   So now you have said that god is undefinable or often said ""supernatural"".   T:I believe in God   A:What is God?   T:I dont know.   Then my question to you would be that if you dont know what God is... then what is it that you believe in?"
1,1766,"It bounces off me like bullets off Superman emoticonXClown
Seriously, this is your rejoiner? To make fun of my title? lol, how that stings... I think I have to go get a tissue before I reply ;)
If you care to try and back up your statements, then we might have a debate.
"
0,1767,"This was a comment on the physics book that has biographies of great physicists that were Bible believing christians. Right. Many believed in alchemy (they were wrong), harmful effects of night air (they were wrong), spontaneous growth of maggots from rotting meat (they were wrong), rats arising from grain (they were wrong), and the Bible (they were wrong). If it is important that Newton believed in the Bible, why isn't it as important that he believed in alchemy and did not believe in the divinity of Christ.There isn't any such thing as science from a Christian perspective. Either it is science, or it isn't.You claimed to have studied evolution. You didn't. Why would you tell us that you did?"
1,1768,"I can neither confirm nor deny at this particular juncture that I may or may not be either male or female. :)
"
0,1769,"Then should not your challenge be re-worded to say ""What might be the best...""Because at present we are not at a stage where by we know everything about 'pain' therefore in the current climate, rather than what might be known down the track, I think I have met the majority of your challenge. After-all, you are insisting now on what 'you can measure', and we can't measure all that there is about pain, at present."
0,1770,"Your argument is moot. The Iraq population wasn't heavily armed, only the Taliban and soldiers."
0,1771,I think you are the same person as usa all the way and again.. you have no right to talk about murder because you murder the english language everytime you post.And no.. the baby does not belong to god because there is no baby and I don't know if there is a god or not. Btw.. I'm not going to incubate something in my body because of you think it's wrong because someone who may or may not exist said so.
1,1772,"Where is the government in this? Clinicians made a clinical decision, and hid behind a non-mandatory guideline, which was set by other more senior clinicians, expert in their field. Assuming the woman's very detailed recall of the stressful series of events is accurate, perhaps it was God's way of telling this unmarried mother that after five previous miscarriages, she still wasn't getting the message."
0,1773,"Generally, when someone posts an article without a disclaimer, they agree with the findings and the reasoning of the article provided. 
 
 Besides, your statement does not change the fact that the reasoning provided is foolish."
1,1774,"I think he smiles from a job well done and then says to those looking , ""What are you looking at?!!!"". 
""No I'm not smiling! It wasn't a smile! I had an itch that's all!""....lol"
1,1775,And here I thought that could be thrown onto the errors of 'The Great Awakening'.
1,1776,"So if a jew tells a big nose joke, he's saying that all jews have big noses? This is a joke thread; I posted a joke, get over it."
0,1777,"No, it is not a bad deal for the child. However, my beliefs do not permit murder, even if it is a better ""deal""."
1,1778,"Yes, we shouldn't let those slaves be citizens, they will burden our legal system since they will now have...OMG...rights!"
1,1779,"Really. If that's being ""saved,"" I prefer to go down with the Titanic."
1,1780,"You call this a discussion? You're on here, continually talking about how we need to pass laws that're already on the books, laws that haven't been proven effective or even useful, and you refuse to address the potential shortcomings that we're pointing out to you.
This isn't a discussion, this is our group beating up a mental cripple.
"
0,1781,The thing is the Dempski didn't provide any kind of testable or detectable definition about what information is either. He used vague but scienficially sounding terms to push his case. He knew it too.
1,1782,"I see.
So those who feel that they should be able to fire black people just for being black? They are having a view ""forced"" upon them as well?
How about if somebody wanted to fire somebody for being Christian? Should we allow that as well?
Or just the issues that you don't agree with should have the freedom to fire?"
0,1783,"Yes, but how do you legally get it into international waters? Once there, where do you go? There aren't too many ports where ordinance is allowed. Since I am a law abiding citizen, where, other than international waters, may I legally have a gun?"
0,1784,"uh, yeah, that was their intent! Under color of law no less. The truth always seems to be your worst enemy doesn't it?"
0,1785,"And some of those tests fail. There are holes in the theory of gravity. Yet gravity remains fact in simple every day terms. Evolution is fact because ""we can observe it's effects on objects and we can do tests to determine more about it"". Further there are very few holes in that theory. Evolution is therefore more deserving of being called fact than gravity is. What I think you are really trying to say is that you can think you understand gravity (drop ball; ball falls) therefore you see it as a fact. But evolution is complex even at a basic level, so you do not see it as fact."
1,1786,"First off, no one says that if there is evil, there can't be a God. They say that if there's evil, then God can't be omnipotent and all benevolent. Let's keep the topics straight. Also, I see no way in which the existence of good bolsters the argument that God exists. I could posit the existence of a God of popcorn, and then say ""look, here's some popcorn, my God must be real!"" Somehow, I don't think that would convince you."
1,1787,"Hey, I'm from Joisey. Youz guys better watch what you say about us or you'll be sleeping with the fishes. emoticonXKill"
0,1788,"addition works in the intangible as well. 1 minute + 1 minute = 2 minutes. 1 idea + 1 idea = 2 ideas. the concept of quantity is not limited to matter. if there was just a vaccous void were absolutely nothing was happening, then there would be no application of logic. but even that in itself would be logical. nothing + nothing = nothing is logical. it would actually be logical if a void with nothing added to it result in something. so even in a void, logic still prevails"
0,1789,"Well, if burglars want to steal guns then it makes sense that they would be likely to target the homes of gun owners. And the source is from the recently published book Evaluating Gun Policy which you can read and review. The source is listed at the bottom."
0,1790,"A being is something that is conceivable as existing...or something that actually exists.A human being is one of us, a homo-sapien, a member of the group of beings known as animals.A rock is a being of inanimate qualities.God is the supreme being, not capable of being understood totally as this would put Him (or It, or She) on the same level as those that He created.We will never be able to define exactly what or who God is!God is great.God is good.Let us thank Him for our food.God is my shepherd.God is my Light.God is my Co-pilot.God is what keeps me from believing that all this (the totality of all things and happenings) came about by accident.When God made man, She was only kidding! ;)"
1,1791,"Well, Jews have always been indecisive. Like this joke says:
Q: How many Jews does it take to screw in a light bulb?
A: 4; 1 to screw it in and 3 to argue about which way it turns."
0,1792,No contradiction; the Permian extinction was the most severe in history and noted as such in the page linked.
1,1793,And Anarchy. Am I allowed to kill someone if I feel like it ?
0,1794,George Tiller shot to death at Wichita church | News Updates | Wichita Eagle
1,1795,"Are you telling me liberals have jobs? You sure can't tell it by all the anti military/war protests, the flag burnings, you saw prior to the start of the war and by all the libs that post here 24/7........They are either unemployed or 12 year old kids out of school for summer vacation.........."
0,1796,"So what?? Who cares what the number of assumptions are? What we care about is whether the idea is correct. And to determine whether it is correct, you have to have data, not counting assumptions."
0,1797,"But wouldn't the biochemical similarities speak for themselves? That is, does one have to believe that the two specimens (which share biochemical similarities) evolved in order to infer that they will respond similarly to antibiotics? The observable facts of the similarities would seem sufficient (and more scientific?)."
1,1798,"Pure conjecture on your part. As a father of three, I have as much vested interest in my kids as my wife has. To suggest otherwise is BS. But, maybe you don't understand that because you haven't walked a mile in a father's shoes. emoticonXRolleyes"
1,1799,"Um, of course, it was too much to expect murderers to shell out for burying their victims. I keep forgetting I'm in Dick Cheney's America."
0,1800,"When will it stop? Never. They will take every gun, every toy gun, disarm the law enforcment community, give us Nerf batons so we don't actually hurt the criminals, and say that this kinder gentler way of doing things will help. In the meantime murders will go through the roof, like in Australia, rape will escalate, breaking and entering will become common place, and cops will die by the minute. They will not only confiscate the guns, but then charge the owners of those guns for being terrorists. It won't end. In order to establish true dependency upon a government you must force the populous to rely completely on the government for every aspect of life including safety."
0,1801,"The H1N1 flu, while initially scary because it was new, was hardly worth worrying about. My family contracted it last year, and other than being purely miserable for two long weeks, it was nothing out of the ordinary."
0,1802,I can. Americans won the Revolutionary War which was primarily a guerilla war. emoticon_xgood
1,1803,"So I take it you don't accept my challenge on the basis that it is impossible? Why is it impossible? Or better yet, why don't we al just evolve into perfect, anti-sinning creatures with 500 IQ points a piece?
"
1,1804,"Wow, Archie actually admits that angels do have free will. That makes a change.
But then he goes and spoils it again by saying that they don't really have free will, but describes grace instead. He has a habit of redefining stuff.
And I thought he was actually going to admit his mistake. Silly me."
1,1805,"Well, this guy is so bad ad arguing and so good at alienating people that if we sent him into the abortion forum, it is likely, he'd be so ineffective at defending his pro-life position thathe'd actually be contributing to the pro-choice position..."
0,1806,"What a condescending attitude you have. In case you haven't noticed, you are a very small part of the human race that you smuggly hold in contempt. (Thankfully small!) Your mission should be to improve it, not to stand back and claim you are better than everybody else, as you seem to do.Killing innocent people of any age is wrong. Children are no exception, they are just the epitomy of innocence.The ""pretty sick"" applies to your own deluded thoughts.Rest assured, I will not mourn your death or the deaths of any of those you may have taught your insane values. You are emoticonXCensored !"
1,1807,"**
Apparently you refuse to accept the fact that in English the words ""test"" and ""measure"" are NOT synonymous. Duh!!
"
1,1808,"yeah bassman, you are a woman hater. you will hurt women. i know it. i just know it.
it is obvious that jitobear has missed the heart of the pro life message."
0,1809,"You know they are having a fit,and when everyone see's the streets aren't running red maybe more states will pick it up and follow."
0,1810,"Of course not. That battle has already been lost. Creationism is religion and it cannot be taught in a science class, even when it is called ""creation science"" and the data is distorted and mininterpreted. The most recent attempt by creationists in Kansas on the State Board (and yes, they were YECs) was to eliminate all requirements to teach evolution, and all references to an old earth from all curriculum standards."
0,1811,"I have posted responses to Demon38's earlier post. I have offered DNA findings as evidence to begin with. It is not my evidence, but scientific evidence. That is the only evidence that I will provide in this discussion. I think there is ample evidence to cause scientists to rethink their theories, evidence that they do not want to accept because it puts certain hypothesis they have advanced in a poor light."
1,1812,"emoticonXDonno
You aren't seriously going to deny the homophobia in sports by pointing to a FEMALE dominated area, are you? 
"
0,1813,who would grant anyone the right?the UN? ha!don't make me laugh. the UN only repesent the interests of individual member nations and not the interests of humanity or any particular people 
1,1814,"If our erstwhlle allies would merely begin to see the world as it truly is with evil unimagined since the Nazis nearly overran all of Europe, I would be a happy man."
0,1815,That is what it said. Now your website gives a false translation to this. It clearly is talking about if the unborn is harmed.Not to mention the numerous other quotes I gave you about how a person (in the Christian faith) is formed before conception! This shows that God has already created you. God also talks about how you can't kill a person he created. This is an easy concept to follow.I suggest if you wish to learn what the Bible says you read it and not take what a biased website has to say. Religioustolerance.org is a joke that misleads people into making God what they want him to be.
0,1816,"The maintenance of the integrity of the code is not dependent on selection, but dependent on internal variables (feedback system) for maintaining functional integrity. Again, showing another form of optimality.In article 10:Fascinating research was conducted whereby a sundry of different unnatural amino acids with novel three and four base codons have been selectively incorporated (engineered) into proteins yielding viable organisms.An intriguing question arises from this research. It is easy to imagine these to arise through chance and selection (e.g. amino acids with photoaffinity) and then be incorporated into the standard code. Yet the code seems to remain stagnant. For billions of year after fixation, little evolution happened in the code. Why? Did it arrive at a global optimum in a pre-existing fitness landscape, with a pre-existing fitness function?Finally, Article 11:The article cites many of the optimal properties above and concludes:"
1,1817,"Steeeeve?
Do yourself a favor and stop fantasizing about my opinion, 'mmkay?
I don't believe you are like that.
This junk you do where you refuse to address what I DO say and make up strawman arguments gets you nowhere...
I understand you're getting angry, but YOU are MAKING YOURSELF angry over a position I do not have...
Let me repeat that. Hopefully it will sink in?
YOU are MAKING YOURSELF angry over a position I do not have...
With that said, I return you to your delusions...
"
0,1818,The article said very little about his observations and almost nothing about his methods.
1,1819,"Why doesn't this apply to Soviet Russia - which had a population of similar size ? Presumably, your answer would be that the USSR was less ""developed"" than the US ?"
0,1820,"Because they knew full well that the bulk of the confiscated weapons never came from the United States!I don't see why we should care how many weapons couldn't be traced back to America even though they came across the border, because it's a moot point. The identifying marks don't exist on them if they can't be traced, meaning the whole thing is a non-issue for everybody except those who have an axe to grind and rights to try and destroy."
1,1821,This is begging so many darn quesions it's boggling my mind!
0,1822,"What quaint illogic. Only people who marry can get divorced, so a reduction in people marrying has no effect on rising divorce rates. If anything, a rising divorce rate among fewer marriages points to an even higher divorce rate than ""normal""."
0,1823,"Depends on the usage. Generally, it just refers to the Theory of Evolution or a change in allele frequencies in a population."
1,1824,"But you are the accuser. I've read the Bible and I have studied religion, more than you can imagine. I have also studied biology, performed experiments and reached conclusions. The problem is that you seem unable to think for yourself."
0,1825,"You know something is wrong with this world when people start calling embryos and non-sentient life forms victims and referring to martin Luther King Jr. to justify their views. It seems today that anyone that shows any decency or slight intelligence or common sense is labeled a radical leftist. Man, the republicans are getting desperate when you see them trying to equate embryos to men using MLK."
1,1826,"Hi Archie! How's the fact checking going? Same as usual?
Look at Cash's posting history. You should recognize it, it's similar to yours. I even outlined it above for you.
Oh, so he didn't insult Pandion in this specific instance, so I was therefore wrong to say that his usual repertoire consists of insulting those who disagree with him? No, I don't think that's the way it works."
0,1827,"As I mentioned above, science curriculums follow paths. One's worldview plays heavily on one's interpretation of scientific data. An agnostic, or atheist teaching establishment can become satisfied with one path of scientific theories without searching for others. There may be more to be discovered about thermodynamics, cell structure, irreducible complexity, the decay rate of the earth's magnetic field, radiometric dating, the fossil record, and countless other things that a teaching establishment may not be interested in exploring, if it's comfortable with it's interpretation of current data's indications that the happenstance origins worldview is correct. It goes back to what we touched on before - teaching students HOW to think, not WHAT to think."
0,1828,"of course. But not as scientific theory. Some people believe that the Holocaust didn't happen, you want to teach that as a scientific theory?"
1,1829,"And no, Simone, a market is a metaphor for countless individual relationships. To say it should be regulated is to say the government should interfere with consensual relationships.. To say that consensual relationships are immoral and that interfering with them is moral is turning morality on it's head;."
0,1830,"The observable universe represents an event horizon, outside of which we cannot see. The actual extent of the universe beyond that is at present unknowable. Current versions of M-theory hold that our universe was formed from the collisions of branes in a higher dimension."
0,1831,"Now, now ZSU, we learned from comrade star gazer that GW created the Continental Army. I am sure these gentlemen have some equally illogical and inaccurate 'facts' to scatter around the barnyard emoticonXHoho"
0,1832,"This is more of a legal question involving whether or not it was negligence(sp). If so, you can't really sue for amounts of money you MIGHT get in the future. He could sue for lost pay on the job and other medicial procedures. So ya know :). I don't really know what the question is."
0,1833," November 13  NOVA will be presenting a special two-hourdocumentary \""Judgment Day: Intelligent Design on Trial.\"" The film capturesthe turmoil that tore apart the community of Dover  Pennsylvania  in one ofthe latest battles over teaching evolution in public schools. Featuringtrial reenactments based on court transcripts as well as interviews withexpert scientists and Dover parents  teachers  and town officials  thistwo-hour special follows the celebrated federal case of Kitzmiller v. Doverthrough to the judge's stunning decision.\""Could be interesting  I plan on trying to catch it."" Just a reminder that this is on tonight. May provide interesting fodder for debate/commentary. "
1,1834,"Keep dreaming, skippy. If this happens we will have such a conservative backlash in 2012 it'll make the Reagan-Mondull bitchslapping look like a horserace. Face it! The vast majority of Americans do not want a repeat of the Carter years like you apparently do!
Hmmm: 2010-70 seats back to the GOP in the Senate, 350 in the House and a REAL Conservative in the WH in 2012!!"
0,1835,"It depends on your intention and your methods. Of course, things that don't have some sort of physical manifestation that can be measured can't be studied by science. Science is naturalistic. Scientific data can only include that which can be observed and quantified by natural means. I read it in a book of mythology isn't scientific."
0,1836,Butwhat of the fetus/babies that were wanted by daddy but not by mummy what does termination stop then?
0,1837,"so if cells are controlled by their genes (and the environment), what would you predict would happen to the cell if its genes were removed?"
0,1838,"I think the currently popular belief is that time itself is limited. Space, time, energy, matter and laws all came into existence together. Of course that's impossible for us to envisage...."
1,1839,"I'm not sure what the threshold for gezzerdom is, but I fear I have passed it.
Dono"
1,1840,"You still trying to push your propaganda film? Let me ask you something, why would the fetus try and avoid the forceps? An infant will cheerfully try and grip a knife that is about to end it's life."
0,1841,"The number of deaths wouldnt be lower in any way. After all, countries like Rwanda and Sierra Leone dont have a working governmental strucure so couldnt enforce such a ban."
0,1842,"The death penalty assures that an incorragable criminal never has the opportunity to kill anybody else. In prison, the criminal could a) kill another inmate, 2) kill a guard, 3) escape and kill a civilian, 4) have their sentence commuted and get out to commit another crime.   No, for the reasons stated above and one more. Some people don't deserve to live....like SH, for example."
1,1843,"Very simple. Among all the information about how genetics and hence evolution work, was the claim that the Central Dogma of Molecular Biology is out-of-date. It's SOP. Take one sentence out of a whole publication that opposes your theory, misinterpret it, and declare victory. Helped by the terminology. Evo dogma dethroned!!! Well, that's the end of it, when the dogma is gone, there is nothing left.   Because he thinks we think like him, where if the Creation myth in Genesis falls, then all of religion and morality fall with it. Or in our case, all of secularism and immorality fall with the CD of MB. Because thinking the way scientists or non-Creationists Christians do is incomprehensible and evil, and what else is there?"
1,1844,"You can believe what you want, your beliefs are not relevant to the issue."
1,1845,The deafening screech of moving goalposts. DC is not the argument here.   YOU claimed the following:   You were wrong. Eat your crow like a good little boy.
1,1846,The Scandinavians always have been a multi-cultural society as the uncouth Vikings were so good at stealing culture from us Brits ;)
1,1847,"But religion is not a topic for science classes. Teach the science in class and if that presents a problem for your religion at home, perhaps you should think about your religion a bit more critically and realistically. What is being attempted is to cast doubt on well established scientific theory and pretend that magic is a viable alternative."
0,1848,"Yes, I certainly did consider these risks, and the risks at the time were far higher for continuing pregnancy than getting an abortion."
1,1849,"And because this man said it, it must be true? A simple appeal to authority."
1,1850,"LoL What part of a Binding Document, the Constitution with it's Bill of Rights, don't you understand! 
You demand that we obey the law, but you would allow Government to break the Supreme law of the Land, and you call me a nut? I gotta say my friend, THAT is truly nutty! emoticonXSmilie"
1,1851,"You don't know what you're talking about and never have.
Study up on this, Einstein, and you won't feel so superior.
Dating the New Testament"
0,1852,But there were not always laws on the books that prevented these things. I was presenting a hypothetical situation in which those laws are not already on the books. The situtation was intended to show only that a ruling allowing same-sex marriage would not have to cost companies a dime.
0,1853,"So now Wiesmann's barrier is the most important thing to the ToE? Somehow I doubt that biologists agree, but obviously creationists have more authority on the topic of evolution..."
1,1854,"I'm actually in the Detroit Subs with one kid in a Blue Ribbon High School and two in college nearby. And yes, the mayor's got the bling goin on in his wife's city-leased Escalade. I'm not sure if it has ""dubs"" on it or not, though, but I bet the stereo's kickin'. :)"
1,1855,"I was referring to a generic overview, and even on this issue, I am far from alone.
Quite frankly, YOU are more ""alone"" than I am.
Who the heck has chimed in to say they agree with you???
"
1,1856,You make it seem as if you are doing me a favor by reading what I post
0,1857,"A lot of work has been done on that topic. I would recommend reading Debating Design from Darwin to DNA It is a monster of a book, but it is definitely worth the read."
1,1858,"Which is why 50 million Americans are uninsured, including 9 million children. With 27,000 from that group dying every year, as a result of ""freedom"", and unpaid hospital bills the leading cause of bankruptcy and homelessness. Also for the other 50 million who are underinsured."
0,1859,"Here is a paper dealing with the formation of long chains of amino acids using a simulated volcanic vent.
 
 Elongation of Oligopeptides in a Simulated Submarine Hydrothermal System 
 
 Amino acids are found in meteorites."
1,1860,Oh yeah. Multiply your experience by 50 million non-paying and 12Million illegal people and tell me how happy they'd be to serve you.emoticonXCensored
1,1861,Mr. Brown was able to attend ball games. Not exactly held captive was he?
0,1862,"Yes, I believe there will be a lot more to come (as you said, just look at the ""hobbits"" that were recently discovered). I love this sort of look into the migrations of everyone over the last 160,000 years or so."
1,1863,"And this equates to starvation how? Only in the Kitty Genovese case does that equate. On the other hand if you went to Somalia you might find starvation if they had death certificates. 
By the way your figures come from the census and guess work baby."
1,1864,"link to my source 
Does that make you warm and fuzzy again?"
1,1865,And creationism was investigated and explored completely and shown to be false.
0,1866,"At what cost? How many civil rights are you willing to give up in the name of a few less murders each year? Are you perfectly willing to be stopped by the police on a block-by-block basis and forced to show identification and traveling papers, all the while the officers on location are pointing their guns right at your head, ready to blow you away at the first sign of a twitch or if you display even a hint of hesitation to comply?   How desperately do you crave a police state? How much do you favor a nationwide curfew where violators can be arrested by the police and held without legal counsel for an indefinite period of time? Do you favor the use of physical and mental torture to force convictions even from the innocent?"
0,1867,Nobody should be forced to even have a sonagram. I think that you'll find reasonable pro-life and pro-abortion people believe that much.
1,1868,"Oh, is this an abortion trap? I thought it was really about the death penalty....."
1,1869,"You just admitted that you didn't answer the question.
But somehow, in a few minutes I suspect you'll insist that you did...
"
1,1870,And so you have it... Socialist lunatic fringe view that human lives are only worth what the government says its worth....
0,1871,"No one said he invented guns!A straw man argument is an informal fallacy based on misrepresentation of an opponent's position.[1] To ""attack a straw man"" is to create the illusion of having refuted a proposition by substituting a superficially similar proposition (the ""straw man""), and refuting it, without ever having actually refuted the original position.[1][2]"
1,1872,"In other words you would wait until we were attacked again before doing what is required. If we vacillate and wait for the nuclear cloud it will be too late. It amazes me; utterly amazes me, at how strongly felt the left believes in the good will of bin Laden and the terrorists to clean up their act. Just amazing. But with Bush? Noooooooo. He's ALWAYS wrong and never right. Isn't that about it?"
0,1873,"Actually, it's not. Mutations are random. Selection is differential reproductive success."
1,1874,"And if one accepts that gay citizens have equal rights under that Constitution, then one has to accept that a ban on gay marriage is intrinsically unconstitutional."
0,1875,"There is some truth here. Did you ever see ""Independence Day""? They were taking pot-shots at the alien ships when they first arrived. It didn't stop the aliens... sure only a film... let's look at real life...modern - Iraq - Sadaam gave guns out to the people just before Gulf War IInot so modern - Boer War - Dutch farmers in South Africa were all excellent marksmen - Britain still invaded.US Civil War - I believe that the Confederate States were pretty well armed as far as the white citizens were concerned. US still invaded."
0,1876,"Oh it will and from what I have seen of the arguments the court will strike down prop 8 and every anti gay marriage amendment. I have seen the reinactments taken from the trial record. 
 YouTube - Prop 8 Trial Re-enactment, Day 1 Chapter 1"
1,1877,"Heh, this is really funny coming form a guy who keeps telling us that the evil Muslims are taking over Europe and that the European socialist economy is going to collapse."
0,1878,"Why do people on the pro-gun side continuously try to oversimplify the issue? No one is really arguing that there would be zero murder without guns. The question is would there be less murders without guns. In developed nations with stricter gun laws there are less murders. At any rate, I don't think you can draw such conclusions based on one incident."
0,1879,"Thanks, DuoMax, for this link. How delightful to see here mention of this solid gesture, on the part of a major creationist organization, in the direction of intellectual integrity.   Would that more in the creationist camp were aware. As one of my church's resident out-of-the-closet evolutionists, I've cringed in sermons that have trotted out as many as eight or ten of these hoary old arguments--while referring folks to the Answers in Genesis website and touting their books! Each time a Christian stands in the pulpit and pours out poor argument, s/he loses ground for the faith.   Thanks again.   Bradley Harris"
0,1880,"you've got to be kidding me. This has got to be one of the absolute dumbest things I have heard. You are truly one confused individual if you can't tell there's a distinct difference between a living thing and a nonliving thing -- that non-living things are missing something that living things have.... Just because this difference cannot be analyzed, measured or defined does not mean it's not there. You can't analyze or define your thought patterns, dreams, brainwaves or consciousness either -- but that does not mean they aren't there. I think you've lost it -- You may very well belong in a mental facility."
0,1881,"As much as it pains me I'm going to agree with Mathew here. If you own a private business then you should be able to hire and fire people for whatever reason you want. If a private company only wants to employ one gender that should be their choice. If a private company only wanted to employ people choosing a gay lifestyle, I would support their right to do so. I also support a persons right to not use businesses who have hiring practices they don't agree with.Note: I don't include gov't in this, the rules are and should be different for government."
0,1882,"Guess what, I'm pro-life as well, that is why I'm also pro-choice."
1,1883,"I heard the ""we are the one true ..... bla bla la"" from Catholics, Mormons, Protestants, Witnesses. Oh who to believe. yawn"
0,1884,"the blog is just the link for the article....geez, get a grip."
0,1885,"Well, there is now string theory, which has grown into M-theory, which may have a rational answer (at least a mathematical one). But calling it a theory is really a misnomer. It's more like a hypothetical model.But, do you have a rational explanation for the Big Bang?Or do you think that the Big Bang didn't happen?"
1,1886,"Good, good, good, good and good. You should also know that Ron Paul will personally club one baby seal for every vote Hillary gets in the primary. He will then consume all socialists with fire from his eyes."
1,1887,"More heretical misinformation from dear old cap0. 
'Zionism is Racism' - a Dead Issue"
1,1888,"ROFLMAO!
Again. We're back to ""adultery"" (and probably leading to divorce) is ""UNRELATED"" to ""Family Values""...
This is part of the contradiction and absurdity that the RIGHT-WING is bringing us!
And you see nothing wrong with this... emoticonXRolleyes
"
1,1889,"I see -- in your opinion is it is ""illegitimate"", therefore it must be so. I think I trust the legal opinions of the courts more, but then, they do occasionally make mistakes. It's just not at all obvious they've made one in this instance."
1,1890,So you evolved and the aryan race was created by God? I have never heard that before.
1,1891,"no no! through the power of god, the animals all came themselves, and lined up ready for the ride, haven't you seen the movie?!?"
0,1892,They still have a lower rate of unwanted preganacies than the USA.
1,1893,"Here's some advice, if you're going to try and crack on me, make your 'jokes' (I'll be nice and call them that) less passive and more active, grammar-wise.   Crim-   A definition is the meaning of word that someone created using their own opinions. Is there a difference?   And, a circle could be called a circle in the English language, but I could make up a new language in which a circle would be called a square and a square a circle."
1,1894,But what makes them any different from ant hills or beaver dams? skyscrapers are natural because humans are a part of nature and they built them.
1,1895,"Come to England and Ill meet you sugarplumemoticonXBye
You linked all those other abberations( although that is rich coming from a sexual deviant) together with homosexuality you dirty old man.
We were talking about homosexuality in ANIMALS pothead but you keep insisting its about HUMANS ( read the caps) and then changing the subject to you and Mrs Poet....try to keep up !
You mince..no doubt about itemoticonXChicken"
0,1896,"Would make, that is. However, not all members of the population are able to breed.   Should we make this a thread for posting examples of natural selection? That might be fun.   An example: rats are often a problem. The solution? Introduce rat poison.   Unfortunately, some rats are immune to the poison. You should have guessed it- those rats reproduce, and the others don't (as much).   Another: elephants use their tusks on predators and for ritual purposes (attracting mates). Some elephants lack tusks or have shorter tusks.   However, when poachers kill the elephants with the biggest tusks, the elephants with smaller tusks (or no tusks) reproduce more."
1,1897,"WOO HOO.
So the main stream entertainment industry who brought us such great talent as Brittney Spears does not consider this film the cats meow? WEE HA - all the more reason to see it."
0,1898,"So the intent hiding behind abortion laws all along was to keep women in the gutter. There was not any legititamte concern for the unborn fetus. It was all about how they could keep women down. Tell me then, would someone who supports a ban on partial birth abortion do so simply because they want to repress women?"
1,1899,"It was an attempt at irony which is not easy for you north Americans to understand.
"
1,1900,"So Steeeeve, as you have made no response in over a month I'll take your answer to my last question as a yes: More AIDS deaths are an acceptable trade for reducing access to abortion.   If you disagree, I'm all ears as to your justification."
0,1901,"just isn't the case in countries with nationalised health care, yet those countries also have a large number of pharmaceutical companies that are based there."
1,1902,"This sounds even more like a playground. ""I wanted to leave, but he called me a scaredy-cat and threw a stick at me. ""
emoticonXCry"
0,1903,"Without the Fall, Jesus would have no need to come to earth and be resurrected. Without Genesis, the entire bible-as-literal kinda falls apart."
1,1904,It also isn't a baby yet either. It is called a fetus.
0,1905,And I don't expect you to. The reason you won't go into how all men were created equal during reconstruction is because you cannot prove that all men are not created equal.
1,1906,"Yeah, I'll get out of the kitchen, but like you maybe I should come back under another name? Huh, Jason?"
0,1907,"Your reason for believing this lies entirely within the Bible. I hardly consider a 1500 year old book ""making clear what he wants"". Particularly given that even among those who believe the book, they still can't agree on what God wants. And of course, that doesn't even beging to address the issue of all the other holy books which contradict the Christian Bible. You may personally believe that you know what God wants, but if so it's not because God has been clear about it."
1,1908,"Just curious, in what ways does God speak back to you, other than the generic ""through the word of God,"" reading the bible thing? Does he literally talk to you?
"
1,1909,"You mean you are not going to pretend to you understand it. It means that your argument stating that flaws in the death penalty lay in the judicial system is like me saying that flaws in life imprisonment lay in our prison's security system; not in the punishment itself. It is also like saying that the problem of releasing guilty persons sentenced to life in prison lays with the judicial system, not with the punishment of life in prison. Understand yet?"
1,1910,"That was not the point. The point was that you needed a definition of what Truth is, which is absurd to the point of being retarded.
You have no legitimate individual freedoms or rights. Only the false promises and definitions of these things society offers you. Maybe when you were gay-bashed, you should have thought about what the meaning of your so-called rights was.
"
1,1911,"Oh dear.
Now lets see..you are not stating that gypsies do Not have a culture of theft and violence.
You are saying I cannot say that they HAVE a culture of theft and violence because of the above?
Grow up emoticonXDonno"
0,1912,"Three questions:   What country operates under an ""unbridled capitalism"" system?   Can you name any nation that has operated under your idea of socialism successfully?   If the American system of government is so terrible, why do we have one of the highest standards of living on earth?   Just because you think you are entitled to what I earn doesn't make it so. Earn your own."
1,1913,"Archie, you have said so many incorrect things about evolution on this thread that it's hard to know where to begin. The idea that 'evolution teaches essentially that a fish walked out of the ocean and survived long enough to become a mammal 'springs readily to mind.
"
0,1914,Yep. Darwin's discovery was that natural selection was the reason that evolution wasn't random.
0,1915,Yet another application of a different meaning of the word in an effort to group everything in science that you don't understand and won't accept under one word.
1,1916,Over the Internet that can be a particularly difficult call...
0,1917,"Yeshua is a more accurate pronounciation.   There is little acceptance that it was ever ""Yahshua"" among scholars"
1,1918,"I guess then you better get rid of your small game rifle. The .22 lr is a round that has killed a mass number of people. 
Seriously though, please elaborate on what you consider to be a mass killing machine.
Mike"
1,1919,What's this? Do we really get to pick apart the free will defense now?
0,1920,"I know what you meant.My comment was to demonstrate the counter side of the issue.Interracial marriage laws were overturned at a time when this country disapproved of interracial marriage by a margin of three to one.By your approach, interracial marriage laws SHOULD NOT have been overturned in the 1960's.In fact, by your approach we still would have had illegal interracial marriage into the late 80's, early 90's.The 14th amendment makes no proviso about allowing unjust discrimination in cases of majority rule.By your approach, WHAT WOULD BE THE POINT?If the majority disapproves of the discrimination, they simply ""vote"" it out of existence. No need for the courts at all."
1,1921,"Yes but your one of those Christians people hear about, but never find. You don't really exist. :)"
1,1922,"It is? I always thought it was a blended pagan/Christian holiday. emoticonXConfused 
"
0,1923,"You twisted logic strikes again. I realise that if a group of you were to take your guns and rise up against the current administration, you would all be labelled terrorists. This is not evidence that I support the current regime. How you could twist it to seem so is beyond me.   If I were to state that you couldn't take on a fully grown polar bear with just a short pointy stick, would that mean I am supporting the oppressive rule of polar bears? I think you should sit down and carefully think out what you infer from other's arguments before you keep coming out with these ludicrous statements."
0,1924,"haha, probably very smart of you ;) It gets heated in here"
1,1925,There may be many among you who do not recognize the fallacy of lesz's claim. I expect parroted snidery from the group until you all learn more.
1,1926,If it isn't so hard then why haven't you found it yet? I am still waiting and you becoming cocky is not helping you.
1,1927,"As if a mentally incapacitated/incompetent would be allowed to retain the rank of major, and actually be scheduled for deployment into a war zone on active duty."
1,1928,"And you clearly avoid how you support a totalitarian system of reporting (among other anti-democratic and anti-liberty ideas). I find it amusing that you are now justifying methods used by the very people and groups you hate. But then again, you become what you hate.
Diogenes99: we never have all of the facts. However, what is missing from ""a koran was flushed down the toliet"" in regards to facts? emoticonXRolleyes"
1,1929,"And this coming from a so called, self proclaimed ""rational christian"" ? It appears you have blown your cover as a poser by showing your true colors as an anti-christian atheist and a hatemonger. Thanks for revealing your true Nature. emoticonXGood"
1,1930,"Sure Justine, just like all those gay couples that waited until their state recognized gay marriage to tie the knot on TV. And then once the media got tired of it it's died down to a trickle in Massachusetts . . .   Marriage as a political lobbyists' tool isn't too sacred IMO."
1,1931,"Non-aggressive, yeah. That's why it's Israel that's the occupying force in Palestine and not the other way around. emoticonXWow"
0,1932,"See the refutations of Augustines various proofs for the details. Its not actually very interesting since its so elementary. There are many disproofs on the net in addition.
 
 One novel one which seems rather neat is this one."
0,1933,You are very right. We too will have to pay tax on the insurance for me. Not fair.
1,1934,This is a free market of ideas. The good ones survive. The bad one die like dinosaurs.
0,1935,"And your analysis is flat out lacking. What everyone else seems to realize is that the reason Obama won is because of FAR higher turnout, many by African American voters. (Who more tend to be ... taa daa! ... Democrats!) There is definitely a considerable discrepancy in Obama supporters and gay marriage supporters. Of that, there can be no doubt.   And your anaysis of the FL situation is completely removed from reality. FL requires a vote of over 60% for an amendment to pass. It wouldn't pass at 59%, let alone 50. So not only do you demonstrate a lack of even knowing what was needed there, it doesn't even fit as an apt comparison."
1,1936,"How would I fill in some of the gaps? Here was my sequence: something like unicellular life to multi-cellular life, random multi-cellular conglomerations to an amoeba, to a fish, to a dinosaur, to a mammal, to an ape, and finally to a man??"
1,1937,So it's your contention that hundreds of thousands of firearms stolen from residences annually is just par for the course?
0,1938,So we don't? I thought we had the capacity to destroy it. That seems within the range of control eh?
0,1939,"Sounds like the same skeptic argument above. I don't know about you Nu Leader, but when I'm certain my mind exists. Are you not certain? You are actually required to be, to deny you exist would require existence, and that would be logically contradictory."
1,1940,"If it weren't for conspiracy theories, I'd have no theories at all"
0,1941,"Well, the simple answer to this question is ""No it is not."" Telling convention to shove it is not one of the main points of being gay, not in any way shape or form. Being gay is simply about the people one is attracted to, the people one loves, and the person one wants to spend his or her life with.Now this does not mean that these people do not tell convention to go shove it, but they do so only when they believe convention is unfair, unjust, unequal, and a detriment to happiness. On the issue of gay rights, most (but maybe not all) gay people believe that the specific convention of denying some rights to gay people is a bad one, so they stand against it. They do not simply hate convention because it is convention; good convention is worth retaining."
1,1942,Again I have to correct you. Dark moths were not observed before 1848. Similar mutations have been observed in other species of moths both in Europe and in the United States. Merely claiming that there was no change is ducking the question. You didn't bother to inform yourself of the facts and now you return to your incorrect assertion again and again after having been informed of your error.
0,1943,"actually i have a fuzzy theory on how the water on the earth could actually cover land. most scientist agree that the 7 continents were at one point one single flat super-continent (gondowaland, i think). after the continent sections drifted apart, only then did the himalayas and other major mountain ranges and ocean gorges formed. so it could have been possible that all land mass could have been covered by a heavy enough global rain shower, at least until it all drained off. however, scientists argue that this supercontinent existed millions of years before noah, so yall can scrap that idea...unless the scientists were wrong and the continental split happened quickly, while the earth was under water...nevermind... like i said, a fuzzy theory"
1,1944,So what? He made a statement on guns clearly and was well killed by one in the end...
1,1945,"Exactly, because it's not just an issue of 'her body'. What she does (the smoker) affects other people. Thanks for missing the point.
"
0,1946,"Healthcare is a human and civil right in a democratic society.
 
 YouTube - Peter Paul & Mary - Blowin in the wind
 
 
 ..."
1,1947,"Well, Merkel is a way better looking guy than Schroeder , thats for sure !
But Schroeder is the King of hair dyes....I will get my advise from the best."
0,1948,"Let's try to use a little kindness and common sense and not tell people on a public forum to ""shut ur mouth"". Read the forum rules, they might help your focus.
 
 -Mach"
1,1949,"That is a completely subjective assessment. Thelmoose and Unkerpaulie were already quick to dissociate themselves from any smugness or self righteousness on this very thread. 
It's a schism! I'm filing for their excommunication! emoticonXWow"
0,1950,"and the pro-choicers claim pro-lifers appeal to emotion too much. Nevertheless, I think the embryos would probably be dead if they were just sitting on a counter somewhere so you then save the child."
0,1951,So what? The fact remains that Britain is still four times as dangerous as America in terms in crime rates. Or are you arguing that their crime level is acceptable and that you're alright with so many more people being a helpless victim unable to do anything?
0,1952,"And if they are governed and regulated people can be victimized by the system. In fact, the regulation might be the very thing victimizing people. Again, it isn't the system but the people who are in society that make a morality."
0,1953,So the founding fathers and their work is basicy viewed as an authority based on their competence?
1,1954,And it remains to be seen if your are. Pick an unreasonable and dumb argument go with it.
1,1955,"His 'cure' appears to be banging a rent boy!
He most certainly one of yours:)"
0,1956,"Right. We are explaining natural phenomena by natural means. We do so simply because we can test natural explanations while we cannot test the supernatural. We use methodological naturalism (not, by any means, philosophical naturalism) to observe, test and explain the natural. This is not a denial of god or an assumption about the existance of a god. It is a recognition of the fact that we cannot investigate the supernatural by natural means. Even methodological naturalists can be theists - Kenneth R. Miller for example."
0,1957,"For me, this is like the idea that the speed of light was once very fast and has now slowed down. Both ideas indirectly call god a liar. This is bad. If all of our experiments show the Earth is 4.5 billion years old, then that is how old it is. If the Bible says something different, then either God meant Genesis for peoples past and now uses scientists to explain things better (though I am uncomfortable with this idea as many scientists are atheists), or our puny minds, compared with God's, haven't yet worked out how Genesis and an old Earth tie together."
0,1958,Exactly.   It seems that anyone can dream up hypotheses in evolutionary psychology.   Here's what Coyne said:
1,1959,"
It really cracks me up, Falwell talking bout ""first-class nuts"". He's the posterboy for ""Private-Lear-Jet Nuts""."
0,1960,"The point is that, if gun control works, why are there any shootings? Why are they increasing in number, more than 10 years after their bans? Why are they increasing after what seems to be a never ending gun turn in amnesty?   Why are the only people who are disarmed, are just the law-abiding?"
0,1961,You have to remember that those christians believe that the laws of God superceed those of man. That thier allegiance is to God and his laws above those of the constitution. They also believe that all should be subject to Gods by force if nesesary.
0,1962,"I agree, that is one very important question the article does not address. I've not been able to Google any answer either; perhaps it is something that is undisclosed."
1,1963,So what are you proposing? Death panels? Do you think we should euthanase the elderly or should we simply stop their social security payments and healthcare?
0,1964,"Liberals love big Gov't. They can't do anything for themselves so they want to rely on the Gov't for everything. Ahhhh you smell that, smells like communism to me. Lets not worry too much about it though, we'll all be equal I'm sure our masters will also have a fun time listening to our ""protests"" once all of our rights have been taken away."
0,1965,"How about the individual's offspring? Is a ""subtract 10 years"" gene encoded in the genome just because of one marriage?
Still no evidence."
1,1966,Which ones? Ineffective how?   I'd guess the laws weren't struck down simply because too many people broke them.
1,1967,"No, this is the point of the 10th amendment. Article 1 Section 8 applies to Congress...the 10th amendment grants all powers not listed to the states or people. 
The 14th amendment is not the ""federal government can do whatever"" amendment. 
"
1,1968,"B.S. simone. He was the perfect age for Vietnam. Why hasn't he released his draft card? I know, they only sent them to citizens."
1,1969,"Say hello to my little friend! We the people, through our State Governments!"
0,1970,"Well, the slavery analogy for gay rights is past it's applicability at this point--one was a property issue (also rooted in deep prejudice), the other is a morality issue. Many people oppose gay marriage out of morality and NOT prejudice. The same can't be said for slavery. There are many ways that the analogy doesn't work and that's just one of them. In fact, it could as easily be an analogy to reverse it and say that the ones who did the enslaving were analogous to gay rights lobbyists and the abolitionists were analogous to those who seek to protect marriage. After all, the plantation owners were the ones really fighting for ill-conceived rights--rights that they shouldn't have had. "
0,1971,"I can well believe that pandion cannot answer this question; no one can accurately answer it. We know that baldness, as a genetic condition, is polygenetic (ie it's controlled by multiple genes) and autosomal (the genes [or at least the bulk of them] do not reside on the X or Y chromosomes). Despite being autosomal, people appear statistically slightly more likely to exhibit balness if the trait comes from their mother's side of the family. Even if we knew precisely which genes were involved and which of those genes your kids had, we still cannot tell you the likihood of your children being bald. The chances of the gene combination being expressed in the correct way to cause baldness are dependent on age, hormone levels, stress and probably a variety of other environmental conditions."
0,1972,"Thanks, Clive, you're a good sport. Of course I can't agree with the idiot part. Rash, unwise, unknowledgeable, maybe, but not fools."
1,1973,"You are apparently unwilling to extend your thinking process to the other side of the argument Galileo, and by this I mean, and repeat that it isn't criminals owning hand guns which we defenders of gun rights are fighting for. WE AGREE THAT CRIMINALS SHOULDN'T BE ARMED, and the laws already exist on the books to punish them when convicted criminals are caught with guns. But your solution to disarm all honest citizens in the belief that this will make them unavailable to criminals also is ludicrous to the point of self destructive insanity. It is that premise which we are fighting against through the NRA and other lobbying efforts."
0,1974,"Not once have I said he is perfect. But when people criticize things that I either know are false or I don't agree with, I will back him up. Just like people back up Kerry. I will remember that when you try to defend anyone."
1,1975,Chill on the name calling. it only weakens your position in a debate. If you want to prove a point do so with logic and evidence. Leave the name calling to 5 year olds!
1,1976,"Yes when not hailing jesus, he likes to leave droppings here and there about the boards ..."
0,1977,"So you're admitting that Sarah Brady intentionally committed a straw purchase of a firearm, especially one that can be modified and turned into a long range sniper rifle."
1,1978,"Obviously you never heard how to read between the lines in grade school. 
"
1,1979,Ha. Those must be the same folks who believe in the missing link like you do.
1,1980,"Said the person who can't read....or at least comprehend.
http://www.4forums.com/political/gov...-new-post.html
I love how you attacked me on things we both agreed on."
1,1981,I won't waste my time with trolls here. Do you have anything useful to say?
0,1982,"And yet you ""and other women"" feel free to impose their version of reality on innocent lives."
0,1983,"If you have evidence for something, what purpose is faith with respect to that thing?Faith is belief with no evidence.Or from the dictionary:  Belief that does not rest on logical proof or material evidence.If you verify something scientifically then is it even possible to believe it by faith?"
0,1984,"Well then what the devil are you moaning about then? It's not like Browning shot King, or actually made the rifle that was used or anything like that. Hell it wasn't even a rifle made by the Browning company.There's absolutely no connection between the two for you to be bitching about."
0,1985,"And yet, even though creationists ask for detailed lists of every creature in transition over a period of several million years, I have never found a single creationist who can trace his ancestors back to Adam, a period of only about 6,000 years. The best I can do is to trace my ancestors back to the 1600s."
1,1986,Yes. So you are indeed committing the genetic fallacy. And apparently unaware of the semantic ambiguity of the sixth commandment. Thanks for clarifying.
0,1987,"Well let's put it this way. I really like playing baseball. So I put in a law that says everyone has to play baseball unless they're in a position where it will threaten their life. Since it's such a wonderful thing no one should have any problem with a law passed, right?"
0,1988,"So I have the choice between staying safe and then claiming insurance damages, or risking my life to kill a burglar and (likely) cause damage to my own property in the process?   Somehow, I'd rather stay safe. Better to lose my laptop than my life."
0,1989,"Well that may be your contention, but medically that is not necessarily true. Maybe being gay doesn't mean you are suicidal or depressed, but there is more of it going on in the gay life than in the hetero. That in itself is a wake up call. Depression and suicide are harmful, even if it doesn't touch you personally. If it were as simple as you say the APA wouldn't be re-evaluating ""reorientation therapies"" would they and with positive critiques too. You wouldn't have prominent gay activists like Camile Paglia deriding the gay community for being malcontent when those unhappy with being gay seek and desire the way to be hetero."
1,1990,"I specified that I was talking about CONSERVATIVES.
What is there about that that makes you think I am talking about you?
Are you ""plural""?
Do YOU define the ""conservative"" stance?
There is no right-minded analysis which can take what I said about the CONSERVATIVE stance and pretend that I had to have been talking about you, unless one assumes you ARE THE ""conservative stance"".
And considering you profess libertarian, it makes it even more bizarre that you pretend to interpret things in such a way...
"
0,1991,"You know what the funny thing is about all of the ""links"" that they have found between ape and man? I could easily find people today that look exactly like the ""links"" that scientists have found. Maybe you should try picking one ""link"" from the site that you gave me. I could give you creationist sites, but that wouldn't prove anything more than your site proved. Here's an alternative theory: creation by God."
1,1992,"How do you know it is him? It's a simple question. IF he is writing as Lurch, and someone else comes onto a board, as Ungerdunn, who is just as rude (which is what you are saying), you assume it's the same person? Or, is it because they both claim to be biologists? I guess that having another person enter a forum, and claim to be a biologist would narrow it down to just the same person emoticonXClown 
All you've done is said you know it is him because one writer is as rude as the other... and that this gives his identity away by some mysterious process, probably I don't understand this as I've never read set-theory! emoticonXWow What should be a very easy question becomes you repeating ""I know it is him"".
Also, has he been banned as Lurch on these other fora?"
0,1993,"Not entirely true. While we can't disprove that God created the universe, we can disprove many creationist claims. For example, we can disprove that the earth is 6000 years old."
1,1994,"Dont mind him, hes just sticking up for his new boyfriendemoticonXLove"
0,1995,"I think it is very difficult, if not impossible to prove a negative."
1,1996,"Well Duh! 
The answer has ALWAYS BEEN Drugs, and Drug Traffickers. Concentrate on them and you have the answer to the problems!"
1,1997,"Did you start the thread in the hope that no one would respond to it ? Is responding to and pointing out the trolling and hypocrisy you have shown wrong ? But I congratulate you for finally admitting that this is a trolls thread. That is more than I expected from you. And as for me reinforcing your contention about conditional christian love ? I do love you my friend, I just hate what you represent which is why I express my love by correcting you and calling you on your every hypocritical contradiction. emoticonXAngel I am Archangel after all. emoticonXGood"
1,1998,"Really, can you show me this science? You are just as genetically similiar to a white person as you are to an embryo."
0,1999,"Thats another subject.
 
 In all, you have not answered the OP. The insane suggestion that abortion cannot be murder, because murder is illegal and abortion legal."
1,2000,"Except that the government was tapping phones, and isn't interfering with freedom of speech. But if you ignore reality, then your parallel kinda works, I guess."
1,2001,"Have another Midol, O stiff-necked ones.
And speaking of fathers, at best you godless (evolution-minded) heathens are the descendants of a tribe of lice-infected, large-foreheaded, knuckle-dragging, rump-sniffing troglodytes.
Which explains the quality of your world views.
emoticonXBouncer"
0,2002,"So which is it: the action is moral, the action is immoral, or there is no answer? You seem confused."
1,2003,"No. Not only are you wrong, you seem to lack the integrity to learn the basics of what you claim to oppose. You oppose evolution you say, but you have no idea of what it is. Most educated creationists not only admit evolution, they propose evolution at rates that make real biologists laugh."
0,2004,"NOt true,California's ammendments are not doing as well as other states did. You are talking about a very liberal state. If it is decided that marriage is allowed by the courts, then you are talking about taking away rights people have been granted by the courts. I just don't think that will happen in Calf. much too liberal."
0,2005,Because it's a blatantly obvious fact of nature and intellectually honest experts in the field accept it.
0,2006,"Then you freely admit that you lied when you said this, and I quote: People like Arch are setting it as opposed to science and in that position it will be doomed to fail.   AND   Arch is doing nothing but distorting the very thing he holds so dear, I mean, how is accurately quoting passages from the bible distorting it in any way? You do nothing but post drivel which makes no factual statements at all. And you call that debating?"
0,2007,"Then 99% of creationists are not informed as far as I can tell. It seems that your position is that ""informed"" creationists are neo-Darwinists, fully accepting of the theories of evolution."
1,2008,"In the future, please try to spare me the theatrical flair. 
...."
0,2009,"So, this statement is from a 'law center' that is dedicated to defend the religious freedom for CHristians. Yet, this isn't about 'religion'. Why do I find that hypocritical."
0,2010,"Well, it showed how it was physically possible to generate amino acids from inorganic material. That's rather impressive. Again, irrelevant and unrelated to the Scientific theory of Evolution, regardless of you trying to create that association. Your continued attempt at doing so despite having been shown and told multiple times that the two are unrelated, well that only shows one thing, namely that you are dishonest."
0,2011,"How is that related to deterrence? 
 
 Once again, deterrence is preventing through the fear of consequences.
 
 What you are talking about is not related to the subject of deterrence."
0,2012,"I think bringing ""emotions"" into the question of whether God exists or not tends to cloud the issue a bit.Isn't the essence of atheism a rational enquiry which concludes that in the absence of any credible evidence, there is no reason to believe in God ? An emotional attachment to ""non-belief"" would be irrelevant (and irrational)."
0,2013,"And who is the 'WE' that we trust? The scientists or the theologians, who disagree with each other? 
 
 I am curious for it on my own account.. and not willing just to accept someone's authority saying it happened one way or another."
1,2014,EasyRider just doesn't like gay men trying to shove it down his throat! emoticonXAngel
1,2015,"Is your thinking really this simplistic? Either I have to agree with you or I am an anarchist? Is that all the complexity you can handle? This or that? Black or white? The best soda in the world is Sprite and everything else is wrong? What a boring little pigeon-holed world you live in.
No harm no foul - that is where I stand on sex and romance. Kids, animals and those who don't or can't consent are off-limits. K? Now that I have established (AGAIN) how I feel on that matter, let me reinstate.
Any God that allows love and intimacy for only a select group is viscious."
1,2016,"**
You've almost got it. Follow that thought and you'll get it."
1,2017,"Oh come on. If those words were hateful, then you need to 'investigate' probably millions of people, because those are pretty normal sentiments. Canada must have a LOT of tax dollars. I don't entirely agree with what he said either, but I think it's downright scary that your govt. investigates something like that."
1,2018,So your value system supports and approves of the kicking of retards?
0,2019,Prove your assertion that he has called himself a conservative Christian rather than a conservative Republican OP. Support your clai if you can or stop trying to lump everyone on the right together.
0,2020,"Well, I suppose that the reply it took me almost 5 minutes to type, a couple more to check and a couple to correct will not suffice now."
0,2021,What other theories? Why mention them if you aren't going to explain them? You are actually on a board of education? I notice there was no mention of telling kids that there are other theories of gravity and that all of them have holes. Evolution is a more secure theory than gravity.
1,2022,"Its not like someone claiming that 9/11 is a conspiracy its about someone mocking you because you are getting uptight.
I did say that the evidence was questionable which it is.
The idiocy is all yours now chill out and have a drink..without a sweeteneremoticonXClown"
0,2023,"Pregnancy is always harmful to the woman's body. However, if the pregnancy is desired then the changes are welcomed by the woman.To a woman who does not want to be pregnant then those changes are very unwelcome and are a bad thing. Pregnancy is always harmful, but the perception of what is happening changes depending on the woman.You do not understand that whether or not pregnancy harms the woman's body is objective, but whether or not the woman wants the pregnancy anyway depends on the woman. You are mixing the two."
1,2024,"And you can disprove hindusism, or Janism, or Taosism, or Confusism, or Buddhism, or atheism.
On the other hand, Christianity make some very strong claims.. such as the phsycial resurrection of someone 3 days dead, dead people walking around a city, thousands of people being fed with 5 fish, and make claims about the 
existance of demons.. 
Frankly, those are rather silly superstitions that in my eyes discredit the possiblity of Christiantiy being accurate.
Not to meantion the belief in hell and salvation.. sheese, where do people ocme up with these crasy ideas.
And, of course, the concept that some religious people have of a 6 day creation a bit over 6000 years ago has been falsified."
0,2025,"I'm not trying to prove anything. I'm asking if you'd think differently in that case, and you're not answering."
0,2026,"Well said Jito.   I don't understand why pro-lifers dismiss pregnancy as easy and/or suggest that it's a wonderful snuggly thing that's just the best thing in the world. Even if you want a baby, it's unbelievably hard to go through and something your body never fully recovers from. If you don't want a baby and are being forced to go through it, it's unbearable.   You can't force somebody to go through this life-threatening condition that is always physically harmful."
1,2027,"From the idea that smashing babies heads is wrong.
Please keep up"
0,2028,"You could've just as easily revived the last thread, commenting on how the antis are unusually silent."
0,2029,"Not realy they are still being manufactured for civilian use and are legal in most states even in states where machine guns are not allowed. You would be actualy supprised at how available they are. You sign your life away and are no longer a name less face to the feds but you may be able to own one in your state. All thats needed is to get your chief law enforcment officer to sign your fourm 4, pay $200 to BATFE, pass an FBI back ground chk and wait appx. 2 mo's and you have one."
1,2030,"Here you are making an entirely unsooprted assumption, that I see myself as better than everybody else or that I am somehow smug in my views. I am no better or worse than most. We are all just the same tailess monkeys that walked out of the jungle so many millions of years ago. we are not particularly enlightenend, nor are we likely to become so."
1,2031,You know you have outwitted a conservative thinker when they completely dodge the argument you have made.
0,2032,"So???? Are we supposed to be surprised? Hardly emoticon_rolleyes 
 
 State constitutions and / or their amendments don't mean diddly squat if they are not in agreement with the US cconstitution."
0,2033,"Well, there's also the theory that the second amendment has racist origins. According to the VPC, the second amendment was written because they felt that an armed militia was an important protection against the possibility of a slave revolt. 
 http://www."
0,2034,"Again???? Gun control laws by design are meant to kept inner city citizens (i.e. black) from owning guns... Liberal terms such as ""saturday night special"" all have racist undertones. Also since the majority of gun violence in the US is minority on minority... Who are these laws meant to target?"
0,2035,Why do you find it necessary to fit observations to Genesis?   or why it makes perfect sense to design creatures that resemble humans but have them evolve from things that look like apes? and so on?   Are you saying that mankind is the original goal of evolution?
0,2036,"What we have here is simply a perspective problem, which is the problem with most debates. I see the Bible as sound, and every ""error"" in the Bible I have researched (I have admittedly not researched them all) have been refuted."
0,2037,"**
 This is the best response you've got!?! What a loser!!"
1,2038,"And of course the Bible or rather the HUMAN author would say that....
"
1,2039,"Cool I want to be free of the regulation that I wash my hands before preparing other peoples food. After all it should be my choice to wash my hands after going to the restroom and I should be able to make that choice without restraint. In your world there are no courts, police, or governments to hold me accountable for killing someone or giving them hepatitis."
0,2040,Really? I never know why people can't objectively look at things. Where would this reduce ANY health care costs? From every study I've seen it will cost Americans more
0,2041,I think that the type of weapon does make a difference. A tyrant would be more dangerous to the world if he was armed with WMDs rather than knives.
0,2042,"Regardless of the name change, the calendars are still keyed on the birth and death of Christ...and that will be so at least until the atheists are able to come up with another numbering system and force it on everyone else just to pacify their own baby mentalities."
1,2043,"So, in order to be against gay marriage, a person has to be faithful in his own marriage? Gimme a break. He supports what his constituents want him to support or he doesn't get elected. In case you haven't noticed, the majority of Americans are against gay marriage."
1,2044,"Well I guess atheists are just lucky then!
(Maybe ""god"" is watching over them.)
Thanks god.
LOL @ emoticonXAngel"
0,2045,"The mechanism, according to biologists, is a random mutation that would usually not reproduce much, but reproduces when the rest of the bacteria are removed. The mutation becomes a standard gene at this point."
1,2046,"Trust me, you won't see me offerring my arm or nose for any flu vaccine. The government rushed companies to make this vaccine without giving them enough time to fully test it and when they initially balked at the thought, Uncle Sam said ""Don't worry, we won't hold you liable for any ill effects as a result of our incomplete testing."" Now doesn't that make you feel all warm and fuzzy about Uncle Sam controlling all healthcare? 
Consider this:
"
1,2047,"Er...
Well, I guess she's hot for being in her 40s. Sounds like Antonia needs a tampon right now."
0,2048,"Is it correct to assume that in the presence of the precursors of the standard genetic code (e.g. intermediates of glucose degradation and the citric acid cycle), the intimate relationship between these molecules resulted in the inevitable organization of the genetic code (global optimum of the system)?   Articles 5-7   These articles discuss fascinating mathematical representation of the genetic code. For example, in article 6 a representation of the genetic code as a sixdimensional Boolean hypercube is proposed.   Abstract:"
0,2049,"I think you misunderstand my view. I think that a third-term fetus is already sufficiently a person, so I would CERTAINLY consider a newborn baby a person. To me, a person is one who has the most basic, rudimentary sense of thought and emotion. A late-term fetus, from my point of view, is no less a person than an Einstein. An Einstein, of course, is much more useful to a much greater number of people, but from the simple point of view of whether he is more of a person, I would say not."
0,2050,"Well, HRC estimates that the costs would be negligable and that some governments would actually save money. They site many studies on the issue, which I have not taken the time to look up, as I think this sort of statistic is worthless. It is unreasonable to ask same-sex couples to pay for the marriage of opposite-sex couples without asking opposite-sex couples to return this payment. Still, you seem very concerned about it, so I will provide this link:http://www.hrc.org/Template.cfm?Sect...entDisplay.cfmIt is an interest group in favor of gay rights, yes, but that doesn't make them wrong. I did have a link to an actual study on the topic, but I cannot seem to find it. I'm sure if I scoured the Internet more, I could come up with something."
1,2051,"Wasn't that you spewing ""facts"" that had no content and were incorrect? gee, what do you wanna be when you grow up? 
"
1,2052,Well with thinking challenged individuals like slimjim floating around it is no wonder we have a rogue agency with no oversight attacking the honest citizens. See Ruby Ridge and Waco for examples.
0,2053,"In point of fact, the low birth rate in most of Europe is not due to the availablity of abortion, but to good sex education and the ready availablity of effective contraception to everyone who needs it. See this study, for instance:   http://www.advocatesforyouth.org/PUB...heet/fsest.htm   People have small families because they want small families. In point of fact, the abortion rate in Europe is generally much lower than the rate in the US, due, again, to education and contraception.   Would you force folks to have children they don't want?"
0,2054,"Certainly he did. I have known many scientists (mostly biologists) who had a similar attitude. The problem is that you have it upside down. The study of glorious, naturalistic science informs us of God's creation. You are trying to impose your childish version of your god on the universe."
1,2055,"Oh yeah.
Because bullying a 14-year old girl, and bullying a 14-year old rape victim, is just the same to you...
"
1,2056,"Are you trying to be funny in a ""I'm the one who drew attention to this aspect in the first place, but now I'm going to criticize you for talking about what I drew attention to"" type mentality?
"
0,2057,This coming from the person that makes insane claims without providing evidence. Atleast provide some when asked!
0,2058,"First of all, it's not a precedent. this is the seventh or eighth state where a higher court has found anti-gay discrimination in marriage unconstitutional. Secondly, when so many rulings go in this direction, it can hardly be called ""lawlessness"". It's a call for lawful, constitutional interpretation of statutes.It takes extraordinary intellectual dishonesty to pretend there is some ""agenda"" at work. These decisions are the consequence of two things: our long history of rationally applying those silly words about equality that folks smarter than this generation of politicians put in the Constitution AND a long-term correction of the misunderstandings of what homosexuality IS and what its consequences are.I know you don't personally believe it, but there is nothing wrong with us."
1,2059,"You mean you're for real? You're not setting out deliberately to make creationists look as if they don't know what they're talking about? Because that's all you're achieving.
Still no source for the trillions, I see."
1,2060,"So you believe if a kid threatens to shoot up the school it should be just ignored as children""s innocent mischief..........Tell that to the kids that died at Colombine..... emoticonXRolleyes"
0,2061,The human collective is the authority. One major advantage of this authority over a theistic one is that it actually exists.
1,2062,"Yes I apologize for your ignorance and your inability to 'get it'.... 
"
0,2063,"They can ""marry"" whomever they love. Benefits though, are a different matter. The state and society views marriage as an opposite-sex institution. It's not about anyone getting harmed; no one said it was."
0,2064,"Yep, he dodged it again. Care to explain your views on Creation in the Tanakh for the folks here?"
1,2065,"Sweetie, if you imagine most people are capable of home schooling kids, why doesn't everyone do it?
This isn't about government power, it's about what's best for the education of kids. Some kids will do fine with home schooling. Most will not, because their parents aren't the best of teachers. Apparently, you can't figure that out."
1,2066,"Considering the Sumerians existed long before there was a Hebrew historical record, that would be interesting"
1,2067,I think it best not to jump to conclusions about things you don't know. Before you were saying that Bloomberg didn't even have a right to complain about what happens in other cities in New York. Now you're complaining that Bloomberg isn't doing enough to interfere in what goes on in other states.
0,2068,"Yes I disagree with that point. The navy, just like the police, can't possibly be everywhere that danger might raise its ugly head. Merchant ships can't afford a 24/7 navy escort anymore than the average citizen can afford to hire body guards 24/7.There's no legitimate reason why merchant ships should be unarmed and unable to address dangers that deliberately come after them."
0,2069,"That's fair enough, but I just think it's important to at least acknowledge and realize that the unborn baby does have worth and importance, and not just a piece of tissue as it's so often callously viewed."
1,2070,"The judge should be informed that 'the leading' IDist admits that ID is religion. (yes, I've posted this before...) What else could an unembodied designer, which naturalism perforce excludes, be but a deity? So Dembski's ID has one or more unspecified deities - supernatural, unembodied designers - creating biological systems, at some unknown time, at some unknown place, by some unknown series of steps. What a great scientific theory! :-)"
1,2071,But surely it's ok to vote for a man who starts an unjustified war that results in the deaths of hundreds of thousands...right?
1,2072,I though the torture was just a result of the number of wing nuts there were around the place.
0,2073,"Well, by the strict defintion of the word ""born"", an abortion is considered a premature birth."
0,2074,"Actually ""I don't know"" is quite a valid answer in science.However, again you slip into this false construct of a belief that all that can be known is in the scope of science; which you've also denied saying you believe in the past.[quote=Montalban]Is this a rational statement? If so, prove it rationally, by science. "
1,2075,Link me to one saying weed 'addiction' is worse than alcoholism please.
0,2076,"This judge stated that it was UN-Constitutional (according to California Constitution) to limit marriage to opposite-gender couples.   So . . . . . why did we vote in 2000 on the definition of marriage? And since the majority stated that marriage was between one man and one woman - why was that not taken into consideration with this ruling?   Why is it that when the people speak their voice, it is IGNORED?? Not only the mayor of SF - but this Superior Court judge as well?"
0,2077,"But you specified that you were about to define biological evolution and then gave a definition that doesn't apply. It really doesn't matter that you mentioned ""biology"" in the second definition, you had already stated that your first definition also applied."
0,2078,"Since when were proteins no longer structures? A basic freshmen tool for teaching is the phrase ""structure defines function."""
1,2079,"Oh my goodness, yes. I had forgotten that scenario. How silly of me."
0,2080,"""Usually, ""rationality"" is a Humpty-Dumpty word, that means whatever the user finds is convenient to club his opponents with.""http://world.std.com/~mhuben/skept/rationality.htmlKnowledge itself is a limited commodity. To make a claim that everything is knowable is a statement that is impossible to prove; Scientism makes this claim. Closely related to it is Objectivism.""Scientism, in the strong sense, is the self-annihilating view that only scientific claims are meaningful, which is not a scientific claim and hence, if true, not meaningful.""http://skepdic.com/scientism.htmlRecommended Reading:""Why People Believe Weird Things: Pseudoscience, Superstition, and Other Confusions of Our Time"" by Michael ShermerNot only does it include creationism, :) but also the philosophy of Ayn Rand (Objectivism)"
1,2081,"Well...
You can apparently read, but what you have apparently chosen to read - and accept - says much."
0,2082,"But a slightly larger brain than average is still feasible and offers enough of a benefit in a large social group that its worth the price - however something the size of a modern humans brain is far too demanding. That slightly larger brain can be supported by an organism or society that hasn't developed fire, but is also able to discover the uses of it, from then on nutrician isn't the big limiting factor that restricts how big a brain can get from then on. "
1,2083,"Was she on her knees, taking lessons from you...or was she skilled already?"
1,2084,"And have a child with a terminal disease and watch them most likely die slowly because of my ""soul mate."" Yeah. I'm thinking if they're willing to make me go through that they're not a soul mate at all. >_>"
1,2085,"Yeah, yeah, yeah...I don't think that I could ever be drunk enough to think Waxy was a ""chick"". :)"
1,2086,"Wow. emoticonXWow emoticonXDonno 
I don't even know where to start with this one.
Waxy"
0,2087,"To you, it may be an incorrect statement. But if it is, you have to tell me what it is you kill and take the life away from when you abort the zygote. Not knowing if it is being killed or not knowing someone wants to kill it makes no difference. Injustice is still practiced there, and not even some abortion doctors realize it."
1,2088,"Exactly, they are big on condeming the sins of those other guys. It makes them feel better about themselves. Also, it is always a good idea to have a vitriolic campaign about something that will never change so they will always have an enemy - homos are not going to disappear, abortion will never be made illegal. That's how the religious right recruits folks - get 'em all indignant about the ""others"" and they never notice they are being fleeced by the fat little pastor."
1,2089,"Only in your mind could lying about me be telling the truth smiley. And if you had any concept of what truth is, you wouldn't be an anti-christian atheist my spiritually blind friend. emoticonXAngel"
1,2090,"You can thank Slick Willie Clinton who pushed through the sub-prime lending fiasco that eventually blew up under Bush. And gay-boy Barney Franks who oversaw the program.
"
0,2091,"Actually, I've heard it all before and it is wrong. The article is full of misinformation and misrepresentation. It is, as you say, slanted rather than an honest report of the data."
0,2092,"No, the legal middle ground between no same-sex marriage and only same-sex marriage is marriage for all, just as the legal middle ground between no opposite-sex marriage and only opposite-sex marriage is marriage for all.   Another possiblity would be marriage for none, but let's not go there."
0,2093,"Oh sorry, I didn't understand what you were asking.   Ok, what I think happened {Like Tasyfish hinted at} was that Moses recorded what god told him or Genesis 1 because it is in more detail, and Genesis 2 is what was passed down through Noah, in Oral history, so it would differ slightly, but that's becaue of man's error, not God's."
1,2094,"Sweetie, if every gay person were as wealthy as Mary Cheney, we could laugh all the way to the bank and ignore the prejudice in society the way she does. Indeed, we'd probably be the darlings of the GOP. Unfortunately for your delusion, gays are no more or less wealthy on average than anyone else."
0,2095,"Well I ####,moan,and bitch about it to and I know I can't prove anything,but do'nt logic say an AK47 ASSAULT RIFLE not semi auto but the real deal is going to cost hundreds less south of their border,Know doubt the same for an M16.Also you don't have to worry about smuggling them in as much if at all.Besides it getting harder all the time to get your ASSAULT RIFLES(you know the full auto type)not to mention hand grenades and rpgs at your corner gun shop anymore.Oh yeah less not forget the gun shows,and all there loop holes.   Jus a thought."
1,2096,"I marvel that you are so impressed by seeing your own text in print that you forget to make any sense in what you write! 
"
0,2097,"Amen mekayla, and welcome to the forum. Now prepare for the ensuing hate speech which is sure to come from the pro death and infanticide advocates who are sure to attack you for daring to share your common sense and compassionate opinion. emoticon_xangel"
0,2098,"Again, this wasn't just about you and me. I do think you corrected someone's spelling and if you didn't it was another creationist."
0,2099,"It should be noted that other exotic amino acids are also used by a few other codes (derived form the original). E.g. Selenocysteine and pyrrolysine are encoded for in many archaea and vertebrates. Archaea, however seem to be the most primitive organisms, thus these encoded amino acids must have been fixated early on.Thus an interesting question can be applied to an ""evolving"" code as posited in the above quote:Are these ""still evolving"" mRNAs, still evolving? Or did it hit an inevitable global optimum? Secondly, from the article:"
0,2100,"You are also protected by the 4, 5, and 14th Amendments. Your guns can not be seized. You can not be under suspicion for your guns to be seized without due process. All your legally obtained property is yours do to with in any way you want as long as it is legal.Lets not forget privacy. No one has the right to stick your nose into your business to even find out what your doing with your guns."
0,2101,It doesn't make sense because no one makes that claim. There are some random events that take place that may have an effect on evolution. That does not mean that evolution is random.
1,2102,The fact they are blond has nothign to do with the fact they are dumb. The right wing mindless talking points from Fox News is another matter.
0,2103,"Then there's that state thaht wants to remove the use of BC and AD from the calendar. I guess they'll change it to some neutral like plus and minus numbers just to stay with the rest of the world....or maybe 2005 will change to 133,956,373,278."
1,2104,"Not only is everyone in agreement, which scares me enough, but Parcum even agrees with me. This is really shocking!!!! :)"
0,2105,"Yes. It describes an action without ascribing its form to its end result, outcome, whatever but strictly to a cause/s force/s in action. That is why 'selection' is always teleological. In order to select or choose anything, an end must always be in view. There must always be a volitional discrimination of options based upon a criterion dictated by the desired end. The only time ""channel"" becomes teleological is when something live [a human or a beaver, let's say] intententionally does the channeling. But since it is understood that mechanical forces can also 'channel', unintentional, out of simple mechanics, the word channel cannot be called teleological. In the same way, 'sorting' can be considered non-teleological, hence mechanical, and thus suited to your glossary, because things can be sorted by mechanical forces alone. But 'selection' always requires volition and awareness. So 'selection' is always teleological."
0,2106,"AGREED!!!!That has to be BY FAR the best series I've ever read!Also, Asimov's Foundation triligoy is good. And again, the classics:Fahrenheit 4511984Catcher in the Rye...and all those other depressing books..."
1,2107,"You know I actually considered that. Too much work, though. I have added to my list of things to do when I retire. That is, of course, assuming that we turned things around by then. If not, I will likely be too busy ""holding the fort"" against the hordes of starving yuppies."
1,2108,Because those who are pro life are against a womens right to own her own body. Her body her choice and none of anyone elses business. Remember control freaks are everywhere.
1,2109,"We don't take him seriously anymore because despite having been refuted over and over (both here and on at least four other boards), he still posts the same garbage. Whenever it looks like there has been overwhelming refutation of his thread, he abandons it and starts a new one saying basically the same thing as the one before it. THAT is why he isn't taken seriously, and no, it is not ""unfair"". I also have to ask why you think he puts so much intelligence into his posts, when all he does is either cut and paste from some anti-evolution site, or say things like ""science is a joke"" My pet dog could do better."
0,2110,Yes it does but I have a feeling that it will take the bulldozer of the SCOTUS to make the 11 dominoes of the old confederacy +Utah fall down.
1,2111,You mean like a tapeworm? Should removing tapeworms be illegal too?
0,2112,"Yes and no. Metaphorical creationism can't be disproved period as there are no hard facts to disprove. Literal creationism can be disproven on a number of factors, from the timeline, to events such as the flood."
1,2113,"Yet, apparently, according to Easyrider and Bassman, Howard is not a ""True Christian"". Funny how that goes?"
1,2114,"Thank you for linking my statements wherein I did answer your question.
Of course you, someone who doesn't believe in anything can talk about getting rid of religions and yet you cry foul at perceived persecutions by Christians."
0,2115,"How right you are to,and given the forum here, make it a crime to own to own a gun,well I think most of us are automatically criminals.It's like the signs you see...SHOPLIFTERS WILL BE PROSECUTED!lot a good they do.emoticonXBanghead,yeah know matter how illegal their will be crime."
0,2116,"But what would he have learned from it? If you're going to use that analogy, then lets say the last thing he remembers is walking to the bar. What would he learn or have experienced?"
1,2117,"Oh goody! You're asking for a to-do list!! 
I'm real good at that. Give me a bit to put one together. emoticonXAngel"
1,2118,I'd lo9ve to test your hypothesis sometime by dropping a few Democrats into a pack of wolves and seeing who survives. emoticonXSmilie
1,2119,"So lets see, you referred to how the 1st amendment applied to the states, posted the 14th amendment privileges and immunities clause and then asked if I thought something was unclear. Of course the privileges and immunities clause is often mistaken to have incorporated the 1st amendment by people who don't know what they are talking about but this is merely coincidence because you randomly quoted part of the 14th amendment but implied it all. Now if I changed it to what it said above would you feel that is an accurate statement? Probably, considering you don't seem to understand a blatant difference between ""original understanding"" and ""original constitution).
Your pride ruins you my friend.
"
1,2120,"That would be the fault of you rather than us. Everyone knows a small mind can't see what's beyond it's comprehension level.
"
1,2121,"Now settle down charlie, and try to think rationally, just for a second. Have you ever heard of a tumor growing into a sentient life form as a fetus does? I'd appreciate a link documenting such an occurrence so we pro-lifers can start planning save the tumor rally's."
1,2122,The debate has been settled a long time ago. and also about dragons!
1,2123,"Nice attempt at an audition. Since the law firm you hired is supposed to find a director and president for your crumbled .org do you think you will get the job? What's the matter, didn't Hennigan cut it after the other lawyer fled when he saw the handwriting on the wall? emoticonXGood"
1,2124,"emoticonXRolleyes Drink Kool-Aid often? 
No major party in the US supports the mass murder of an entire race of people."
1,2125,"I guess it's a good thing I wasn't replying and/or talking to you then. But thanks for your input, it has been noted."
1,2126,"I'm with Smiley: you're describing yourself perfectly, save for referring to conservatives instead of liberals."
1,2127,"****! I go to Home Depot, have a basic understanding of car maintenance, love to fish, always wear sensible shoes and will frequently go without make-up. I never knew I was a XXXX. Man if I can't get my stereotypes right, I guess I will just have to give up my crush on the cute dude guitar player I saw last night..... :p"
0,2128,"I think that getting your tubes tied is a responsible act. I was just inquiring about the motive for doing so. Too bad more women (and men) don't share your level of responsibility. If they did, we wouldn't need to debate the ""need"" for abortions. emotico"
0,2129,"Actually, Galileo wasn't killed. He was sentenced to house arrest. And his sin was in declaring that the earth moved since the Bible states that the earth doesn't move."
0,2130,And they could have experienced more without gun control. You're jumping to conclusions.
0,2131,"How is that silly? You do realize that the vast majority of firearms used in crimes are stolen no? And many of those are stolen from legal buyers. While it is a poor argument to argue that firearms should be banned for that primary reason, the underlying principle of control over supply is hardly silly. Unless you think that control over nuclear weapons is silly. Maybe you would. After all, you are Isly."
1,2132,"Can you say ""OVER GENERALIZATION""? Can you say ""UNJUST STEREOTYPING""? Can you say ""LIES""? Can you say ""MISINFORMATION""? Can you say ""MUDDYING THE WATERS? Can you say ""JAAAMAN""?"
1,2133,This remark would be funny if you didn't actually mean it....
1,2134,"other jobs are ok also.
all the women who are in the army...they manned up. grew penises is what they did."
0,2135,"The fact that they were too heavy, is simply untrue, see previous post. Hunting depends on many ecological factors, such as their predational preference. Also new fossils suggest a trees down development of bird flight so fully developed flight muscles and feathers were not necessary."
0,2136,Well it came from somewhere and presumably changed as it went along.
0,2137,Homo-erectus and Neandertals had different bone structures. How could they be fully human when their anatomy is fundementally different?
0,2138,"Thats true. However, do we not have a state of reasonable compromise at the moment?"
1,2139,"What is it that you disagree with? My statement of fact? Or the fact that I made a politically incorrect assertion? emoticonXConfused 
"
1,2140,"And when have they? Ever?
Still waiting for your evidence that monogamous married sex is the most satisfying. As, I'm sure, is Wez."
1,2141,"Just can't satisify ""them thar' Moralizers."" I remember the election of 1960, and how many were worried about JFK taking his ""orders from Rome."" Maybe that is why we are a land of laws, not of men."
1,2142,"...said a ""certain nobleman""...
No wonder you cause such a stink, trebor. And you accuse Easyrider of manipulation of Scripture?"
0,2143,"So...what was all that bull**** about terrorists exploiting America's ""weak gun control laws"" in order to amass arsenals of deadly weapons?It seems to me that they don't need undercover operatives to come to America, forge documents and undergo background checks just to get civilian weapons. They've got their own arms manufacturing plants over there, they can make whatever they need or want."
0,2144,"I believe the Bible is correct in every detail. The difference is how those who read them choose to interpret their meaning. You, for instance, look at a verse that says the earth cannot be moved and take that to mean that the Bible says that the earth does not move PERIOD. I believe that that means that God is powerful enough to keep the earth from simply ""flying out"" of its orbit and rocketing off into space somewhere. Yes, I proudly ""cling"" to the idea that a flood covered the mountains. I believe fully in the ENTIRE Bible (unlike some people) and I DO NOT ""pick and choose"" what I believe."
0,2145,"This is not a case of disagreement on the interpretation of evidence, it is science versus science fiction.It is a direct accusation by the CURATOR OF BIRDS for the SMITHSONIAN INSTITUTION against all the proponents of the dino bird story.Not some as you say ""crackpot"" Creationist.These are only two of the many scientist that are embarrassed by the outrageous dishonesty of their contemporaries. ."
0,2146,Old gun lobbyistsargument:   Gun control = liberal XXXX = socialism = communism = enemy of the US....
0,2147,So why are you here? Do you have anything to offer of any substance?
1,2148,"
Are you being dense on purpose? I said that I'm not all into the semantics of baby/fetus. I'll conceid that its killing a baby. The TERM for it is fetus, fetus' become babies. I see the logic there (in fact I think I'm agreeing with you). Why must you keep pounding this drum?
"
0,2149,"But you haven't looked. You may claim that your god did it, and no evidence to support or deny that can be offered. The assertion relies on miracle and has no suporting evidence. But when you start talking about how your god did it, your claims can be debunked by facts. Certainly the mythology of ancient nomadic herdsmen is not accurate. If you look at the world and the history of the world the is evident in the geologic strata, then you can see that the earth is very old, and you can see a succession of organisms through time. When considered with other fields of science from genetics to biogeography to physiology and anatomy, evolution becomes apparent."
1,2150,"
Hey I know, maybe you can use the Liberal Source Watch to debunk the GAO report. emoticonXSmilie"
1,2151,"Oh, so cranky, Dittoboy! Maybe you need some zanax too. Or pray some more to your pagan deities.
Little hint: Listening to too much Rush Limbaugh will give you ulcers - all that sustained outrage and all. Plus the morally superior preening... not healthy.
emoticonXAngel"
0,2152,"That is the declaration of independence not the constitution.I can go you one better admendment 9 and 10 talk about certain rights retained by the people.Amendment IXThe enumeration in the Constitution, of certain rights, shall not be construed to deny or disparage others retained by the people. Amendment XThe powers not delegated to the United States by the Constitution, nor prohibited by it to the states, are reserved to the states respectively, or to the people.The conservatives would argue that by offering same sex marriage that their persute of happiness is denied by gay people even existing and that they have to look at us."
1,2153,Sounds like someone could be lying... hmmm who could it be? emoticonXIc
0,2154,"Holy grail implies it is like a religion, which it is not. If evidence is found that overturns this theory, it will be discarded in favour of a better one."
1,2155,"Sheesh ! What a way to bring goodwill to all people in the world, ""yearning"" for democracy. And if I remember right Saddam was our toady during the first Reagan Administration. Hmmmmmm, wasn't George Herbert Walker Bu$h our Veep then ?"
0,2156,"Well then this doesn't answer my question.   If you have 10 doctors for 100 people (this is just an example) and only 50 of them have health insurance and each doctor gets paid $100 a year then your health care per capita is $10 ([10doctors x $100]/100 people). If you change it to 100 people with health insurance you now have $10 per capita as well because you population did not change. Health care costs are shown per capita and not per person insured: Per Capita Health Expenditures by Country, 2007 &amp;mdash; Infoplease.com   So again, if you go from $6,000 per capita per that website given above to say Switzerland levels at $4,100 per capita then where did that money come from?"
1,2157,"Right, because besides rape and health concerns these really are the only other reasons women have abortions. emoticonXRolleyes"
1,2158,It's either that or he's a frustrated tenor for the Vienna Boys Choir. ;)
1,2159,"Stalin died of natural causes while in power, I believe. Perhaps the fall of communism is due in part that the purges stopped. So, killing hundreds of thousands of people was wise for Stalin, huh? Good. Good. Anybody disagree with canadianman76?"
0,2160,Ummm because those policies were enacted in an attempt to even out the playing field. I assume you felt it was already even and therefore unnecessary or is that an example of conservative bias?
0,2161,"Actually, this data point is perfectly meaningless.NONE of the other information (or the conclusions) presented in this talk require ""26"".If we made it 260, does it change ANY of the other conclusions? No.A failure to recognize non-sequitur data tidbits is usually indicative of an argument that includes other errors."
1,2162,I can understand your disappointment. Its very difficult to cure someone of chronic religious delusions. No easy way to relieve the suffering of the victim. But if you really work hard at it for another decade or so you may recover yet. Best of luck and don't fall for the quacks peddling quick cures.
1,2163,"Oh Blah! Blah! Blah!
What the devil do Comanches know?
The sisterhood and brotherhood of Sioux, Navajo, Iroquois and other sundry tribes."
0,2164,"What?! Then how do we discount the Gospel of Thomas or any of the gnostic gospels? How are they wrong and the canonical gospels true? If historians held the ""it does not matter what the document contains"" standard, there'd be no knowing anything."
1,2165,"Now you've ruined it! You're not supposed to mention god. That's the whole idea. ID is stealth creationism. XXXXXX pretend that there is some scientific basis for the assertion that there is some sort of magical designer that is responsible for everything, but they don't say it's god. If they did that, then ID would be religion and introducing it into schools would be unconstitutional."
1,2166,"Oh, I see that Easyrider wants me to post some more. Anything for my old pal EZ!
"
1,2167,"Sorry to brake it to ya, but just like the Bible says. It's gonna one big war. Thats what all this stuff is leading to. No, I'm not one of those crazy lunes that goes walkin' up and down the street with a sign that says ""The world is comeing to an end"".
I'm just sayin', why should we even care......about anything. Might as well start war now and get it over with(in a sense)."
0,2168,"I see that river runs wide and deep on the left bank, de Nile."
1,2169,"PORK FACTORY!
I know what Bismarck said about sausage and laws made by democracies, but PORK FACTORY!!??
Do you mean that all this time Jimmy Dean has manufactured that which I buy in the grocery store.
I sure hope he doesn't employ none of them thar durn ILLEGALS in his factory.emoticonXSmilie"
1,2170,"Doh! how was that again?
umm... so Christianity's tenets can be also found for instance in ... Playboy?"
1,2171,More evangelical Christian brotherly love and understanding based on racial discrimination.
0,2172,Because it will encourage teens to engage in riskier behavior. Abstinence until marriage is still the best way.
1,2173,"I kinda took it as a little payback?Teen Birth Rates Higher in Bible Belt
gotta nice belly i guess.emoticonXFrazzled"
1,2174,Born again? Pardon me for getting it right the first time. ;)
0,2175,"The Polar Icecaps have been melting for the past 14,000 years according to experts. Many in the scientific community believe that it would be another 100-1000 years before the melting of Polar Ice becomes a factor in the rise of sea level. What they believe is more important is the thermal expansion of the world's water that comes with the increase in the oceans' mean temperature.Some predict that the rise in sea level could be 3' by 2100, so don't invest long-term in any beach-front property that isn't on tall stilts and you'll be OK. emoticonXGood"
0,2176,"Mmmmm, not necessarily. Many of the arguments of against gods (those with specific properties, not just a general diety) deal with incompatible traits, like a square circle has. One does not have to search the universe to know square circles do not exist.People state simple negatives all the time. The lack of evidence for the positive makes them reasonable."
0,2177,"""refuted?""   O'rly?   First they start off defining evolution as ""moleclues to man"" despite what evolution actually states. That further proves my point about strawman. They don't discuss what evolution actually is. Furthermore, the whole notion that increasing capacity and adaption is not increasing complexity is insane. If I take a simple structure, modify it to form something more complex, is that not a change in complexity? The whole idea that modifying DNA, changing it, removing and adding isn't actually changing anything is retarded.   And they are separating macro from micro. That's an invalid argument given that macro is nothing more then the aggregate of micro. A billion tiny changes makes a few large ones.   The second idiotic article cites Natural genetic engineering. Despite there being absolutely no evidence of this occuring anywhere."
0,2178,All of the points above should be considered if you want to produce a solid argument that a series of events actually occured in the past. If you wish others to take this seriously please produce some relevant evidence from a source that held to a higher level of credibility. By your standards I should make a thread based on the National Enquirer or Star about Kerry's life as a male gigolo or golddigger.
0,2179,Which of course says volumes. On the other hand such metaphors are appropriate in many cases. For example consider the vaccination program for smallpox which eradicated the disease FAPP. It was indeed a struggle and new tools and techniques were critical to reaching the objective. From Jenner to the end of the virus as a human pathogen.
1,2180,I note the bolding but the reason for it is as inscrutable as the peculiar form of what appears to be English which is used.
0,2181,"Or maybe it was his reaction to the outcome of Heller vs. DC, which resulted in the lowest number of homicides since 1966. The facts aren't on your side, Brady.   This is probably the only thing Obama ever did politically that I agree with."
1,2182,"Good idea...except we don't really have to elect him to any post...just send him over there. Hopefully, he would be beheaded by nightfall on the first day. emoticonXHoho"
0,2183,"It's certainly possible that God was the motivating force for the big bang, and tweaked the universal constants to give rise to the universe we're in now. Of course, when I say God, I mean a God. The one I just described doesn't fit the description of any diety in any religion that I know of. Some sort of extra-dimensional grad student may have created this universe in a lab for his thesis, and it would still fit the model I just gave.   And what do you mean by ""created evolution""? Do you mean created genes? Mutations? Do you mean what if God is directing mutations in a specific direction? Please clarify."
0,2184,"Who was Isaak? Where did he say this, when did he say this?"
0,2185,"**   Actually it provided proof that RMNS doesn't explain the development of hands and feet, but I don't expect you to be able to understand that."
0,2186,The question still remains as to whether this is negative intrusion (which is what the libertarians want) or positive intrusion (what the libertarians do not want.) Anyone with half a brain can know that it's intrusion. The matter becomes complicated when one tries to place it in the category of anti-murder laws or theocratic forced religion laws.
1,2187,"<whap> (slaps him in the face with a leather glove) Listen those so-called scholars are religious, not Christians."
0,2188,"Actually, the answer might depend more on the nature of the question, or the particular religious cult of the person being asked, etc. In questions of science, fundamentalists will tell you that the answer was revealed to them by their god in their holy scripture.On the other hand, you are characterizing religion as insanity. I think that you really mean that when religion is offered as science, then that is insane."
1,2189,"Because that is your only excuse? Sorry chum, you still don't get seperation of church and state. If you want to debate religion, take it to the religion forum."
0,2190,"If one can't attempt to falsify a theory then it is not open to science and therfore useless to science.
 
 It becomes simply an untestable belief."
0,2191,Finally someone answered the question. Thanks. I thought it might be the government.Does your government attempt to do this?What do you think about other democratic nations that have citizens that are less armed? Do you think that they're in danger - or is it only the American government that's out to do this?
1,2192,Your posts read like gibberish when you fail to complete the thought. Try to be more careful in the future.
0,2193,"Bertvan: I suspect that once those other processes are acknowledged, most people will realize it is unlikely that natural selection ever actually created anything. "
0,2194,Because Humphreys went out looking? How many should we allegedly find?
0,2195,emoticonXRolleyes And you say I'm crazy?! This guy interrogates rocks! emoticonXRolleyes
0,2196,"See Above.I can't help but notice your signature. What are you, Patriot under a different username? Bad show, Patriot. Sock Puppets aren't good debate form.Patriot-- About your statement that you've been vindicated. I hope you're just fooling around. :)TruthSeeker's first post doesn't even belong in a debate forum. She stated an opinion, and then stated absolutely nothing to back it up in any way. No evidence. No reasoning. Not one ""because"". Nothing. It was like entering a presidential candidate debate and saying, ""I think the other guy sucks"" and leaving. Hence why I asked her as politely as possible to elaborate."
1,2197,"I don't want to know you and you are doing my job easier by your ad homs. My job is to hold the mirror up to nature and make you look as bad as you are :)
"
0,2198,"I think according to your logic that the man ought to have the right to force the woman to have an abortion. If abortion is a legitimate means for her to rid herself of the responsibilities of parenthood, then abortion is likewise a legitimate means for a man who desires to rid himself of the responsibilities of parenthood. You have failed to show why this isn't the case. You have merely made a statement unsupported by any reasons."
0,2199,"Working on it. Apparently we are still waiting for to to be graded (it was really big, at leat 20 typed pages). I plan on buying from them when they get it back, and maybe putting up a whole page in honor of it. Partly because I think it is very telling, partly because I remember what it was like to be in college and get a little recognition for your work."
1,2200,You mean your hypothetical I presume? Murder violates the rights of the murdered by relieving them of their life. That's why it's illegal.   You're a bit slow I see.
0,2201,"This applies only when men strive...that is fight. If a man ""Accidently"" hits a woman while in a fight and causes her to lose her child then all he has to do is pay a fine. But if he keeps fighting and hurt other people he gets killed. Even in the Bible you dont get punished so severly on accidents."
1,2202,"You do realize you just disproved your own basic points yes? 
The pictures you posted are falsified because abortion clinics and small health clinics contract out to places to have their medical waste incinerated. 
Good job on failing to realize you just proved Cunx correct."
1,2203,"The question is do the dogs want to be protected ? Those poor dogs, for all you know they might prefer death."
0,2204,"Not in the concept of what God is like. Jesus, salvation, the afterlife are other topics. Believing that there is a supreme being is only one step."
0,2205,"And for good reason. Electrical engineers in general have a pretty poor track record when discussing issues that have nothing to do with... electrical engineering. Examples: Walter ReMine, Fred Williams, etc."
0,2206,Recent comparisons between the complete chimp genome and the human genome have found that possibly fewer than 3 million nucleotide differences exist in functional DNA.
0,2207,"Mach, your ability to make the wrong argument on the wrong post continues. I ask a question of this person, you reply not to them, but to me, and with ad hominem, and a 'just-so' statement."
0,2208,"So a free society is one where the goverment does not have tabs on their citizens? How could then the goverment work when it does not know who they actually govern? The foundation of economics is that you have correct data, else its the beginning of corruption not freedom. And since when was there a dichotomy between freedom and socialism? Further how does the usage of identification ease the rounding up of suspects? Wouldnt it be rather MORE risk to be rounded up if you couldnt identify yourself and thus automatically become suspect than be able to and take yourself out of the calculation?"
1,2209,"But maybe god does not hate gays, maybe he just hates the ones that demand to have sex with people whether they want it or not."
0,2210,So you disapprove of what these gun owners are doing? It's encouraging to see someone on the progun side who can think for themselves and recognize when other people on their side are doing wrong.
1,2211,"Evidently, when I include qualifiers you ignore those anyway...
I never claimed you ""said they were the only hurdle"".
But it was the only hurdle you mentioned in your earlier posts.
I quoted two posts of yours.
Care to show where you mentioned ""congress"" in those posts????
"
0,2212,So Lewontin is the person who determines the opinion of the general public or something?
0,2213,In your first post. If you are to qualify that by stating I assert that reproduction is not an absolute requirement of life over the ontogeny of an individual then of course reproduction is not essential character of life.
1,2214,"Wow, make up your mind. Either populations change over time (evolve) or they don't.   Would your wingless beetles be able to produce wings again if they were somehow beneficial again? You are starting to sound like Darwin and his finches."
0,2215,"Because, when each is in its natural habitat, they are reproductively isolated."
1,2216,"It will lose, mostly because it is true. Thanks for insulting instead of debating though."
1,2217,"What the heck did you have for breakfast today, huh? A bowl of nails and terpentine to wash it down? Talk about a foul mood. You've been to half a dozen threads just this morning launching personal attacks at everybody you come across, and most of them have something to do with 'I'm glad there aren't more people in the world like you,' or 'I hope you're the only ones the terrorists kill so we can get back to making this nation great,' blah blah blah. They invented things like Midol for moods like yours.
Just because someone doesn't agree with you doesn't make them stupid, or misguided, or immoral, or dishonest, or any of the other snipes you've been firing off. Lol, and you're telling me to not throw any hissy fits."
1,2218,"All sin undermines society, including illicit gay sex sin. Or have you forgotten Sodom and Gomorrah? Coming to a San Francisco bath house near you."
0,2219,"I believe you've missed the point. He's not against evolution; change of species over time into other species. He in fact, from what I can gather, does indeed believe in evolution
 
 He's arguing that it didn't come about through materialistic processes."
1,2220,"what other forest? By your logic there would only be one left in the entire world, and it would be what, the size on central park?"
0,2221,"It used to mean that, now it is just a screen name. I was a big fan of AMD back when I was invested in them. They are still a decent company but they can't seem to keep up with Intel.I like your screen name as well. Im guessing you got the idea from Braveheart which is my favorite movie of all time!"
1,2222,"Superglue! How you gonna make the DNA?
This is all facinating but it doesn't have a thing to do with information theory.
Copying DnA to do reasearch is a neat trick and quite useful.
Is there a point to this?"
1,2223,"Never said I had it mastered, Mr. unrepentant homosexual.
But love does speak the truth."
0,2224,"that is not true. a levitating guru that has been seen and proven to levitate doesnt make the process natural. an alien that has been seen and proven to teleport and abduct people in their retractor beam doesnt make the process less paranormal. the definition of supernatural/paranormal doesnt automatically mean they can never be observed, just that they defy physical law. the definition of God is a special case that includes never being observed/proven"
0,2225,"Again, true. But that doesn't take into account that there are two populations under consideration."
1,2226,"I'm not sure where you live, but round here natural sand gets made from a variety of erosion processes.
"
0,2227,"Quite frankly, one absolute certainty in science regarding homosexuality is that being gay IS NOT a ""choice"".   It is my personal opinion that anybody who proclaims that it is a choice is clearly demonstrating a lack of any real knowledge on the issue of a scientific examination of homosexuality."
1,2228,"So, all knowledge is ignorance, and all events not in the present are ignorance. I'm not following you here. How about we leave the definitions as they are, so that we can differentate true from false? Calling everything ignorance doesn't move us forward in the debate. If we accepeted your claim, we are typing ignorance and concuding ignorance, so what would the point be?"
0,2229,"So what we have here is a lie, based on a distortion, which is itself a fallback position from a fallback position from a fallback position from an evidence-free made-up graph about the magnetic age of the earth. And creationists say the truth is constant..."
0,2230,"so if for instance enough people think that to exterminate the Jews is good, then it has to be good? the rule of the mob rules right?"
0,2231,"No, there really aren't. As for Robertson, why do you think I said he was right (as in global warming is happening and we are largely responsible) by sheer luck?"
1,2232,"Is that your logic? Does the phrase, ""crime of opportunity"" ring a bell?"
0,2233,"Well then maybe you can prove it somehow. California has all these laws you support, and even more than that. So if they have these laws on the books and have had them for a while now, and if they're effective at fighting crime, then you must surely have evidence of some sort to prove your case."
1,2234,"Wrongo  STILL!
Ill explain below, because you continue to misunderstand simple English. It will be easier to confute you there.
"
1,2235,"You are the only one in this discussion that shows a predominant lack of logic or reason. Your position has been proven wrong, get over it ."
0,2236,"Not many women would say they had an abortion now, let alone back when it was illegal.It is an emotionally trying event. I can understand why she wouldn't for that reason alone. Another possibility is that the Administration is buying her silence, or it could be a combination of the two."
0,2237,"Only in the abortion forums, as this second post in this forum is a SEVERE breach in my standard operating procedures. I stumbled upon this forum when following a link you provided. I got interested and thought the record should be set straight."
0,2238,"One reason for conversion is that they do practice many religions. Jesus said He is the only way to God. I believe that, so how can I just turn a blind eye when people follow so many different religions? I would not be following the commands of my Lord."
0,2239,"What would you know about fair and balanced?   I know a lot of truths about gays. Do you want me to start posting incessant threads pointing them all out?   And I am the moderator for the formal debate forum, not the entire board. Want to debate me on the benefits of gays on society vs Christianity?"
0,2240,"Ah ha! Someone who understands the application of information theory to biological organisms. By the biological specific definition of information, the genome of any organism is information about the environment in which it lives."
0,2241,"That's an interesting subject, I had not heard of that b4. Did our bodies once produce Vitamin C?."
0,2242,"No. It steps firmly in the realm of REALITY Jyoshu.Have you never heard people talk about how police in an area respond in X amount of time for one situation, but for a different situation, like in a neighborhood predominantly black or gay or ___, the response time is four times as long?Have you never heard of how there have been cases where people have died because they tried to get medical help at the ""white"" hospital?Or how about you read about THIS case and tell me that these concerns aren't real..."
0,2243,More likely the criminal will shoot first rather than give the other chap a chance.   There is no real reason for the average citizen to need or have a hand-gun
1,2244,"The issue of self-control, Winston Smith?   Pray, does that ever apply to men?   Is there a ghost of a chance that maybe men should keep their trousers zipped and a certain offending member contained therein?   Or are you a proponent of belief in virgin birth, believing that only women are involved in a pregnancy?"
0,2245,"Really? Intra-species evolution and inter-species evolution are one and the same?   *edit*   I was reading on micro-evolution in wikipedia, here is what they had to say...is this incorrect?   ""Typically, observable instances of evolution are examples of microevolution; for example, bacterial strains that have become resistant to antibiotics. Because microevolution can be observed directly, both pro-evolution and some anti-evolution groups agree that it is a fact of life."""
0,2246,It isn't offered to make that assertion at all. It is offered to show that God values the life of the unborn if He will demand that a man responsible for causing its death in the womb be held accountable by paying the ultimate price.
1,2247,"I only insult Pricolo because is is a prickolo.
You insult EZ to sneer at religion.
Glad to educate youemoticonXIdea"
1,2248,Well you'd know fascist wingnuts for sure. Hitting a meeting tonite?
1,2249,And there is still no evidence on the table for YEC.
0,2250,"Because violent crime and violent criminals is something that I can't control. Heart disease, that can be worked on with good diet, exercise and medicine if necessary. It's manageable, controllable and can be avoided. You can't do that with a violent criminal."
1,2251,How gracious of you. I have not asked you to assume any morality when debating whether my morality is correct. Implying circularity is merely the excuse you've chosen.
1,2252,"So Simone, if the shooter had instead driven his Toyota Prius into a crowd, killing many as a result, would you call for banning Toyota Priuses?"
0,2253,"It's even worse than that. He isn't asking for info on how it works; if he was I would supply it gladly. He claims to already know that it's wrong, which implies that he thinks he knows what it's about. But despite already knowing what carbon dating is, he still needs someone here to provide an explanation before he can present his ""proof"" that it's incorrect. As Akbar says, ""It's a trap!"""
1,2254,There ya go again kronus. You can't refute my argument so you resort to insulting me. emoticonXFrazzled Thanks for being so consistent. emoticonXGood
0,2255,But that doesn't help much with calculating the length of a day from actual astronomical observations. Perhaps if we told Freeofthought that the current rate of slowing of the earth is 0.005 sec/year/year. I have no doubt that Freeofthought will misunderstand that number - it is a rate. Just assume that rate has been unchanging even though it hasn't been.A lot of the creationists misunderstanding comes from remarks like the following.
0,2256,"Well, here is my take on it. I really believe that only the truly evil end up in Hell. Those like Hitler. I think that anyone else goes to heaven - Wiccans, Atheists, Buddhists, etc. - anyone who follows Christ's message of love, tolerance, and acceptance, whether knowingly or not. Those who preach hate, and those who act on that hate, like Hitler, the KKK, and any other person/persons filled with hate (sad to say, this seems to apply to our own friend Archie here) are the ones who will end up in hell."
0,2257,"putting words in my mouth again? i did not say christian, i said ""God"". Christian, Jewish, and Muslim all believe in the same ""God"".   - XXXXX.   i'll let Crim and Lurch respond to the others; lets not let me have all the fun."
0,2258,"The meticulously preserved, unchanging 66 Books of the Bible aren't compelling?"
1,2259,"Did you actually read it? I suspect not. Did you think that I wouldn't? I suspect so. Did you think that no one here would have any knowledge of good old ""Kimisaurus"" (that's what it was tagged when Kim was telling us about it)? I suspect so.
"
1,2260,"I think that is true of so many things. Wanna screw something up royal? -- add humans.
I heard once that a gallon (or maybe is was a barrel) of Coca Cola (syrup) is more expensive than the same amount of oil. Things that make you go hmmm."
0,2261,"Incorrect.   Evolution is not something that must be adhered to. It is a scientific theory. As such, if evidence was brought to light that evolutionary theory couldn't account for, then the theory would be altered or scrapped. It's really quite simple."
0,2262,"Yes...if you ignore people, they eventually go away...except for me, of course."
0,2263,I have never said anything about not defending it through armed force. I just don`t believe that you need an armed populace.
0,2264,"Exactly. That the change in moth color was due to natural selection was first posed in about 1896 by J.W. Tutt. The funny thing is that as pollution increased, the moths turned black, and then as the pollution was cleaned up, they turned white again. carbonaria have become pretty scarce."
1,2265,depends on when the baby bird died.   run along little boy..let the adults debate.
0,2266,"Actually, my wife and I discuss evolution all the time. She's an evolutionary biologist. She did feel as if she had some duty to watch the show, just to stay on top of the sorts of things being said. She just has a low tolerance for willful stupidity. Which I totally understand. :)"
0,2267,"Accidents for one. Just last week a man who was drinking and cleaning his firearm accidentally shot and killed his daughter. Run a google search for ""man shoots self"" the amount of accidental shootings is rather disturbing yet funny. Most of these however are due to improper gun safety though."
1,2268,Well it depends he could always be a sperm donor or make some Lesbian couple happy :)
0,2269,"Actually, it is quite correct. You misunderstand. The text book was trying to make it simple so that you would understand. The text book wasn't simple enough. The first record of carbonaria was in 1848. The discussion you quote was trying to explain quite simply, so that you might understand why the change took place. There is no record of anyone ever seeing a carbonaria before 1848. It is probably a safe assumption that an occasional mutation caused some to be born from time to time, but they were not able to reproduce to the extent that they were ever noted before 1848."
0,2270,"Actually, that's what they call most of the people that come in to contact with me."
0,2271,"Yes, but this is why I brought up the bible, because that would be an alternate reason that would not be caused by homosexual brains that could occur in cultures supportive of homosexuality. I believe that you are right about Japanese culture, if you delved into it you would find there is not a genetic but cultural cause for their high suicide rates, but I believe that you would find the same thing with homosexuality."
0,2272,"But the responsibility does not end with the woman who experiences the pregnancy. If it did, then men would not be required by law to pay child support."
1,2273,you always run and hide behind Bryan like the true coward you are
0,2274,You have to have a planet for evolution to occur on. It has to fit into the timeline . If it does not fit evolution is impossible.   Yes I do agree with you on the second point.
1,2275,"Is this where you fall to your quaking knees, frothing at the maw, shouting halllalujah hallllaaaaalujahhhhhhh"
1,2276,"Dude, you only figured that out now? 
I'm disappointed in you. 
just joking. Everything he states has a hidden agenda."
0,2277,"It can't come up with evidence if it's suppressed from future generations. Until you can show that happenstance origins are science, you have no basis to declare that intelligent design is not science. I agree that I haven't shown how ID has a potential advantage to the political corruptness of today's scientific community, but I've shown it's potential advantage to our society. I've shown how thinking is involved with it, the type of thinking involved in any school class involving philosophy, which you said science classes should have."
0,2278,"But the question is Can you prove your belief system is true? And all you've done is spew hate for religion but haven't even tried to actually answer the question. And ask yourself this. If the idea of God is such a man made plague, then God doesn't even exist right ? So if God doesn't exist then what has He done to you to make you so venomous and angry at him ? Why would you be so angry at a non existent being ? I challenge you to come up with a rational answer."
0,2279,"The VAST majority of abortions are performed within the first trimester. When they are performed in the second trimester it's a serious procedure for the mother to go through, and is something she obviously wouldn't go into lightly. Her reasons for choosing an abortion as late as that would have to far outweigh anything else, and she would need consent from two doctors to go ahead with it. Basically what I'm trying to say is something like the foetus being developed enough to feel pain would not change the mind of a woman who had just found out she was pregnant and she'd been raped, or was going through something you can't understand. For an abortion that late she'd have to deliver the foetus anyway, which is traumatising enough. "
0,2280,"You presume correctly, sir.  Overall the USSR could produce almost the same level of technology the US could during the cold war; however the restrictive nature of Soviet society during that time I believe quashed the possibility of many bright Soviet citizens to be better educated, and eliminated the possibility that many of them could reach their potential. I hope the situation is improving there; guess we'll find out in 50 years.   Another factor that contributed was the fact that there are more remote and undeveloped areas in the former USSR than in the US, which supports the idea that parts of the Soviet Union were (and may still be) less developed."
0,2281,"Just as you are uninformed on the other subject?
 I honestly believe that is the only reason you don't at least partially accept evolution."
1,2282,"Ooops, typo. Sorry, my bad. I imagine that it is equally as hard to smuggle a gun into the US as the UK however, although don't let that dissuade you in your search for tiny holes in my argument. If a typo that didn't really change the point of the argument was 'the abyss', I'm quite proud of myself.
"
1,2283,"Well, in the case of a creationist, the bias determines what evidence will be discarded, what evidence will be twisted, what evidence will simply be ignored."
0,2284,Wrong and no one has ever called bone marrow an inner sanctum and I don't know what a baby's tabernacle might be.
1,2285,"You were the one shooting blanks. If there was one you were real proud of in the NT let's see it again.
In the meantime I'll give you an example of your stunted Biblical understanding below.
"
1,2286,Interesting. What virus did the Nazi's blame the Jews for causing? And post where I called for the extermination of homosexuals if you can. emoticonXConfused emoticonXRolleyes
0,2287,"The 2020 Global Food Outlook answers this as it says that a greater demand for vegetables will correspond with higher prices of vegetables in developing countries. Many articles acknowledge that starving people cannot afford much of any of the food for sale around them, and a greater demand for meat does not necesarily mean a decrease in demand for vegetables as populations grow globally. Since increasing meat consumption is irrational because it will not feed the poor and it will do even more damage to the environment, again, the solution proposed is to support the initiative for developing nations to become more self-sufficient in growing plant foods for themselves."
0,2288,Look up the evolution of colour vision in primates. It's my personal favourite - but what do you think?
0,2289,"So basiclly the equal protection argument will help us based upon sex.
 
 There is also this at the end"
1,2290,This is more of a creationist circlejerk than an actual discussion.
0,2291,"Lurch, I don't appreciate your condescending tone. If you want to challenge my assertion that you are a pompous XXX that jumps to conclusions, you will need to be a little less judgemental and start thinking outside of Darwin's Black Box."
1,2292,"A tenth grade education? Why am I not surprised. That explains why you swallow this evo dung, because it makes you feel smart and enlightened. It is the most popular form of intellectual masturbation for the uninformed and pseudo intellectual today; not to mention the religion of the Natural Man. And here's a clue for you buddy, don't believe everything you read on the internet. Try using common sense before swallowing this tripe and if you want to exercise your common sense muscle, go back and reread all of my posts and try to answer all of my questions objectively. You know, those questions that you and every one of your compadres have completely ignored and not attempted to directly answer at all."
0,2293,"And you know what? No amount of epigenetic change is going to turn a fruitfly embryo into a human. One of the reasons they are different, and subject to different epigenetic regimes, is because despite genetic homologies (which evolutionary theory predicts), their genomes are significantly different. They have some different genes, in different quantities, and in different arrangements, and that is critical. Epigenetics alone can't take one species and turn it into another, so far as anyone knows. It takes genomic restructuring, and that happens only through genetic mutation."
0,2294,"I've been around the creationist/science discussions for a number of years, about 20 or so. The ""you believe in evolution"" argument has been around for at least that long. In my experience it has been a waste of breath to try to convince creationists that I don't believe in evolution any more than they do. As I recall, the argument was even presented in a court case back in the late 60s, or maybe it was the early 80s. I could be wrong. I'll have to check on that."
1,2295,"God love the world so much he inconvienced himself for 3 days. 
Pretty bloody , insisting on the sacrifice of your own son .. so pay yourself for the sins of others."
0,2296,"I know these statements are a bit hostile, but arrogant ignorance just ticks me off.   What makes you think you have the knowledge to post on a thread like this if you didn't know that the Buddha never even claimed to be God?"
1,2297,"If you arent smart enough to figure out what I said there, then you're hopeless. Do you not understand the meaning of YOUR? Do you not understand the meaning of the word TOP?"
0,2298,Because it was reported that every U.S. medical association was against the ban. My only source was MSNBC.
0,2299,"If we were created in God's image, then it would make sense that equally our emotions are a reflection of God's emotions. That our emotions are imperfect versions of his.   Of course I would personally say that when man invented god, they felt the need to give him human characteristics in order to make their invention more understandable. And to assist in the oppression of others by the ever-present threat of an 'angry god who will smite you'. An 'ambivalent god who is above that sort of thing' just isn't as good at convincing people that whatever you say is right."
1,2300,good thing this argument has never been done!...oh wait. With that logic we should make everything legal. You are much better off making theft legal and safe (no more guns needed!) than to have it illegal and dangerous.
1,2301,"You've been drinking more of that left wing, Obama Kool Aid. 
Here's what I wrote:
""...you prefer San Francisco bath-house morals, don't you?""
So you do have morals, unless you want to admit that what goes on in San Francisco is morally bankrupt. 
Pick your own poison."
0,2302,"Then why does the NRA use that quote at this link? 
 http://www.nraila.org/Issues/FactSheets/Read.aspx?ID=108"
0,2303,"Actually, I had no intention of responding to WW. As I'm sure you can see by now, he doesn't actually respond to what's written, but rather just engages in lies and insults. He's not worth the effort to debunk; he's self-debunking."
0,2304,"And that is meaningless babble. Evolution is a process that has been observed whether you like it or not. It is not a moral statement nor is it a statement of faith. It does not deal with government, laws or culture. Whining about it won't change it."
0,2305,"well then back up your claim. Saying ""I'm sure that..."" doesn't make it true."
1,2306,Well lets speculate about how many possible explanations we could concoct if left to supposition. I'm talking about the only two explanations for the origins of life that have ever been entertained as viable empirically testable concepts in modern science.
1,2307,"I like the idea of sterilization for rightwing Christian extremists, like AA, but it is too late, he's already reproduced."
1,2308,I am curious as to how you determine whos middle class on this forum. Do you have a crystal ball or simply discern peoples classes based on whether they agree with you or not?
0,2309,"Because quite simply, it is all what we observe. One has never observed a mutation that has been seen to increase the information in the genome. If there have been any mutations that have led to an increase in information, please state it."
0,2310,"Well be cynical if you want, if someone in your family had done as you ascribed you wouldn't be here to be so glib. Nor would the human race or any other species where penile-vaginal sex takes place. I guess all those years of biological reproduction show it. You will also notice I didn't make it an absolute statement. I said ""minimal or negligable physical damage"".I understand that female biology undergoes truama too during sex, the fact is the trauma of vaginal sex i.....1. more forgiving and 2. Obviously possible of greater/important final result. And um, like with lesbian activities, the size of the ""peg"" also matters so how do you know lesbian activities are a lot less harmful."
0,2311,"this statement isn't logical.It does not follow that if the person who creates the laws has to therefore follow them or can't change them...or even that they apply to him. If a teacher says ""no talking in the classroom"" it doesn't apply to the teacher now does it."
0,2312,"It's all very interesting, but you left out a critical piece of information. You deliberately omitted the fact that most of the black victims were killed by fellow blacks. These weren't murders carried out by racist white guys, they're the examples of black on black violence."
0,2313,"And here you reveal your prediliction for reading what you want to see into the words of others. I described materialism embracing new forces and phenomena which have withstood the rigors of the scientific method. I explicitly described science as a methodology, not a philosophy. You are wrong about me, WW, and the longer you pretend otherwise, the more time you're going to waste on strawmen and the more chances I'm going to get to make your arguments look silly. It's up to you. Argue with me, or argue with the person you want me to be."
1,2314,"Yep, definitely flaky.
He offers something for which he can offer no evidence as being the 'absolute truth'. Delusional.
He's like Cadbury's Fruit and Nut (but with out the chocolate or raisins)."
0,2315,"I know the Pygmies live in Rain Forests now but these evolutions took place, according to you more than a hundred thousand years ago at the very least when the Weather patterns were completely different in Africa and everywhere for that matter. In addition, the OP states 5 genetic clusters based on 5 geographical Continents, that allows one for Africa, yet from that single cluster we get the shortest people on Earth and some of the tallest. Doesn't that cause you to question the reasonableness of this so called theory at all ? Or do you just blindly accept it because it comes to you in the guise of science ? And if it's science then it must be right, right ? emoticonXRolleyes"
0,2316,"Because of? Hardly. I feel it does change the morality of it, but it is not the sole criteria."
1,2317,John/John would figure out a way for the American taxpayers to foot the bill.
1,2318,"I take it that you are not educated about maternal mortality in pregnancy, then?
"
0,2319,"Very well said. However, we also believe that gun owners should get as much training as possible, necessary, desired etc. It just should not be required to participate in a Right Recognized by your Constitution as Inalienable, and therefore protected. That sets a bad precedence for the rest of our Bill of Rights. However, safe handling of any potentially dangerous tool is just common sense."
0,2320,"I think it's true. Why would someone make that up and pass it off as a real event?   I think the continents probably started separating some time after that, which is how God separated the people."
1,2321,"You know my answer: There is no god and no one ""created"" mankind. But the discussion over the existence of god belongs rightly under ""Religious"" or ""Philosophy"" section, not abortion. 
Is this one of the tactics you fundies frequently practice? Change the subject when you are about to lose?"
0,2322,"Just to point out, the class that ID is being taught in is a comparative religion class."
0,2323,Actually it uses thymine. Tyrosine is an amino acid.   I'm not sure but I'm sure that someone is.   But the glory of the internet doth provide:   http://www.madsci.org/posts/archives...4206.Bc.r.html
1,2324,Maybe I wanted it from a source that was worth looking at
1,2325,It's ironic that you should talk about lack of evidence. At least we have a source to believe.
1,2326,You know what I find amusing here...your entire argument revolves around how it will affect your wallet. Forget about the lives of the people who are denied rights in this country that you take forgranted. That is the true christian-American spirit isn't it? Oh how proud our forefathers would be if they could see us now...oh wait...most of them owned people...nevermind.
0,2327,"""A story in some early editions of yesterday's Daily News incorrectly reported that gun-control advocate Sarah Brady may have skirted Delaware's gun laws when she bought a rifle for her adult son but did not declare who was going to own the weapon.""The Delaware Department of Justice initially insisted to The News that gun purchasers must declare who the weapon was intended for so that person's background could be checked. Yesterday, a spokeswoman for the Delaware Department of Justice said it misinterpreted the law and that Brady was not obligated to state that the gun was for her son as long as he was legally qualified to own a firearm.""In addition, a spokesman for Brady said, 'Sarah Brady told the gun store that the gun was for her son and filled out the forms that they asked her to fill out.'""The News regrets the error.""CORRECTION"
0,2328,"Actually, it is. There are multitudes of known characteristics that have been shown to be the result of a single point difference in the gene. The discovery of regulatory functions of some translated segments of DNA does not in any way discount what is known about gene function."
1,2329,"Am I suppose to take that as an insult or just a passing remark,hmmm?"
0,2330,"I see a subtle distinction here. Creationism is concerned with the spiritual origins of people. ""Evolutionism"" is entirely concerned with explaining the nature and history of the physical world. The conflict of opinion arises out of the importance of the detail- can Genesis be accepted as a parable which contains a fundemental truth or must it be taken as a historical account?"
1,2331,"So Steeeeve, you think that ""fewer than 1000 deaths"" per year is a reasonable price to pay for outlawing elective abortion?   And to add to what simone said figures on abortion as quoted by a site with a Roman Catholic agenda are one of the least unbiased souces of information you could cite in this debate."
1,2332,"And here it is, corrected to remove that little hint of sensationalism that you feel is needed to drum up support for your cause."
1,2333,"Considering what the TOE says, if a dolphin ever gave birth to a chipmunk, it would disprove evolution."
1,2334,Got to watch the sneer and smear channel. Rachel Maddow will be frothing out of mouth and nose.
0,2335,Right. And that is the reason for peer review. Creationists don't subject their ramblings to peer review. That is why so much care is devoted to the proper construction of experiments to test the hypotheses by real scientists. Creationists just invent ad hoc stories without any experimentation.
0,2336,"Really, then show me how I'm wrong - without dogmatic statements. I would suggest, given the fact that you feel the need to ignore science, deny obvious facts of reason, and cling to evolutionary theory, that it is you that has the problem with religion - your naturalistic religion. I would further suggest that you stop attibuting your personal opinions to science, and start calling your comments what they really are, personal opinion.   -By the way, is everyone who disagrees with you promoting a ""religious agenda?"" Where have I leaned on religion to make my point? And what makes you think that I need religion to defeat your postion as I have here? I've used science, scientific journals, and good sound reasoning to defeat your comments. I suggest you rethink what you're saying. It sure sounds like you're the one with the ""religious agenda."""
1,2337,"That link reads more like a children's story book than a science text.
I wondered what they could come up with, I guess the answer is nothing.
Waxy"
0,2338,Your XXX-umption that is a poor attempt to certify a false delimma has long been answered. How many people have been killed in Africa with short handled hoes and machetes? Nary a gun amoungst them.
0,2339,"Well, this comes from the same people who invented the death pannels. The truth is that all the developed countries (all of Europe, Canada, Japan, Australia, New Zealand, Taiwan, Israel) have universal healthcare. Their COST per capita is about half of ours. They have better outcomes.Universal healthcare has been tried in many places and it does work. What does not work is our current system. Wellpoint has just increased premiums by 30% even wiyhout a reform bill. They spend 30% on administrative costs.BTW, do you oppose the bill that would force them to limit the administrative costs to 20%?"
1,2340,"When he was standing there on the podium accepting his Nobel prize I could tell he was thinking to himself, ""If I could just get a little bit of respect from Jim's Trucking, not necessarily admiration, just a little respect..........................."" ;)"
0,2341,Where has it been shown? How is it used to make predictions about species chances of survival for the future?
1,2342,"
How do you KNOW Bush let's Cheney run the government..oh yeah, that's right, CNN/CBS told you. So you will knock one of the greatest minds this country has because he has a bad heart and can't stand for long periods of time? What a goober, so I guess Stephen Hawking should die too, huh?
"
1,2343,"Certainly a term Id never heard of; not even wikpedia has it.
"
1,2344,"Ahh...I perceive that Cauchy3 or one of his descendents has made it to this site.
Friends, we are in for some surreal poetry!"
1,2345,"Yippie doo! A 23 year old quote from an ornithologist defending his point of view. And his point of view has (or had) merit. But since then, several feathered dinosaurs (not birds) have been found. It has also been shown that the difference between a scale and a feather may be no more than a single point mutation. (You do know what I'm talking about, don't you Calli? You do know what a ""point mutation"" is, don't you?) Bottom line is that there may be no intermediate between scales and feathers. A single point mutation produces feathers from scales. Various kinds of feathers require only further mutation."
0,2346,"You know, I would be fine with that as long as it were truly a middle ground. If that term were used equally among straights as well as gays.   But it's just a term. The same as with the term ""marriage.""   It's just a term. Just a word.   Personally I feel the government needs to get out of the business of marriage altogether.   Let the legal term be agreed upon unilaterally."
1,2347,"No, SS. I've made it quite clear I have no intention of pandering to your ignorance which you hold so dear. pandion has answered all your questions before in rigorous detail, and you've ignored his answers. I feel no need to join that club. If the day ever comes when you don't feel the need to protect your ignorance, if you ever trully wish to expand your horizons and actually learn, then go out and get a genentics book as I recommended. Till then I see no reason for me to engage in a lengthy explanation which you won't even read. I'm sure you'll twist this in your mind to indicate something profound, but then I really can't be held responsible for whatever goes on in that skull of yours, so I can't worry myself about it too much."
1,2348,Well we know what youve been smoking. Talk about a freudian slip.
1,2349,"It appears that peddler is finally open to learning new things! (Unless, of course, peddler is simply being facetious... which is not obvious from the immediate context.)"
0,2350,"I think a more telling question would be, why the hell would you rather feel constantly threatened than feel safe? It seems completely idiotic to me.   Smiley"
1,2351,"Oh my goodness. This is a trick called semantics.   I guess you got sucked in.   Yes, abortion is used as contraception unfortunately."
1,2352,I didn't know that doctors have the constitutional right to perform abortions. What provision in the Constitution guarantees that right?
0,2353,"To say nothing of the possible threats to people's safety, if not actual acts of violence."
1,2354,Asked and answered a dozen times now. How sad that it's beyond you to comprehend or grasp the answer I have given. emoticonXRolleyes
1,2355,"Try and comprehend this child, your siggy is your OPINION. It is evidence of nothing real or imagined. Only in your mind does it prove anything at all.
"
1,2356,well if I don't get an answer here I'll just spread it around the whole internet. Fine with me.
1,2357,"If you weren't a newbie, you'd know that I was anti-abortion."
1,2358,"It was a troll. Now that we've activated email response, it could take another look or expand some mail list."
1,2359,"
So what do ya Say! Come On. Be reasonable! Do it for the children! Or don't we care about these children because they weren't hurt or killed by a firearm?"
1,2360,"And we all know when you say ""We"" you mean your buddies the Mormons and their Money are the ones voting down such bills.. It's just a matter of time before people start to wake up. Once they realize they've been duped by an invisible man they'll do the right thing and give gay people their rights.
"
0,2361,I believe I said I would change my view. I will change my view on the issue of whether homosexuality is genetic.
1,2362,"Well I hope the forest continue to get replanted. But just because there is no reason for change doesn't mean things won't change. It doesn't mean things will change either.
By the way, is this thread about enviromental issues or math problems?"
0,2363,"Yes, it does have value only if the woman wants it, in the early stages, when it doesn't have sentience, only potential and DNA. Because then it has value only because of a woman's wants and choices and her dreams for the future. Nothing else gives it value."
1,2364,well that could happen if somhow you mutated into some..i dunno...600 armed person. ?
1,2365,I've got to concentrate...concentrate...concentrate. I've got to concentrate...concentrate...concentrate...Hello?.. .Hello?...Hello? Echo...Echo...Echo...Pinch hitting for Pedro Colon...Manny Mota...Mota...Mota...
0,2366,"it can be cared by anyone who wants to care for it. a 1-day-old baby is a natural citizen of the country in which it was born, and therefore is protected by the law of that country. killing the baby would be murder.   a person being dependent on someone else does not mean that the host can kill the dependent person at their discretion."
0,2367,"Well, that's your claim, anyway. Truth is that billions of theists accept evolutionary theory as is and reject the standard ID arguments."
0,2368,"So, you got your tubes tied because ""With womens right's getting shredded in the debate over abortion, fewer and fewer women are going to want to even risk have sex with men at all. It'll cause a wave of abstinence and imprisonment that will cut succesive generations in half. That'll even further errode the solvancy of social security."" Why would one get their tubes tied if they were swearing off men? emoticonXConfused And do you really believe the rest of the load about imprisonment and SS solvancy erosion, too? emoticonXRolleyes"
0,2369,"Actually, it's not. The big bang theory is also science.   What exactly do you think the big bang theory is? What evidence do you think supports it? What evidence is there against it? why do you disagree? What is your education in cosmology - in other words, why is your disagreement rational?"
0,2370,"It is horribly oppressive of women, though, to oppose both abortion and contraceptives. That means that women will have no control over their pregnancies at all."
0,2371,Then you are just throwing around words without knowing what they mean. Instead you give me a link to a page of pseudoscience. Are those the ones who lied to you?
0,2372,yeah but they also might not care! i mean they might have a gun themselves!
0,2373,"I think you nailed it! I also think that if you are willing to give up your relationship over religion you could be on the border of addiction not faith. (not you personally, but rhetorically)"
0,2374,"But we certainly have the right to evict such persons.   But then, regardless, the embryo is not a person."
1,2375,"You say they are not baby humans, but then you refer to them as corpses. A corpse of what????
Can you say...D E N I A L?
:)"
1,2376,"We've posted this excellent piece before. The anti-gay crowd (even the anti-gays who surreally style themselves as ""pro-gay"" -- so they can bash gays and still get into heaven...they think) NEVER respond to it, so thoroughly does it explode all their pitiful ""arguments."""
1,2377,"Kudos on the arrogant, hateful stereotyping, wabbit. Ask around. Not all of the ""infidels"" on IIDB are atheists. If you can't even get Oolon's name right, you clearly haven't spent enough time there to know. In fact, everyone should just go to Oolon's page of God's Greatest Mistakes and see for themselves."
0,2378,"Actually, selection occurs by differential reproductive rates. What this means is that organisms which reproduce more will have more offspring than the others (obviously). Therefore, traits that help organisms reproduce will become more prevailant."
1,2379,"I see! So God is like an abusive parent. ""I love you! Do what I say! No, I'm not going to give you a reason!"" <slap> ""I still love you!""
What a temper God has! Maybe he needs anger management.
"
1,2380,"He was only the second president in history to be impeached! Certainly you might consider that at least a tiny blemish on his ""sterling"" presidency?emoticonXFrazzled"
0,2381,Pro choice is pro child is pro family.   Having access to contraception and to abortion if contraception fails or for other reasons strengthens the family.
0,2382,"Yet according to PP themselves, they provide FAR more abortions and EC services than any of their other services. :PPPFA Services (2002-2003)Surgical abortions: 227,385 Emergency contraception: 633,756 Prenatal care: 15,860 Adoption referrals: 1,963 (Source: www.plannedparenthood.org)"
1,2383,Thank you for this thoughtful exposition on the historicity of your loving mentor.
0,2384,"I have a feeling that the tradtitional marriage the Dobson is refering to is only about 100 years old. Hardly traditional if you view it in the perspective of history. Up until the turn of the 20th century marriage was about property. The man physically owned the woman and the children. I sometimes laugh at these cithgaps, espically the women, when they talk about defending the traditional marriage. They are trying to defend a redefinition of something that has allready been redefined."
1,2385,"And with your current attitude and those like you, you will lose again..........Hey I love it............keep up the good work......
I don't think I could have the hate for someone that you have but if I did I would definitely move on to a place like Canada or Cuba where the majority agree with my beliefs.........
That is just me though..........."
1,2386,"Which you would do by having teachers teach kids that being gay is alright. You would teach those kids, against their parents wishes, that being gay is alright. You would do that after you make it legal WITHOUT A POPULAR VOTE. Seems that you really don't give a rat's XXX about this poor dead kid at all. You just see his corpse and throw him on top of your gay marriage banner. How noble of you. 
"
0,2387,"And what did I say? 
 
 I quoted the title of the video, said ""Enjoy"" and labeled the link ""link""
 
 So how is saying ""enjoy"" and ""link"" which were MY words mockery? The only thing that suggests otherwise is the VIDEO's Title, which I did not create."
0,2388,No proof anyone ever went from gay orientation to straight orientation.
0,2389,"To be constantly told I've been defeated by pseudo intellectuals who constantly claim victories when there is absolutely nothing to be gained from debating here shows just how lacking of any actual intelligence you people possess. But you sure feel smart after patting each other on your sanctimonious backs after convincing yourselves that what you know is actually correct when it is no more correct in reality than your warped and very corrupted World views.   I will proudly stand alone against your combined self perceived intellect, and most importantly, I will confidently place my beliefs against yours at the end of this life when the true answers to the questions we debate will finally be known. And at that time, this ignorant christian will be standing tall in his knowledge as you all regret everything you have ever believed in your lives."
1,2390,"I did not know that Obama was of low IQ and a conservative, for he is most assuredly a racism and bigot."
1,2391,"Perfect. A creationists caught repeating the same refuted arguments on different forums. Resistance is met, run like a coward to another forum."
0,2392,"Well, you know what happens when they try to eliminate waste. The opponents start screaming that the government is ""rationing"" health care.   In any case the inclusion of the 40 million uninsured wil be financed mostly by waste elimination. At least it is a start. The status quo is untenable.   The essential point here is that the universal healthcare systems in Europe, Japan and Canada deliver MORE healthcare for less money. It is not the case that in Canada, healtcare is in short supply because the government is rationing it. They are ahead of us in all metrics except waiting time for non-essential surgery. One example is the waiting time in emergency rooms as some of us have actually experienced. We may not be able to achieve the same efficiency overnight but we have to stop putting our head in the sand."
1,2393,"No. What the doctor was doing was going to church. He was not a monster. He was not a ""sicko."" He was a murder victim.   What his murderer did was murder."
0,2394,I'll let you know to what extent the movie documents it. I'm off to see it in a few. :)
0,2395,"Yes, it is interesting how we draw an arbitary ""legal line in the sand"" with regards to determining how late into a pregnancy an elective abortion is available."
0,2396,"Yes because it is ""officially"" a life.Whether a person believes in life at conception or not they all agree it is life at birth and half way through life it is still life and right before death it is still life.If she does not want the child she can refrain from sex,use a contraceptive or abortion.If he does not want it he can refrain from sex (not likely for men),use a condom (not a guarantee to work),have surgery (hard to reverse) but that is it.So if he was to use a condom and get her pregnant she still has the last option."
0,2397,"Actually, the process of fossilisation is not slow and can be done relatively quickly. All what you need is for sediments to quickly cover a dead (or an alive body - as what would have happened to Noah's Flood) and hence, fossilsation can occur rapidly; evolutionarly speaking, fossils take millions of years to fossilise a bone, but unless the bone is covered by sediments quickly, the bone will never fossilise. "
0,2398,"This assumes brain-dead is a logical choice to consider one dead. Even so, it proves nothing about when life begins. What says they have to be the same? This is a classic example of a conclusion not following from the premise."
1,2399," and that any consistent pro-life advocate must urge any mother who accidentally loses her child due to actions she undertook  be charged with manslaughter.I wonder  is this actually the case?"" That's a good point. We need to outlaw miscarriage. After all, women knew the risk of miscarriage when they had sex. "
0,2400,It doesn't matter whether it is religous or not. The odds of anyboy being fired over such a thing are slim to none. Morning after pills can not possibly make up eough of any given pharmacys revenue to make it worth the expense of replacing a skilled employee.
0,2401,"Not at all, more stories that have been fed to you. The notion of a literal Genesis was rejected two hundred years ago, when no evidence of it could be found. the leading scientists of the day were often also trained in divinity, so they were looking HARD for it. But they had the integrity to admit that it wasn't there."
0,2402,"**Here you reveal exactly what I've just spoken of--you assume that science and the scientific method equates to, is synonymous with, materialism/mechanism. It most certainly is not. Nor is the accompanying assumption, i.e., that any science which does not strictly adhere to materialust/mechanist assumptions, is not, and cannot be, real science. Equally untrue.Both assertions are unnecessary to an objective approach to science, per se, but are part and parcel of an emotional defence of materialism/mechanism and its biological aspect, RMNS darwinism."
0,2403,"Yes, it is, and I'll gladly excuse his grammar compared to my zero ability in Hungarian."
0,2404,"Yes I know, a lot of people have done a lot of work to try to refute Behe's work. From your link;"
1,2405,"You resort to the Bible, just in whatever way is convenient to what you want it to say. Just like fundies do. Zardoz, the problem is that when you play devil's advocate (which you like to do), you ONLY take a fundie approach toward the scriptures. In fact, you're often more fundamentalist in the way you approach scripture than fundamentalists. You'd make a good fundie, the best of them, I suppose."
0,2406,So you think that people that express a different point of view than you are doing something illegal? You must disagree with freedom of speech. You're a scary guy.
1,2407,"Yeah everyone knows its wrong to make a graven image dont they Einstein.
You are really stupidemoticonXChicken"
1,2408,"You're deluded. Typical left-wing nonsense. No one can ever intellectually oppose the radical left on merit - they must be racists. Sure, Chester. 
You people are the worst racists of all, as we see in your quote above. And you're too blind to see it.
"
1,2409,"You mean the malcontents bred? Oh Noes! Who are the ""we"" who get to do it back, and whose army will you borrow to do it with? the present bunch of obese felons are already struggling to cope with their present duties."
1,2410,I dunno. Those Priuses are so small inside and out. How much explosive compound could Hasan fit into the thing and still be able to get in and drive it?
0,2411,"Wouldn't it be wonderful if every woman in the world had access to decent prenatal care, if every woman in the world could be guanateed safe childbirth, wouldn't it be wonderful?   The entire series is at:   http://www.nytimes.com/2009/05/10/opinion/10gift.html   And, if men had to suffer the torture of being in labor for a week and having their insides torn out, don't you think the male-centered world would truly care more about the welfare of women and children?"
1,2412,Oh. Then you're just a dupe rather than being dishonest. Your information comes from a moonie. Funny that the Discovery Institute doesn't mention that. The fact that he decided to study biology with the express purpose of disproving evolution. So he had made up his mind that it was wrong before he undertook to find out what is was. Wells was encouraged by the Rev. Moon. He is known selective presentation of data.
0,2413,"Again, name one that is presented in high school. In fact, name several since you seem to think that there are several. And it really doesn't matter how many times you squeal about how you aren't talking about YEC, you are. You have been duped and you didn't even know it was going on. Why do the people of Kansas elect scientific illiterates to make decisions about science education. Why did they pay a panal of 27 scientists and science educators to write science standards, and then throw them out?"
1,2414,"Uhm, no. 
Not even close.
Since Ice Cream came BEFORE Baskin Robbins, but Liberalism came BEFORE the NY TIMES. It's not even close. You're putting the horse before the cart. 
Try again, and this time, know which came first..."
1,2415,"What exactly are the age ranges of these ""children"" in the news stories?"
1,2416,"Winning any political election has never been about electing the ""best"" man for the office, it simply means you appeal to the majority of people that showed up to vote. Smartest and most popular aren't necessarily the same person, if you went to school you probably remember that. ;)"
1,2417,"So somebody try and tell us, that with stuff like this going on, that America still needs to overhaul its gun laws to bring them more in line with those of Mexico."
1,2418,"Thats funny, because these scrambled eggs sure don't taste like KFC to me."
1,2419,"I think if you pay any attention, you'll find only hetero characters in Dr. Seuss. I'm sure if there were any suggestion of gay Whos for Horton to hear, the right-wing, anti-gay, pseudo-christians (specific enough for you?) would be trying to ban Seuss, too."
1,2420,I didn't know neanderthals like you and Mr. Grimm had the social graces to know what to do with toilet paper.
0,2421,"Actually the Bible has changed, not to mention had omissions."
1,2422,"My thoughts are my own, not from some 2000 year old Book that makes as much sense as a bag of Rocks. And I have only ever called anyone a name in response to an attack on me, 
If you call what you have been doing debating then I see what the problem really is."
0,2423,"Fossils are evidence, not theory. They can be used in the construction of any theory, including creationism. Whether this is 'just' or not, is another issue. I point this out as many seem confused about evidence, and think that it just points to something without interpretation"
1,2424,"That's the difference between liberals and conservatives (AKA ""real Americans.) Conservatives have a sense of humor. Liberals don't."
0,2425,"My point is the embryo and zygote have potential to think. Their brain activity (none) is completely normal for their stage of development. Infants dont know much, but their brain activity is normal for their age. It doesnt make them less of a human because they think less. "
1,2426,"BBC NEWS | Special Reports | Frenchman dies in Somalia rescue
Ya know, if you didn't watch Faux.News all the time, ya might actually know some real facts, ""Sartre."""
1,2427,"Once again you have nothing but hot air.
Can't bust the resurrection; can't bust the rabbis on Isaiah 53, can't falsify the Gospels, etc.
You are truly pathetic.
You also need to get a new avatar. ""Smiley"" is definitely something you're not. You're a friggin witch if anything."
1,2428,Right. I'm damaged because I'm not a Christian wing-nut. I'm still looking for at least some refutation.
1,2429,"Prove something besides your ignorance? Homo-erectus and Neandertals differ in cranium size, bone size, bone structure, number of bones as well as the length and width of individual bones. I can see why people are laughing at you"
1,2430,"So the Romans nailed anyone up that organised the community!
Did you get that from the film 'Life of Brian'?"
0,2431,"Well, in the sense that we cannot actually detect the intelligent design Behe proposes, then it it OUTSIDE the limit of actual detection."
1,2432,"Well nobody has turned up the Ark have they, termites could assure that if properly used. After 40 days and more they would be ravenous."
0,2433,Warm today near 80f. Not a cloud in the sky.emoticon_xgood
0,2434,"No. I am a student and I personally don't have much money. So how could I help them? I have very limited money of my own. I help when I can, but sometimes with my present finances I can't do much. If I had enough money, as I assume you do, than yes I would help them as much as I could. This is just an example of where people feel compassion. And as I have said before, Dawkin's has trouble explaining how the universal feelings could come about through evolution. We would not expect mutated pondscum to produce feelings and morals, ethics, etc."
1,2435,"Funny how more heterosexuals have anal sex than homosexuals. emoticonXGood (what was it - 40% of heteros have had anal sex?)
As for ""moral centers"", you really aren't one who should talk."
0,2436,"Actually there are already a couple floating around. One fascinating one: Gaia theory and the Daisyworld model. It's all around self-organising systems and the earth as a self-regulating system/organsism/something or other. James Lovelock and co. Interesting to read but sometimes feels a little too 'lets-all-just-get-along' to be real, hard-core theory. Either way, it's probably a lot more likely to be accepted than creationism, should evolutionism for some reason be disproved."
0,2437,"Yes, but I think you missed my point. I stated this above, remember the prohabition? People actually drank MORE alchohal. Without a ban, law abiding citizens and criminals will have them, with a ban, there will be just criminals."
0,2438,"Bad Religion or misapplied Religion has been in every century, country and culture."
0,2439,"What's great is that somebody had to have been on the lookout for PZ out of fear of his getting in. What's greater is that they opened themselves to ridicule: he's a good source when his statements can be edited and removed from context, but FOR THE LOVE OF GOD DON'T LET HIM SEE THE MOVIE!"
1,2440,So you're claiming the beardy bloke nailed to a couple of bits of 2X4 didn't actually exist?emoticonXRolleyes
0,2441,"So what if overriding other instincts is an instinc? (and there you go with natural again, why are human instincts not natural instincts?) Pretty much everything we do is instinctual."
0,2442,Science is the current sum of human knowledge about how the world works.
1,2443,"Interesting. So a preferable explanation is that plants evolved and a magical being poofed animals into existance?
"
0,2444,"""Babies"" are a stage reached after birth. If you are talking about abortions, then no babies are involved, anti-choice, histrionic revisionist linguistics none withstanding"
1,2445,"Is this your simpleton way of completely missing the point? Of not being able to understand the simplest of ideas?
"
0,2446,"What Is a Human Person and Who Counts as a Human Person?: A Crucial Question for Bioethics by Prof. William E. MayThere is also an extremely academic school of thought which views the human person in terms of the ego in all its derivations. I cannot hope to summarize what this is all about, please refer to:Philosophical Critiques: The Human Person - 3 One could also consider the social development of an infant, inasmuch as humans are, in most cases, very social animals.According to primatologist Sarah Blaffer Hrdy, the human species is specifically developed to be part of a social system and a newborn infant comes ready made to push all the buttons of the system:"
1,2447,"I presume that you mean ""non-sequitur"" and ""absolutely"". But nevertheless, you're going to have to explain and support that assertion before any thinking person could possibly give it any credence. You're going to have to give examples of scientific evidence and theories that have been called a ""fact"" that are based on nothing or a non-sequitur.
Really. This is a debate. Put up or shut up. Support your ignorant assertions or go away.
By the way, at what university did you earn your degree in evolutionary biology? I suspect that you didn't.
"
1,2448,"boy that's the pot calling the kettle black. Darwinian science abandoned living, breeding animals as units of study 7 decades ago. Instead they study genes and bacteria and viruses and rotting bones. Freaks."
0,2449,"Absolutely true!I discovered that with my fluoride research...For whatever reason, most people take another's word for what the truth actually is instead of searching for it themselves.If the lie is an easier pill to swallow than the truth pill, they'll take the lie. emoticonXFrazzled"
1,2450,"Gee I wonder if it's bad for a father or mother to provide for their kids, since members of the KKK may do that too and agree with it. emoticonXRolleyes"
0,2451,"Well, those who keep using that story can't see the real sins of those cities. They are so sure that it was rampent homosexuality which lead to their destruction. Even though we know that before the Angels were ever sent God had spelled out why he was going to destroy them. He sent the angels because they promiced to find even one righteous man. They failed in that because the angels were attacked for being foreigners. Noone who abuses this story is ever going to admit this fact. They can't see past the supposed homosexual issue."
1,2452,"I see you've met my stalker. Lovely soul, isn't s/he? ;)"
1,2453,Ah yes resort to attack when you have no case - perfect example. Its a marvellous demonstration of projection.
1,2454,"Based on what besides your own immediate knee-jerk denials?
You're always in the tank for the Bible bashers."
0,2455,"So you know how foolish you are and hope that name calling will distract from that being recognized by everyone. Erectus skulls were smaller because the brain was smaller. You brought up KNM-WT 15000 (Turkana Boy) and you weren't even aware that as an adult he would have been about 6'1"" tall? Why is his skull smaller than modern humans?"
1,2456,"This run down old man walks 3 miles/day, has never broken a major bone and has had only one operation as a college student to remove my appendix. I bet you I can run circles around your flabby liberal arse. :p"
0,2457,The short answer is that it isn't. See the details here: Phil Plait
1,2458,"Turned?
What do you mean turned?
(Oh man! Got you one more time! Brutal! lol)"
1,2459,"Careful Tither that could be taken as having racial undertones,I LOVE IT!!"
0,2460,"Well then, have at it. The theme of the day was weddings. Almost everything taught that day, except for this one story, was about heterosexual marriage. Go on, show us your argument against teaching kids about how this society organizes familes.   Your opposition to this, homo- or heterosexual, is so obviously contrived. School is there to help socialize children and instruct them in how to be good members of this society, AND YOU KNOW IT. The idea that you would prefer them to ignore discussions of family -- while you simultaneously assert that this society rests on the family and tradition -- is ludicrous.   Come on, jyoshu, you don't have to argue this one... we won't tell your supervisor."
0,2461,"Well, I don't believe in evolution. I believe in things for which I have no evidence. And while it is true that everyone has bias, using correct science and the process of peer review works to eliminate. Not all is perfect, and people are people, but overall the system works. Not a lot of bad science gets through. In the case of ""creation science"" we know that there is no science involved. Only talk that sounds scientific. There is no hypothesis, prediction or testing. Only ad hoc stories constructed of selected bits of evidence to support the foregone conclusion."
0,2462,"Yes, to follow his commandments to love God and to love one another."
1,2463,"You can take anything you want, but you won't take that one very far, especially because you cannot find a single post of mine advocating equality of outcome.
Harrison Bergeron must be unknown to you - unless your last name is Glampers.emoticonXAngel"
0,2464,And they can be. Increases in complexity are readily achieved via incremental change.
0,2465,"Yes, it's very subjective. I was using evil as an example that was incorrectly used on the website. Even though evil is subjective, you can still be evil. (you can do evil to take away your goodness, but the only way to make yourself colder is by removing your heat, not adding ""cold"")"
1,2466,"Well, I guess you can refuse to see something that's pretty obvious. It's up to you."
0,2467,You say that alot but discussion is about taking other people seriously.
1,2468,And then you can go pat yourself on the back and pretend it's all better. I hope your personal comfort level will be worth the havoc that will be brought upon the lives of women.
1,2469,"Oh well. Keep trying and you will get there one day.
"
0,2470,"And I just say that it would be unjust and unfair of you to force metaphysical belief systems of your own which constitute religious belief upon your follows who may believe otherwise than you. Get pregnant and treat your fetus as a full person if you wish, nobody will force you to abort it. Let others follow their own beliefs differing or the same. Otherwise you attempt to obtain justice by doing injustice.Mo"
1,2471,"Even a teacher should be able to understand that when you spend more, your debt goes up. emoticonXRolleyes
Obama Budget Pushes Sweeping Change - WSJ.com"
0,2472,I disagree for the same reasons I have been giving all along. There may be some legislation that was passed that has kept corporations small (Anti-trust) but did it really benefit the society?
0,2473,"Obviously not. If the right to life trumps all other rights, then it follows that the mother's right to life and the child's right to life cancel each other out. 
 
 Mind you, if it's her choice then the pro-life movement endorses such heroism, right?"
0,2474,Not heard that before! made me laugh almost as much as your lettuce eating Tyrannosaur
1,2475,Here we go again with the name calling..............See what I mean Justine.......no wonder the gay movement is losing traction in this country........
1,2476,"Careful, or a spiritually-inspired passage might just pop up and tweak your carnal conscience!"
0,2477,"Logical truths do not come from ""somewhere"", your question makes as much sense as ""What time is a moose?"".You do not appear to have read my post at all, variously repeating what I have said and addressing things I did not say."
0,2478,"Erm... we are? Levels of CO2 in the atmosphere are usually quoted as parts per million, currently a little over 380ppm, 150 years ago closer to 280. In 1970 about 330ppm.
 Carbon dioxide in the Earth's atmosphere - Wikipedia, the free encyclopedia"
1,2479,"Thanks for your judgement and condemnation of those who believe differently than you.
Do you actually have an argument or are you just wanting to sling mud?"
1,2480,It doesn't take a Ph.d. to understand who wrote the first Gospel. Grade school children can look up who was the first man to walk on the moon.
1,2481,"Funny, I thought Heribert Nilsson was a botanist. Don't let little details like that get in your way though."
0,2482,"That's a bad term. I wouldn't call myself that, but I do know more then average person."
1,2483,"
What say you, Archie? Are you going to put any meaning into your accusations, or will you chicken out because you know that I'm right and that you're full of balderdash?"
1,2484,"Let me help you with that. emoticonXAngel She's a conservative!
I'll bet her upcoming debate with Biden will get far more attention than McCain/Obama did! I'll sure be watching! Word has it that the moderator is an Obama lover. 
I'm just surprised that so many consider it so important how one performs in these quick witted, personality contests. Just because a person is slightly off the mark in wits doesn't mean he/she would not be a good leader - able to make sound political decisions. 
"
1,2485,so you think it would be ok to fire people for being secular atheists?
0,2486,It also allows SCOTUS to strike down State laws that violate constitutional rights ;)
1,2487,"Please be sure to give that message to all the criminals out there. We wouldn't like to have the situation where all the law abiding citizens got rid of their guns and the criminals kept them, would we?"
0,2488,And what would that prove? It would certainly show that an animal adapted to survival above the Arctic circle was not adapted to the Arizona desert. Maybe it would indicate that the environmental conditions necessary for the change aren't present in Arizona. How is that relevant to evolutionary theory?
1,2489,"I think we're seeing a culture war. Hardly seems a fair fight though, since only one side has any.:p"
0,2490,This baby was 21 weeks old.   Here is 8 weeks   http://www.priestsforlife.org/resour...fig16baby8.jpg
1,2491,Should all drivers have to help pay for harm done by irresponsible drivers?
0,2492,"Actually, 2 viruses and a bacteria have been constructed by building the genome from nucleic acids."
0,2493,"Yes that is a problem. But there is an instance when the 2nd Amendment did protect the USA from invaders:""Someone at the table asked a Japanese admiral why, with the Pacific Fleet devastated at Pearl Harbor and the mainland US forces in what Japan had to know was a pathetic state of unreadiness, Japan had not simply invaded the West Coast"" - http://www.backwoodshome.com/articles2/ayoob70.htmlIf it wasn't for the 2nd Amendment you would be speaking Japanese if you live on the West coast, German if you live on the East coast."
1,2494,"So atheists are capable of goodness, love, kindness, generosity and sympathy but they have no meaning unless one conforms the the fundamentalist christian morality."
0,2495,"I responded to your posts on the thread of ""Lets discuss the actual..."" I suggest we continue that discussion there."
1,2496,"Since he's commented on it several times now, and seems to have me confused with someone else, maybe he's channeling a past life or something--who knows? Better yet, who cares? :p"
0,2497,"See above. A lock can create doubt about the ease of entry into a residence. Many criminals move from door to door until they find one that is unlocked, rather than drawing undue attention by smashing one in."
0,2498,"**Sorry to hear you say this. I have never attacked you personally, never said anything like what you accuse me of saying. I have characterized certain ideas, notions, and opinions as stupid and simple-minded, but not you personally. If your personal identity causes you to believe that an attack on those ideas is an attack on you personally, than obviously what I've been saying about your personal commitent and emotional involvement with materialist/mechanist/darwinist/atheism is spot on the money."
0,2499,Kronus said this was a win for science. He never mentioned that religion was discredited- never mentioned religion at all. Religion and science are utterly unrelated. Why would you make that connection?
0,2500,"Actually, if you look at the example I've given, that's false. The probability of A in one organism may be low, but the probability of A in some organism approaches 100% as the population and the number of generations gets larger. And if A is useful and comes to dominate the population, then the probability of an AB individual appearing then also tends towards 100%. In the example above, the chance of an AB mutant occurring, if A and B are substantially useful mutations, is almost a dead certainty. It would be amazing if they didn't stack. So saying that AB occurring is less likely than A is misleading at best, downright wrong at worst. Behe is clearly misapplying probability theory."
1,2501,When the political right was taken over by the religious right.
1,2502,"Yes, and those apartments are frequently broken into, in the broad daylight, because criminals know that they won't be harmed."
1,2503,"Then you must have expected him to be a mute on the show. He was basically just there; he made no worthy comments. It was so bad he had to resort to an emotional hypothetical. He made no sense, and that comment had no part in the interview. Bush doesn't send kids to Iraq. First of all they volunteer. Second of all, they are older than 18. Please let me know what comments Michael Moore made that you thought were worthy. You might have trouble.
"
0,2504,"That doesn't teach (here is the topic braille) student athletes anything, it is discrimination and violation of their 2A rights.
 
 Drugs are just a strawman. Strike three!"
0,2505,And you just did what you chastise me for in your next sentence
1,2506,"Aww, he is just confused. He has nothing to offer and when he first read the topic he XXX-umed that it was going to be a discussion of his noggin.
The last thing we need is a damn limey board nanny.
Play the ball old chap and not the man - famous limey quote"
1,2507,another reason for aborting would be: the woman discovered the father was gay and had intercourse with her by mistake: he was so drunk that he though she was a male (or maybe she was hairy and ugly?)
0,2508,"So it's just as we've said: registration can and does lead to confiscation down the line. And now we have further proof that we're right about what we say.Government gets the weapon registered, then they can, at any time and for any reason, demand it be surrendered to the authorities or else punishment will be administered."
1,2509,Do you think that red herrings and strawmen will help your case? ;)
1,2510,I see. So you actually reject all of science and still are willing to use a computer and the Internet. Don't you know that you are being led astray by your IBM processor?
1,2511,"ok, fine, you can use that line, but there is also a moajority that believes in other things. there's this crazy thing, called a choice. we all have that. remember? i made the choice to have sex, you're making the choice to be a total ***hole. we all make a decision, and its the strong ones that stick with them, even though there are others who dont believe the same thing."
0,2512,Nothing will replace fossil fuels until they reach a market price that favors an alternative.
1,2513,Yes...I think I would agree with you. That's what happens when you have superstition coupled with self-imposed ignorance I suppose. It's a shame!
0,2514,"And if the ""natural process of evolution"" is determined by humans in a university lab, many with an atheist worldview, that clash with something the Bible says, you and Kenneth Miller immediately toss the Bible out and accept what the humans say - no questions asked?"
0,2515,"Really, well, the pope sees it differently, what do you want me to do about it?
 AiG and ICR defend dogma in contradiction to reality, you like that? Not surprising.
 
 -Mach"
0,2516,"Nope. Not part of evolutionary theory. It would be stupid to claim that increased genetic variability would ""disallow"" any portion of the population from breeding."
0,2517,"If I am to believe in something even if it's scientific, I should be able to challenge the belief's of the person who's pushing it. If they don't believe in what they're selling, why should I."
0,2518,"not when there are a lot of fokes who feel that the issue is being forced on them. people do not like change, and it has not been very long from is being ""bad"" to be gay (still is in some places) to being ""OK"", but it is still aganst what a lot have been tought form birth is right."
1,2519,"Where did you here this XXXX?
Some cheap detective novel or something?
Once again, my sincerest apologies."
1,2520,"yeah, the lithologically all encompassing, all bedform forming, process immune FLUD"
1,2521,"Here you go, Maxim Popenker's Modern Firearms site will teach you all!
As for Cheney, at least he is getting with the people shooting program, even if he is hitting the wrong side."
0,2522,"Really! Then I assume that you have read Darwin - at least On the Origin of Species. Otherwise you are babbling. Please cite specific passages from Darwin's books where he made ""morals and ethics"" a joke. Please also do the same for the works of Dawkins. Your assertion presumes that you have read the works of both men."
0,2523,"But Miller is with Jesus (and by extension, you): he says that God exists and that Christianity is true. Or, if you insist that he's against you, you're left with this conundrum: You call Miller and theistic evolutionists incorrect, and he calls you and anti-evolutionists incorrect; why is your position any more logical than his?Regarding your citation about atheists using evolutionary findings to support their concepts, you omit the remainder of the paragraph. Shame on you, marc, for your quote mine. Miller clearly continues with ""philosophical pronouncements"" that many atheists do not forward. Over the following three paragraphs, he examines a single philosophical insinuation -- not a plethora of them -- and then moves beyond ""atheistic philosophical pronouncements."""
0,2524,"The concept that science no longer looks at animals boggles my mind. My brother is a wildlife biology major in college meaning his primary focus is......looking at animals and their relationships to one another. It is somewhat understandable that your misconception could arise because molecular biology and genetic engineering are the latest crazes in science. The simple fact is most of the big breakthroughs when studying whole animals have been made. A similar turn has occured in chemistry. I could argue that chemists have subtly turned away from chemical reactions. All the research now is about electron orbitals and nano-structures. The reason for this is these are new fields that are relatively young and many scientists are interested in them. I myself am doing research on buckminster fullerenes. It doesn't mean we've abandoned good old fashioned reactions, we just have more field to play in now."
0,2525,"I don't know if we can be as accurate as a couple of million years, but I agree that the age of the earth is just right for supporting man."
0,2526,my my you are up on the current events. Thanks for shedding light on this for everyone here.
1,2527,WND is not some guy on the internet who is 30 years old and has only had summer jobs on his resume.
1,2528,"The fact that it aired on MSNBC and Keith Olbermann tells me that it could only be slanted one way.
What constraints does the Constitution set for Supreme Court justices families? 
But of course, Justices are supposed to rule on the 'constitutionality' of a law, not their own personal ideology, right? Yeah, right.......emoticonXClown"
0,2529,"Just a couple points of clarification...
 
 o It may grow into post-birth human person. It may not. 
 
 o It can already be considered a human child before birth by commonly accepted definitions of the word 'child.'"
1,2530,You mean the Conservative tilting Supremes donot know the law ? You want to tell them that ? emoticonXChicken emoticonXChicken emoticonXChicken emoticonXChicken emoticonXChicken
0,2531,"True, they can change laws if the are unconstitutional. So what makes a ban on abortion unconstitutional?   Also, what makes the dealth penalty for minors constitutional one day and not the next? In fact 15yrs ago it wasn't an unconstitutional decision. I guess now it is??? Makes no sense.   Clive14,   those are obviously not my beliefs as I think everyone is equal.   I am not sure your wealth makes you different from someone else. It means you wealth is unequal..we are talking about just people. We all end up 6 foot under (so to speak) in the end."
0,2532,"A Jungian might suggest such a stance. In other words, one (good) cannot exist without the other (evil). I wonder what some of our more interesting christian friends (AA, GC) might have to say about such?"
0,2533,"Well, really, they both compensate and reciprocate for one another, you could say."
1,2534,"I guess you never thought that many Cathoilics have gays in their family, or should they ask them to take their lives ?"
1,2535,"That ""brilliant"" statement has absolutely NOTHING to do with the original point. 
...later"
1,2536,"...? Either you've misread what I said, twisted what I said, or you're just stupid."
1,2537,"Well, look who's all pompous about something, and still get it wrong. Either way, earth or universe, you are still wrong, as for many decades the age of the universe has been put in the high single digits to the teens. We have never claimed it was 4 billion years old, that would just be retarted, as that is the age of the earth. Maybe you should check your facts and make sure you don't get them wrong whentrying to argue about the subject."
0,2538,He didn't! I hope you reported that to the admin
0,2539,"And the reasons have been discussed at length and most of us agree about the mother's life being endangered or possibly in cases of rape and incest.........Where we disagree with you is unecessary abortions...such as for birth control, a headache on just and inconveniencce........You think any abortion is alright...We don't....."
0,2540,"Just for the record, Storrs Olson's position is archosaur to bird instead of archosaur to ornithodiran to dinosaur to saurischian to theropod to neotheropod to tetanuran to avetheropod to coelurosaurian to tyrannoraptoran to maniraptoriforme to maniraptoran to avialan to pygostylian to ornithothoracine to ornithurine to bird. A lot has happened since 1999 and there are lots and lots of transitional species, including feathered dinosaurs that had not been discovered in 1999."
0,2541,"Actually it couldn't be any worse then it is right now. More people historically have died at the hands of religious wars then non-religion. Religion has been used to push extreme political viewpoints, selfishness, racism, destruction of whole cultures, hatred, and ignorance. Wow that's something for you to be proud of eh grizzly6626? Through religion, televangelists have become pimps where cash is more important than integrity. While I haven't seen any atheists with bombs strapped to themselves, we've all see plenty of religious fools blowing themselves up each and every day. And of course we all know how peaceful and charitable The Spanish Inquisition was. I guess it's true, when it comes to religion IGNORANCE is bliss...   BTW - you forgot to mention that hitler was a devout catholic.   Yeah, like I said before, it couldn't be any worse then it is right now"
1,2542,"Because the NY Times, CNN, ABC, Dan Rather, and Handgun Control are all atheist-lead and anti-Christianity. Yeah."
1,2543,"Guess WhinyemoticonXCrythinks so,personally I think we should all say a prayer,light a
few candles and reflect...well I feel better already!emoticonXWow"
1,2544,"So? God also says he made you out of dirt and then supernaturally lifting the dirt from the ground into the woman's uterus. Oh well, I suppose it is all beliefs no matter how silly it sounds."
1,2545,"Oh. Dammit, at least make it a little more obvious. By the way some of these people think on this forum it sounded pretty realistic to me."
0,2546,"wow... you are bent on harping on creationists arguments at whatever the cost.first of all, you are not even considering that the majority of people are misinformed of what evolution is not because they have creationist motives, but because they go to the dictionary for definitions"
0,2547,"Things like future proof of a young earth - evolution needs billons of years. Or proof of severe weather conditions that would destroy the evolutionary process. Life on earth dies completely if it gets out of a fairly narrow temperature range, any time during those billions of years."
1,2548,"Steeeve,... don't you know by now?
Even a dog's ability to feel pain and to be somewhat self ""aware"" is much more a warrant for humanity than an inconvienient prebirth human child's likelyhood is (likelyhood that they will have those traits were they to be left alone for a few months - unmolested.)
<Sigh>
I wonder if ignorance really is blissfull?"
1,2549,"You've gotta love when ignorance lends itself to incredible mistakes like the above statement. ""Excepting"" that there is some magical sky man is precisely what atheists do.   Looks like we have another Einstein who wants to test his opinions with people who actually know what they're talking about.   lpdm, you'd better learn quickly, or I don't think you'll like it here as much as you were hoping.   So far, you've been nothing but wrong."
0,2550,But didn't they tell you? They outsourced your job to me!
1,2551,Haaa Haaa Haaa Haaa haaa haaa haaa haaa Thats a good one not. emoticonXClown
0,2552,"No. We don't agree. For one thing your faith isn't a theory. Creation as described in Genesis is a myth, in fact, two myths. Furthermore, a scientific theory doesn't mean ""wild guess with no foundation"". That seems to be what you want the word to mean. In science a theory is an explanation for observed facts that has been tested. You see, a theory is predictive. I'll give you some examples of scientific theories. The germ theory of disease, the theory of gravitation, the heliocentric theory, tectonic theory, atomic theory.   Moreover, you are wrong that science cannot observe actual evolution of life. It is done all the time. While it may be debatable that a virus is alive, the recent case of SARS making the jump from civets to humans after a mutation is evolution."
0,2553,"It's a lot more than what you've come up with. What evidence do you have that indicates the Iraq population wasn't heavily armed? As for the Taliban, you're confusing Afghanistan with Iraq."
0,2554,And those who respect themselves and others don't need that book of morality.
0,2555,"Again, I don't know what happenstance origins are, but ruling something out because it's unlikely doesn't work. I have made the poker analogy very often. If you are dealt in order, the 3 of spades, then the 5 of hearts, then the 9 of clubs, then the 4 of diamonds, then the 6 of hearts, would you decide immediately that it was not true? The odds are (1/52)*(1/51)*(1/50)*(1/49)*(1/48) = 1/311,875,200.This could be done for multiple games. The odds get slimmer and slimmer, but the difference is that something had to happen. No matter what cards you got, the odds of you getting the same card in that order would be this slim."
0,2556,"I gotta admit, I got a real chuckle out of this one. :pWaxy"
1,2557,"Hmmm, a mere human-mother cannot make decisions concerning her own body, but you, sk8joyful, can usurp the position of God and tell another human, especially a mere human-mother, what she is allowed to do with her body."
0,2558,If guns laws don't affect criminals then how do you explain the low rates of criminal gun use in nations like the UK?
0,2559,Honest question Arch: where is the problem with a potential variance of 10 billion years? I know this question may appear ridiculous to you but could you take the question in the spirit it was meant?
0,2560,But the law of angular momentum does not require that all parts of a spinning object spin in the same way now does it. If so then something like a rotary engine for an aircraft would not be possible!
1,2561,"Except for other inmates, guards, medical staff, etc. And no...nobody has ever escaped from prison and killed again...no...that wouldn't happen."
1,2562,I reply to them out of courtesy...but be amused all you want...it looks like you need it.
1,2563,"Waxy:
Why are you standing by saying nothing while one of your own is continuing to show how ignorant he is by asserting Isochron was not used at KBS Tuff ?
Ray M."
1,2564,"Umm I dunno that whole faith thing is kind of important. Oh I get it you were being insulting.... Gotcha.... BTW hows that whole spiritual enlightenment thing working out for you?
"
1,2565,"Yes, it doesn't agree with your agenda so it must be trolling. 
"
1,2566,"That would be a bit silly, wouldn't it? If you mean a carrot native to earth, why would you decide to consider evolution when something was found that would shake evoltutionary theory to the foundations. Such a thing would be so far outside the phylogenetic tree constructed by observation of morphology and molecular biology that real doubt would be cast on the theory.
But in this case, you would be willing to consider it. I guess that is why you cling to mythology. There is so much doubt and no evidence for creationism that you accept it as real.
Bizarre!"
0,2567,"People have entertained and will always continue to entertain beliefs in all manner of propositions. Many people once believed that the earth is flat:perhaps some still do. But this has nothing to do with scientific truth.There is no ""version"" of science that one chooses from a menu of possibilities.By definition, scientific enquiry arrives at hypotheses after gathering evidence from observations and experiment. Any law, knowledge, etc. thatis arrived at by scientific method is open to modification or falsification if new evidence comes to light that must be taken into account. All science in this sense is provisional.The apostles may have believed that Jesus walked on water: that does NOTmake it true."
0,2568,"And what exactly am i granting to the suit-wearing politicians in washington by giving them the right to revoke her ability to make these decisions for herself? I don't think dictatorship is the right word, since she is not asking for the power over anyone but herself, and her child. Would you call a man dying of inoperable cancer who decides to end his chemotherapy a dictator? Or a parent who decides to remove their child from life-support?Would you rather it be a democracy? That everytime a woman is faed with this predicament, we put it to a vote? How about an oligarchy- where her situation is put in front of some committee who decides her fate?"
0,2569,"**This is the line that caused me to butt in, walking-fish. Again, my apologies, but prs has no idea of the difference between Lamarckian and Darwinian theory, and how that theoretical difference would be reflected in different social theories. As far as I can tell prs has nothing but preconceived misconceptions about this. I felt compelled to speak up. Hope you're not put out about my intrusion."
1,2570,"Damn, had 2 of them on my doorstep yesterday. Why didn't I think of that?"
0,2571,"Oh I certainly don't pretend that and certainly didn't claim that either--though a couple of left-wing posters here (who will remain nameless for now) might take the bizarre step of saying my post to you amounted to as much, if history is any indicator. Maybe we'll all luck out and they'll forget their Lenses of Bias at home, and instead read claims people actually make."
0,2572,"How do we know anything for sure? We can't be certain of the Earth's age in billions of years, but we can use carbon dating to figure out it's older then 55,000 years, which refutes creationism."
1,2573,"""Used to be."" ""Back in the good ole days."" Gimme a break. Take a time machine to the 50s will ya?"
1,2574,"I believe we have a human responsibility to one another. That we are our brother's keeper. Tell me, Bassman, if there aren't enough jobs, and the costs of medical care are skyrocketing through the roof, what do you suggest your fellow Americans do? Just drop dead?"
1,2575,"Seriously? You tell me how Ancient Greeks saying X means the bible can't possibly say Y. What's the connection?
There isn't one. As Trebor pointed out, it's a red herring, and indicative of faulty reasoning on Easy's part, and apparently yours as well."
1,2576,"I saw that. Typical evasion. You guys don't have a clue who yo daddy is.
OH YE OF GREAT FAITH to believe anyway!
This is hilarious to watch them weave and dodge and duck!!!"
0,2577,"Actually, it does no such thing. It merely means a secular moralist must justify moral codes on the basis of their intrinsic rationality and real world consequences, rather than appealing to a deity as an arbitrary authority. Since all the scriptures of the world have been written by people, this moral authority represents nothing more than their personal opinions about what they think their god wants."
1,2578,"Genocide, are you on drugs? What the hell are you talking about?
Just don't burn and American flag in front of me and you won't have to worry about it..........."
1,2579,"Me thinks you are a dim wit that thinks Nero had a nice wedding with his catamite slave ' with a ceremony and everything'emoticonXLove
http://en.wikipedia.org/wiki/Ptolemaic_dynasty
'All the male rulers of the dynasty took the name Ptolemy. Ptolemaic queens, some of whom were the sisters of their husbands, were usually called Cleopatra, Arsinoe or Berenice. '
The Ptolemies actually did officially marry there sisters(with a ceremony and everything) so according to the XXXXX that is Excaliber this is great news for incestual marriage advocates. Thank dim wit lol"
1,2580,So on what day did he create time on. Its not mentioned anywhere in the biblical text which seems to simply assume time.
1,2581,"I guess we can take ""In God We Trust"" off our money and the courts will be a nightmare, what will they swear to tell the truth, the whole truth and nothing but the truth on, a Readers Digest? I am sure the Pledge of Allegiance is going to have to be changed also.
If we convert to another religion do we get more time? 
Do the bunnies and puppies and zombie ant making mold take over the world or do we implode or what happens to the planet?"
1,2582,"You mental midgets insult my intelligence when you aren't even aware that the word omnibenevolent isn't even found in the Catholic Online - Catholic Encyclopedia . In fact, the word isn't found in any popular dictionary what so ever. It's an urban slang with no historical usage in theological studies or history at all. I ought to know, because it never came up in Bible College, ever. But here it is in the famous and highly referred to URBAN DICTIONARY: Urban Dictionary: omnibenevolent Once again guys, get a clue before you start spouting off your criticisms which you haven't an actual clue about."
1,2583,"Yeah, because the Brady ratings and approval of a particular states gun laws has no bearing on reality as far as crime and safety goes! Which is Nato's real point!"
1,2584,"You must be thinking of physics... last I looked, biologists weren't trying to explain the the creation of the universe. However, we have an excellent handle on the evolution of species, and some pretty reasonable ideas about the origin of life, which is more than your bible ever came up with. I mean... some invisible, bearded guy-in-the-sky zapped it all into existence? Fairytales."
1,2585,"So which argument do you want to stick with/ The one above that says the black vote was irrelevent or your previous argument in which you claimed was significant. I'll refresh your memory::
"
1,2586,"Some slightly earlier history shows that Clinton wasn't quite that worried about Bin Laden. In 1996, the CIA had Bin Laden pinpointed on a ranch in Afghanistan. It needed permission ONLY from the Clinton White House (not Congress) to vaporize it - it was in the middle of nowhere. An official from the ""United Arab Emirates"" was with him, that was Clinton's excuse for not doing it. What did he think they were doing, making cookies, or did it dawn on him that they may have been up to no good?
Thanks a lot, William Jefferson Clinton!"
1,2587,"Except, of course, the evidence is totally against that. Plus, there is the little matter of infant mortality... and lack of resources. 
But hey, don't let common sense and evidence stop you."
1,2588,"The same way, for the woman shot at the guy not when she was in the shower but afterwards and what good did it do to her ?   Maybe she was sohhhhhhhhhhh ugly that the poor guy ran away.   Do you have pictures of her, by the way?"
0,2589,Well he HAS admitted he can't prove his belief. I guess that posting here would admit his false dichotomies that it's either literal genesis or evolution are false and god knows the world will end when that happens. Super admitting he's wrong? Never going to happen.
1,2590,"You put such confidence in articles written by partisan plebes, using unsupported, irrelevant links to make the printed text pseudo-intelligent. I cannot imagine you holding your own in a serious debate."
1,2591,"So you're claiming that you ""transformed"" from part of your mother to a human. So you're claiming that you were once almost your mom's arm or leg? lol! Biologically, this is simply a farce statement."
0,2592,So what? I don't care! Gun ownership is an individual right and that's the end of it! You don't have to exercise a right hundreds of thousands of times a year for it to be protected by the Constitution.
1,2593,"Which makes this plan a total failure. Nothing like forcing a bakery who has 10 employees to pay for insurance to cause me to eat Food Lion bread from now on.
As far as I can tell this plan took the worst of our current system and the worst of single payer and combined them. Is that about accurate?"
0,2594,You misunderstand me I believe they should all be locked up. Anyone who preaches against gay people freely living their lives as equal citizens with all the rights and responsibilites should be locked up in the darkest dungeon. There can be no compromise on this issue peoples lives are at stake.
1,2595,"Translation; ""Do what I say or I will kick your @ss."" Sounds a lot like the mafia. And you love this diety?"
0,2596,That and VOR keeps flip flopping on his positions and he refuses to clarify his contridictions.
1,2597,Why bother with vaccines then? Seems to be cutting the cash cow off early on.
0,2598,"I'm not trying to participate in gang debate, but well..The population of ""people with heart trouble"" would only be in jeopardy if the heart trouble made it more difficult to reproduce. If reproduction is not hindered then there is much less chance of dying off."
1,2599,"So, when the tobacco companies say that there is no effect to passive smoking, that's gospel truth, when researchers and doctors demonstrate the harmful effects, that's propaganda. Riiiighhtt..."
1,2600,"...but you are just fine with marijuana smoke huh?
I am working on the assumption that you run home to tell mommie or you run to find your teacher and report it immediately. Midgets like you got to have some backup.
How and why do you always change the subject? Can't take the heat? Do you ever read headers?
You got a mouth on you as big as grand canyon."
1,2601,"Like slavery. And the internment of ethnic minorities in concentration camps. And drug prohibition. And gay marriage bans.
"
0,2602,"Possibly, depends on what you read and by whom. Still, the war wasn't aganist slavery."
0,2603,"But even worse, even if there were some unknown mechanism to cause such movement, it would generate heat. The heat generated by the creation of the mountains of the world would be more than enough to reduce the entire surface to molten lava. Add to that the fact that the condensation of the ""vapor canopy"" would release enough heat to boil all of the water on earth. "
0,2604,"Because the theory of evolution is the result of science and therefore should be taught in science class.
 
 ID is NOT science and therefore should NOT be taught in science class.
 
 It's that simple."
0,2605,Hehe.   Putting political messages on such things seems retarded to me though.   -Wez
1,2606,"Archie, you're not one of those Westboro Baptist Chuch types, are you? You don't buy that stuff about 'God Hates the ### Army' and 'God hates America' do you?"
1,2607,Why would I worry about a book of myths and fairy tales?
1,2608,"Asked and answered. You need to get my claims right before you try to rephrase them. It appears often that some posters here do nothing more than learn from each other how to misrepresent someone else's argument. You move to the front of the class.
I am not anti-gay. Gays can have more rights than I for all I care. I've not claimed that gays should have fewer or different sets of rights. They can be had without changing the definition of marriage. This thread is not about marriage.
"
1,2609,"Come on down to skid row with the rest of us 'lower class' I'll even buy a bottle of MD 20/20 on me.
"
1,2610,Funny but if the censors ever removed all of your insults then none of your posts would remain. Then we'd have to import comic relief.
1,2611,Hey its doing good as a comic relief so far. Long on laffs and short on brains. Not to mention some other parts as well if we are to believe its latest confession of its hat size matching its male organ size.
1,2612,"You're right it'll be fighting the war in Iraq. )Nah, really it'll be from social security, etc etc."
1,2613,"And you know what I think? I think that everyone who doesn't have sex 24 hours a day 7 days a week is denying human beings life every second. I'm sure some of those sperm would love to have the chance to breathe the air that you are breathing in vain because you don't think they should live [/sarcasm]. Why don't you think this? Why embryos? Embryos are the one thing that have great potential to cause harm in a woman, and you just so happen to choose them as human beings. Very suspicious..."
0,2614,"And compare that to an equivalent sized human - if you compared the skill to a 10-13 year old boy, the erectus skeleton's cranial capacity would be significantly smaller. Doesn't contradict in the slightest other than the bizarre positions you decide other people should hold."
0,2615,"we do......most fossils found are surface finds -- which means anything found on the ground probably contradicts uniformitarian principles because every fossil found laying on the ground probably -- according to ToE -- did not die at the same time. For example, many mammal bones are found on the surface -- yet so are dinosaur and other ""ancient"" bones from animals that supposedly lived millions of years beforehand. Of course evolutionists will come back and claim ""erosion"" with no evidence of such, not to mention how rock can be removed from bone after millions of years of being cemented to it.I've got a 900-page book called ""Hidden Archeology"" (Cremo) that dives into hundreds of fossils and artifacts that are in the ""wrong"" strata. Your assertion is blatantly false."
0,2616,"Would that work like the ban on illegal drugs in American? Does that ban keep illegal drugs out of American? The ban on illegal drugs does one thing, it does keep illegal drugs from law-abiding citizens. Law-abiding citizens are the only ones that respect the law when it comes to bans."
0,2617,"You either did not read my post thoroughly, or are intentional misrepresenting me. Post 250 (which I had actually read before starting this thread) is nothing but DamEtel rambling about homologies between vertebrae embryos. That has absolutely nothing to do with the unexplained homologies that the Denton talks about. Evolution simply cannot, reasonably speaking, account for the homology between your arm and leg, among other examples."
0,2618,"I'm not moving the goal posts, this is just your attempt at intellectual dishonesty. Heller was about an individual right protected in the Constitution, Dred Scott wasn't. Therefore these two cases aren't comparable anymore than cotton candy and scrap metal."
1,2619,I would be scared about a huge segment of society that considers me a clever ape.
1,2620,"Um, Bassman, so you, the one person in the world who is as ""pure as the wind-driven snow,"" is the one who may judge others, including Democrats. Um, for the record I grew up on the prairie and saw a goodly bit of ""wind-driven snow"" and it was not particularly pure. A feeble and laughable metaphor."
1,2621,"The gentleman (??) in question has been presented the facts numerous times. He ""pooh-pooh""s them as irrelevant. He places himself above scientific research. He doesn't know the difference between unsolicitated testimonials and scientific evidence."
0,2622,"maybe, but see, that does not match the materialist universe?"
0,2623,"Well memory is NOT something that is immaterial is it. Its always implemented in the form of material processes well known to biochemistry. Metabolism, ion flows, neuron activity and interconnections, along with potentiation of those connections into networks.Free-will of course is what we call the experience of our choices being not wholly determined by external states alone. By no means does that exclude the fact that our internal states (of which we are largely ignorant) also play a role. The autonomy arises from the operation of the brain and those internal states. Again a purely materialist explanation. And there is no evidence of anything other than material processes in the experience of free-will. In other words neither memory nor free-will require a non-materialist viewpoint."
0,2624,"Well, ya know, if you actually, oh I don't know, VISITED THE SITE, you'd see that the ""friendlyatheist.com"" is a blog-like page (and not the one that is actually giving the info on the evolutionary migration of humanity) and it gave a link to the actual website that we are talking about (the second link I gave): http://www.bradshawfoundation.com/journey/But then, maybe we're expecting a little too much from a creationist. emoticonXBanghead emoticonXBanghead"
0,2625,"This is not what hospitals do with biomedical waste. They incinerate it. 
 
 If these people are really doing this I can""t imagine who the buyer is , and they are breaking many many laws."
0,2626,"Each side tries to support their own worldview. There are two positions, and sides are chosen. It's human nature."
0,2627,Do you see the other cities pushing for outrageous standards like NYC?
1,2628,"Yes, some people are jumping ship, which is a crying shame. STICK TO YOUR GUNS MEN! WE'RE WINNING!"
1,2629,"whatever happened to the unborn baby? No consulting him or her I guess. Even though the unborns body is being is the one being torn apart.
"
1,2630,"Click on the link......
Center for The Working Poor
Which is TADA!!!! The Burning Bush!!!!"
0,2631,"No, there isn't a consensus among Christians, at least not beyond the fact that God was responsible in one way or another for the universe existing. There is no consensus about method."
1,2632,CNN and CBS Left wing? you wouldn't know left wing if it came up and socked you one with rolled up Socialist Worker!
1,2633,"(chuckle) You're such an idiot.
And praytell; what evidence do you to tell us where the 17 year old kid got the pistol to begin with?"
0,2634,Bonus question:   (Can you spot the grammatical error within the quoted text?)
1,2635,"pay attention to what ? to the voices in your head ? 
your age is irrelevant to your recognized lack of intelligence, but being a minor would be relevant since it would excuse your ignorance.
My advice to you ?
keep all your life pretending in forums that you are just a kindergarten kid and therefore people would think that for a 4 year old kid you are not too dumb and of course knowing nothing is understandable."
0,2636,"Upon reviewing the golden rule ""do unto others as you would have them do unto you"" I see nothing of any other 'side.' It's very clear--treat others the way you'd want to be treated. No one wants to be treated badly, so if you follow the golden rule, you'll be benevolent."
0,2637,"She could, but not all do :) Despite the fact that it works, there are still unwanted pregnancies :) That doesn't change the fact that a pregnancy would not be pleasant to a woman who does not want to be pregnant :)Forcing pregnancy by law is a step toward fascism."
0,2638,"I think VTs reason for posting that video was to show that this 12 year old girl has more wisdom regarding abortion, and sensitivity to human life than most adults possess today. And she rightfully pointed out the true and very real downsides of what abortions represent for the women who get them. She showed that the human misery of killing more than a million unborn babies a year goes much deeper than just the babies that die from abortions. they affect the mother emotionally as well as her future ""wanted"" children in many cases."
1,2639,Wow ehat a brave new world you live in.... Now lets say just 1% of all gun owners resisted (in the us that is several hundred thousand peppered through the land). With media attention to such infighting between government and citizens how do you deal with this?
1,2640,"Well, the French have always been an independent and rebellious lot, not like those staid northern Europeans. And let's remember how much we all owe to those heathens of Greece and Rome!
"
1,2641,"You of course have documentation of Darwin laying out his plan as to how to weasel evolution into classrooms to oust theism, right? No? You're making it all up? Shocking.
"
1,2642,So making it much worse cures the problem. Get a grip.
0,2643,"And that's the rub: it never has (apart from when it has of course, with the various versions that exist). You choose to put faith in the writings of a primitive bronze age society. I prefer to trust a textbook that is regularly updated to reflect our latest findings; our most up to date and accurate knowledge of the world."
1,2644,"Thanks,... 
But I really don't need your persmission or encouragment.
And I had a great father's day. 
Thanks for your concern."
0,2645,"Because Apes, monkeys and chimps are on different paths. You wouldn't expect a shark to evolve into a barracuda-like animal. things evolve to fill niches, we currently fill a niche, there is nothing pushing apes, chimps or other primates to fill a niche that is occupied. "
0,2646,"It is more along the lines of tree dwelling to prairie. Take a look at how the
 current tree dwelling primate loco move, then look the mammals that live
 on the plains tend to stand up to peer over the grass to see if enemies are coming."
1,2647,"Oh god I guess you know where this is headed?This is the first I've heard of this,sounds like know one died though(hope this didn't hex it)."
1,2648,"No! No! No!
The extreme right wing religionists create gods in their own corrupt image so you can't expect them to have any decent standards."
0,2649,"Not really, this case was different in that the state was the guardian. Although I am sure it has happened before. As for three reasons...1) The state of Florida doesn't believe a 13 yr old can have sex (consent) so why couold she be able to cosent to an abortion?2) The State is the guardian and they should be able to say where she can and can't go as a parent would be able to do....and the state has a law against taking kids to abortion clinics.3) ABORTION IS KILLING A KID. Maybe that doesn't matter for most :-/"
0,2650,Walking-fish:   What I'd like to know is where this specimen fits in with the following lineage:   Eusthenopteron -> Panderichthyes -> Acanthostega -> Ichthyostega. Can anyone elaborate on this?
0,2651,This remains unspecified. (I explained this in the last paragraph)
1,2652,"Reading comprehension not among your skill sets eh simone? Splain to us how this 2000+ page monster is going to relieve the problem will you. While you are at it, let us know where you got your fitional 50 million number. Lots of people will die, insurance is no guarantee of life baby. Get real"
1,2653,"No, its not. Thats a strawman. I have never stated anything of the sort. You just cannot debate honestly. I never said that since one argument is wrong, that all are wrong. I am saying that I can prove all the arguments wrong independantly. Not that I have to. Now, any of you able to give even a hint of an intelligent answer to the OP? Or does that shatter your delusion that you dont support murdering children?"
1,2654,"That's right, a broken clock tells the right time twice a day, and gun hating hoplophobes are never right."
0,2655,"Oh, I don't know that she is any nuttier than the next person.   However I think her opinion is wrong. I also think her argument is not correct. A person can not impose themselves on your property without your consent - and you CAN remove them, and even kill them if they are a threat to you."
0,2656,"My outburst was meant to show that even a seven year bombardment of religious propaganda can be ineffective if no reasons whatever are advanced for reaching the conclusions that the theists desire. Theology is a bogus ""study"" of infinite pretensions and of an unknowable ""reality"". Yet I wouldn't describe atheism as a religion: essentially it's a disbelief in the existence of God because there is no good reason for doing so and there are good reasons not to."
0,2657,I see no mention below of any judges in Mass.
1,2658,"Ahh but what if all the shirts have only american flags on them. Would it them be a group of patiotic americans and their children? I mean you do tend to see american flag wear, including tee shirts, everywhere. Would it still be considered a protest if all of them had american flag shirts on them.
AHHHH Joe I it hit me of course this is like Ghandis' salt march."
1,2659,I would argue against this but I would need to introduce subjectivism into the argument. lolemoticonXCensored
0,2660,"And do you include me in that analysis?   Perhaps you could link me to these threads so that we can see exactly how they 'open' I'm not saying I haven't seen put-downs of religion on this forum, but in my experience there's either personal history between the posters (the response is effectively continuing an on-going spat that transcends the thread), or the OP itself was laden with flame-bait."
1,2661,I am un-aware of a conservative nazi party. Did Howard Dean tell you this?
0,2662,"True. Gallup couches the questions in a way that favors spiritualism. That is his preference and I think that his polls are slanted that way. I don't think I have ever seen a poll that actually asked the question directly and ""no religion"" doesn't really ask it. The numbers are just guesses. I think Big Orn is correct 7 to 10% is probably a bit low."
1,2663,"Eighty-nine times. Still quite a junior partner. I must admit that he doesn't like to be slighted though, as evidenced by Luke 12:10. One can say some nasty things about the Son of Man, and all's fine. But say one off-colored comment about the Holy Ghost and it's lakes-o-fire time. He needs to get thicker skin, IMO. Do ghosts have skin, BTW? 
"
1,2664,"How old are you, Steeeeve?
How is it that you know absolutely that there were no hordes of women without anywhere to go or sleeping in the streets?
Were you there on the spot? Did you witness that?"
1,2665,"I do find it amusing that the website you posted leaves out rather important details from the stories it cites. 
http://en.wikipedia.org/wiki/Deluge_(mythology)
The Ojibwe is a massive distortion. 
Ojibway Flood Myth
Huh. 
I do like how your site for its religious sources doesn't cite actual anthropology sources.
And the secular sources do not match up with the stories.
Flood Stories from Around the World"
0,2666,"So indignities offered our citizens will be tolerated if dispensed in small doses? 
 Maybe we might educate the pirates what they should ""know better"" than to try. 
 My taxes pay to have a Navy presence around the world. Americans are American interests."
1,2667,What is your theory about the foot fetish gene ?
0,2668,"On the contrary, anyone who takes an interest in such things is well placed to appreciate just how hard it is to grasp such distances."
0,2669,And those pillars will be replaced by something stronger like equality and Justice.
1,2670,"But on the other hand, Genesis isn't a scientific document. No wonder. Why would a bronze age nomad from the Levant be aware of at least 3 tailless species of primates, or even the tailed primates from Africa, South America, and even Madigascar. If they aren't mentioned in the Bible, do they exist?"
1,2671,"Bravo, Penfold! You are the neatest pricker of balloons with the shortest of needles whom I have come across!
-"
0,2672,"You know Brady, you've said a lot of stupid stuff over the years. I even remember finding a post of yours where you said all guns and gun owners should be registered, but sex offenders shouldn't be. This latest post of yours is just another senseless and stupid rambling of somebody that's so hateful and fearful of an inanimate object that it's impossible for him to function in our society and can barely handle his own needs."
1,2673,And yet here we are and neo-Darwinism continues to have empirical support right and left with no sign of it being falsified in sight as of yet. Why might that be? And you Bertvan do not exist since you are so highly improbable. Therefore I can safely assume that your post above just happened without your existense.
0,2674,"""In Christ there is neither Jew nor Greek, slave nor free, male nor female, all are one in Christ Jesus"" - Galatians 3:28   Jesus doesn't care whether you're male or female."
1,2675,"Gee, maybe catch a few episodes of ""Entertainment Tonight"" and see if they have anything on it. 
Why not just refute what she said. After all, she posted it, so it must be true, right?
(For those wondering why I posted this, see this thread."
1,2676,"Oh come on, marc, you can't possibly expect me to swallow that one. Religion, which locked up astronomers? What atheist social policy was geocentrism getting in the way of, hmm? What makes that farce science's fault?"
0,2677,"Yes, but our cells, are functional. It's cells are not yet functional beyond dividing."
1,2678,"Really? What book is that, because I have seen no quotes or links to any source of any info at all from you anywhere above on this page. So once again accipiter, what in the world are you referring to? You and the obvious child oughta get along fine since you both offer nothing more substantial than personal attacks which are based on your own warped beliefs and corrupted interpretations of that which you disagree with.   Here's my original post again, I challenge you to explain how these alleged stone age sheep herders whom you scoff at and mock described contemporary living creatures which paleontologists today identify as dinosaurs, from skeletal remains?"
1,2679,So what you are saying is that the actual purpose of prison is to be raped in the shower by some 400 pound guy called Betty? Or brutalised by a guard with an inferiority complex...and these don't strike you as cruel and unusual?
0,2680,"I think often abortion is wrong but I do not agree with criminalizing it. Primarily the reasons that are used to justify criminilzation are hugely fallacious and secondarily because it won't do a thing that is positive. A woman who is determined to end her pregancy - will. Criminalization will simply make it extremely dangerous. I am responsible, have even had my tubes tied, but if I were to become pregnant and that pregnancy were the result of rape or a threat to my health or livlihood I would end it - and I will not be checking the law books first. Every woman has her line in the sand - abortion will go on regardless of its legal standing. There are a miriad of reasons seek abortion - comdemning those reasons does nothing (i.e. calling them selfish) - addressing them could help. The reasons are valid."
1,2681,NOOOOOOOOOOOOOOOOOOOOOOOOO just because I stated that some presidents....cough.... Clinton.......don't get experience in one term doesn't
1,2682,So you are saying that we determine our DNA? Do you actually think before typing?
0,2683,Obviously the correct thing to do is kill the zygote. The thing that bothers me about this whole thing is some of the people that said they would refuse to choose. This is characteristic of your typical wimpy religious copout and is nothing but a cheep avoidance tactic. These people are not the kind of people that should be making any important decisions that concern other people so I guess its just as well. A zygote is no more viable then a sperm. The attempt to call a zygote a living being is simply more evidence that the religious have no common sense.
0,2684,To be honest I wouldn't mind too much missing old age...(whenever that starts).
1,2685,"The truth hurts archangel, but the fact of the matter is, you don't get degrees from Harvard or Yale with those ""different explanations""...
Waxy"
1,2686,because you wanna be wrong all the time...that seems like a good reason :)
0,2687,I never said they would actually follow it all the time. I said that most would incorporate it (referring to a world morality). Just because they would accept it doesn't mean they would follow it. Maybe you should stop trying to tear down your little strawmen.
1,2688,Are there any values in kalifornia other than if it feels good do it? The no father in black culture holds true in kalifornia. Maybe even more so than the rest of the country.
0,2689,"But the embryo is a mere clump of flesh inside of a woman's body. Science proves it. It has no sign of intelligence, it is merely cells at this stage. Therefore, it cannot be referred to as another person, or neighbor, and is no where near comparable to a human. Choices that harm another should be illegal, but choices regarding your own personal liberty and freedom should be made by the individual. Not the government."
0,2690,"So he ""overlooks"" plate tectonics twice? He's either ignorant or a liar. Some might say both. Knowing his other work as I do, I say both."
0,2691,"All born children, and every woman had the right to be rid of them. Killing them is not required as abortion is when they are in the womb (during the timeframe the majority of abortions occur, at least). They are not comparable."
1,2692,You want a world without limits? Head over to some countries in Africa and see how anarchy is doing for them.
1,2693,This is often called: 'talking out of both sides of your mouth'
0,2694,"Except in the Dred Scott case the court wasn't trying to determine whether slavery was a collective or individual right, or what the constitution applied to in regard to slavery."
0,2695,"Well, there are books and scientific journals and what not. This XXXX shows up in my son's science class and he will be hearing each and every day from his mother how it is not science and I will get him access to real science information.
 
 Yikes."
1,2696,"You don't get to just say ""hey i wanna be Catholic"" and make it so just because you said you wanted to be.
"
0,2697,GREED but what you fail to admit is that that standard of living comes at a price for someone.
1,2698,"You say some of us are lying and then you say you apologize ""if"" we're ""somehow"" offended. Gee, that's mighty white of you."
0,2699,"Very true, especially since when someone asks ""is there a God"" they are most likely really asking ""does the God in which I believe exist"""
1,2700,Why should you mutilate your son? Maybe you should have listened
0,2701,No. We know that evolution happens. What would be a problem would be to find the processes that made evolution happen as such incredible rates. There isn't any evidence that it can happen that fast.
0,2702,"Actually the Alan Guttmacher Institute is quite reputible. They have their own web site. Check it out. Also, why would a site called ""womens issuses"" be in valid?"
1,2703,"If I thought you'd understand in the least bit why it's important to scrutinize possible occupants of the White House, I'd explain how I feel about. However, you are a hopeless case."
1,2704,"If your to blind to see, me telling you won't help. 
"
0,2705,Like most things theists that statement is based on ignorance.
0,2706,You just say this because you want to murder helpless wromb-trapped human beings. You cannot just say you personally believe something in a debate.
0,2707,"Thanks, my friend, as you can see, Jito completely ignored the substance of my argument as it applies to the current american culture, as she responded to how it would apply to her personal life's credo. A more dishonest way of avoiding the meat of my argument couldn't be formed except by a manipulative, insincere and philosophical coward of jitobear's caliber. That's why there's nothing she wrote that's worth responding to. As usual she hasn't actually responded to anything I said. Why must these leftists twist what we say as they ignore the actual substance of it?"
1,2708,I don't think that Paul was actively gay. He was so odd about having anykind of sex at all that it was pretty warped.
1,2709,"Just because you don't hold the same beliefs as we do, does not invalidate our belief. I feel sorry for you if all you have to believe in is a small petri dish of algae. You do need absolute proof if your going claim it as the only possible way of creation."
1,2710,"You're citing another crappy movie by Michael the Hutt? Man, it doesn't take an addicted researcher kept up two weeks by a thousand cups of coffee to know that Michael Moore is one of the most left-wing, anti-gun, troop-bashing producers in Hollywood. And what does that fat ignoramus have? He's ignorant. All he has is an opinion, just like you and I do. The fact that he is a celebrity does not make him any more knowledgeable than anyone else, especially when you consider that he thinks that he's the divine prophet of the universe, and that everything will be fine and dandy if you do what he says we should do."
0,2711,"Well Steve ""murder"" is a legal term that does not apply in abortion. But for the sake of keeping this simple - yes, and not only that, it's legal."
0,2712,"SNIPThis opinion piece was put forth by the Violence Policy Center, the same people who opposed all forms of firearms safety training and gun locks, because they might encourage people to feel that they're more capable of safely operation a firearm. The Violence Policy Center also pushed the idea of an ""assault weapons ban"" because it was easier than a handgun ban, claiming that the uneducated people are unable to tell what is a machine gun and what isn't a machine gun, making passage of such a law all the easier."
0,2713,There are ideals in this world that are better left alone.....lines that should not be crossed. Marriage is an ideal that does not need changing; doing so is crossing that line in the sand that was drawn there for a reason.
1,2714,"Kill or be killed, survival of the fittest? No compassion, the rule of tooth and fang? WOW, color me impressed!"
1,2715,"Balloon Juice Blog Archive BoBo Brooks, New King of the Media Village Courtiers?"
1,2716,"If I may respond to that as well.
Every time a child is born, it's different than both parents. That's evolution. Change. Are you suggesting some mythological god had a role, or are you you a little more advanced and understand how human reproduction works on a basic level?
Bacteria, a better example, can actually swap genetic material, and ""evolve"" rapidly, without even needing to go through a sexual reproductive cycle.
Just do a simple web search and I'm sure you'll learn some science..i.e. facts about reality.
http://uanews.opi.arizona.edu/cgi-bi...ArticleID=3669
"
1,2717,Most of the laws of the Peoples Republic of Kalifornia are aimed at rendering the citizens into prey. You can't point to many that don't. Self defense is not allowed there I am afraid.
0,2718,"What you must realize is that is the case for evolution as well, we don't have enough evidence to know; this is common in science but it is only the political drive of Darwinism that found that state unacceptable. (you don't see them teaching kids about black holes and unified field theory because we don't know much about it)"
1,2719,"That's what I thought. You can't back up your pathetic lies. 
Get thee behind me, 'O Spawn of Beelzebub."
1,2720,"That's right! Let them burn and murder the people who work in abortion clinics. It's all for a good cause, so why not? After all it has been done before and it worked as the murdered doctor never carried out anymore abortions."
1,2721,"
Isn't that morality?
What's this business about ""innateness""? Who gives a flying fark about ""innateness""?
One iota of actuality is worth a millionfold of your ""innateness."""
1,2722,"Apparently not. The poster Justine responded to has won the ""most posts per day"" award for some months now... and this after only posting since last November. Can you say ""obsessed""? I knew that you could. :)"
1,2723,"i dont like watching videos. or following steps. isnt there just one thing i could do? you know, like be forgiven or whatever?"
0,2724,"No I am saying a human being. Human is VERY diffent from human being. The hair that is in the drain of my shower is ""human."" It has the DNA charicteristics that make me and it human. My arm is human. It also has human characteristics. The question is, is it a ""human being"" with rights and interests, that was my point. "
0,2725,"No no; again, you don't get it. He's only struggling because of people like you who deny the obvious. Rather than listen to what Majerus says about Majerus's project, you're listening to Mr. Mistaken Coyne and the author of the the Science article, which doesn't say what you think it says."
1,2726,"So, faith and argument from incredulity. 
If you find it impossible please state exactly what part is impossible. Then maybe an actual scientist could take over.
Major in molecular biology? Not even a full degree; not like your going to doing anything original."
0,2727,But we also don't know that evolution is true - it is a belief system about the past that requires faith for it to have any reason. Your first part is already false (proved above).
1,2728,"By sending a tribute to ME, of course. Large and small denominations will be greatly appreciated. emoticonXGood"
0,2729,And that has happened in some cases. Mosquitoes are changing the development cycles to coincide with increasingly warmer temperatures. Fish species are enlarging their habitats as water temperatures rise. Many species are moving north as temperature rises
0,2730,"Well, the people in Iraqu that we are killing are terrorists that just want to make chaos so they can come to power in the confution. We also went to war to remove Saadam from power. He killed 200,000 people. most of them were tortured to death. So yes it makes more sense to kill terrorists that are trying to kill as many people as possible than to kill little children that have not been born. Besides, babies are so cute :p"
1,2731,"Well, if history were binding we would still have slavery...and abortions being illegal for that matter. Something being done for a long time doesn't mean it makes it in the constitution. I don't know which part of the constitution has a ""preserve history"" clause.
"
0,2732,"There is just one thing however. The coelacanths found are different from those in the fossil record. Further, ALL evidence pointed to them being extinct, until we found other evidence, and we changed it. And, to top it off, the article says NEARLY extinct, not COMPLETELY. Although, this article was of course written after the coelocanths were re-discovered. Of course, this has absolutely nothing to do with the theory of evolution, which explains the mechanisms responsible for the change of allele frequencies in populations over time."
1,2733,"I was being sarcastic to a gargantuan degree. Why you little rebel, you! Are you proposing that individuals should choose the spiritual dicta we agree with and toss those that don't make sense?"
1,2734,"You don't mean Ethel and Julius Rosenberg, do you? The Russian spies? Nah, you said wrongfully accused....."
1,2735,"So now you're advocating a gun for self defense? Funny how when it comes to killing, a gun is just as effective as any other tool. But when it comes to defense, a gun suddenly becomes a superior and more effective tool."
1,2736,"I have. Yet I can`t seem to be able to do the creative math that will show that europe will become pre-dominatly muslim in any near future.
"
0,2737,"Cases v United States, 131 F. 2d 916 (1st Cir. 1942), cert. Denied sub nom., Velazquez v. U.S, 319 U.S. 770 (1943). Basically, The US Curcuit Court upheld that the Second Amendment didn't apply to weapons that couldn't be carried by an individual."
0,2738,Gun writer Jeff Snider point out. Obama: No AWB for Now?
0,2739,But your new language would be meaningless. The definition of a circle or a square does not vary from language to language. Mathematical definitions are not matters of opinion but quite precise descriptions so that all mathematicians will understand what is meant when the term is used. The words may change but the meaning doesn't. Math is not opinion. It is not my opinion that a triangle has three angles. That is a matter of definition.Apparently Habbit doesn't understand that substituting the words of another language does not change the concept. That sort of argument is basically ignorant XXXX.
0,2740,"Would you mind telling us just how he determined ALL maladaptive or inconsequential mutations in his test organism and just how he validated such measurements? To me as a biologist with quite a bit of microbiology under the belt it would seem to be impossible to do so! After all its very likely that a fairly large portion of the populutaion will have at least one mutation at at least one base pair location in the total sequence! Your claim would seem to be impossible, but perhaps there is a way he managed to do so."
1,2741,"
Sure he did. Then why didnt he simply have his military kill the revolutionists?You want some evidence that Carter abandoned the Shah?http://rescueattempt.tripod.com/id24.htmlI would print parts of that link but there are just two many FACTS presented. Read a few and see if you can dismiss them with something like you did before."
0,2742,"If you don't mind, could you just outline your paradigm please?
 
 and also, when you say you have experience, do you mean in ""real"" debating (HS and College) or just on this and other sites?"
0,2743,"I wouldn't say most cjurches, because you cannot prove that. There is a long list of churches that are accepting of gay folks."
0,2744,"I think the Obama administration has been working with Republicans, and much too much. That's why the bill is what it is.
 
 Although I think it was Feingold who said that Obama has gotten the bill he intended to, from the beginning."
0,2745,"Actually I'm so sure of my manhood that even though I knew that charge would be levelled against me I still posted anyway. Anyway if you feel that men need to be degraded to make up for past actions to women you have gone from ""righteous"" to bitter."
1,2746,"Yeah, so catholics in Mass. will ignore everything that Jesus Christ and the RCC teaches...............
I can tell your not a Catholic and know nothing about the RC religion............"
0,2747,"And like the police , the Navy could plan and execute raids."
1,2748,thats true. i helped. my next bible will be 10 times better if i get around to finishing it
1,2749,"< snore >
It matters not whether you are capable of responding to me or not.
I still point out your argument flaws to others, and they can make their own assessment. Refusing to comment typically does not bode well for you. emoticonXRolleyes 
Judging from the reactions of others, I would say that the people who share your assessment is ridiculously few.
"
0,2750,"Yes it is true that homosexuality was controversial, however it was not the controversy that lead to the decision being made to remove it. It was the act of one doctor who was sympathetic to homosexuals. It was the choice of one individual, based on compassion, not factual data. Patently dangerous and wrong in my opinion. "
0,2751,"Apparently, all them dinosaurs were just too dumb to climb to higher ground or swim (despite the fact that animals are among the first to do so in disasters - example would be the tsunami in Christmas 2004) All of this also avoids the flying reptiles such as the Pteranodons.   Also, apparently humans are unique in that they are the only ones whose corpses bload and float to the water's surface.   What garbage will they come up with next?"
1,2752,"The way I read it is that he has disdain for wars which could possible be avoided. It's interestng that one side of the thought process is patriotic, the others have disdain for life, liberty and the pursuit of happiness.
Will we never think above a 1st grade level?"
1,2753,"So you deny that this man is a victim? Realize that the gunshot drew attention, and attention is something criminals don't want. Maybe without that gunshot, the guy would've been beaten to death. But I suppose you'd be happier, because at least the old man wasn't a gun owner. Or I suppose you think he should've let the criminal have the money; all that is needed for evil to triumph is for good men to do nothing."
1,2754,"Nah, he has been TRAINED to recognize demonic possession as part of his B.A."
1,2755,So how is the oil and gas agreement with China working out for you antipodeans?
0,2756,"Really? A lot of people say that every answer makes more questions. In some ways we seem to know less now than we did at the time of Newton, in that we are less certain.   And Newton's laws deal with what happens in a vacuum with no resistance, not direct human experience   At any rate, my point is that you can't see all the evidence as piling up support for 'science' as 'science' is moulded to fit that evidence. Not a criticism of science, btw."
0,2757,"...and if RMNS doesn't explain the development of hands or feet, it's pretty safe to say it doesn't explain the development of anything else, either."
0,2758,"Doesn't that explain why manslaughter is like miscarriage, rather than why it is different?And Clerisian, you didn't seem to be arguing that the two were distinct, rather you appeared to say that pro-lifers did support charging mothers who miscarried with manslaughter (where the mother's actions, say, drinking heavily, were the cause of death)."
0,2759,"oh yeahrubbish rubbish,scientifically speaking, human life (using a most bsic term) begins at conception. the twins exist as two seperate entities the moment each contains the individual human dna. seems to me you better be certain when it begins before you go around ending it. if you are driving at night an you ""think"" you might see a person ahead in the middle of the road you are hopefully not gonna drive over that person. Instead that uncertainty should lead you to stop. If you dont like that example, consider a hunter who is unsure what is in the bushes."
0,2760,"No it doesn't!It cost way more money in appeals than it does to excute someone. WE the taxpayers pay for legal represenatation for them and us, plus the cost of keeping them in jail. The appelas process alone costs the tax payers millions.It is far more expensive to kill them than to leave them in jail with no chance of parole."
0,2761,"Because if you let gays marry because it is an alternitve way the equal protection says that if you let one happen you have to let the others have that right to. But that is not really my point my real point is that if we let this happend it will ruin marriage in this country, marriage is a bond between a man and a women and if we let gays marry this country will be ruining that tradition thus making this country more secular then it all ready is. AND WE HAVE TO STOP THAT."
1,2762,"Gee, where does the analogy with computers show this? NOWHERE!
Focus dude. If you are going to address my statements, then address what I was discussing. If you just want to spew out pointless God propaganda, go do it in another thread."
0,2763,College. They are normally studied for two years between the ages of 16 and 18 before going to uni.
1,2764,You obviously don't read many posts. Why is this relevant?
0,2765,But the sea and sky are the same regardless. I would say the sailor conceives the information with language. He infers the information with language.
1,2766,It's hard to build up a pile of bodies in the carbine of an airplane. It's very tight quarters onboard.
0,2767,"The only person who can take away your sin is God. No human can ever cleanse himself of his sins, so get over it."
0,2768,"Pregnancy isn't expensive at all unless you're conned into thinking it has to be. If it were, poor people couldn't have the kids they do. Medical costs can be paid for by others. It's the luxuries many yuppy types seem to think they need that makes the after effects costly. In most cases of putting a pregnancy up for adoption, there is NO cost incurred to the mother."
0,2769,"So, if there was a way to know that that baby would be infertile it would be alright in your view to abort?"
0,2770,"Those who set the rules can do with them as they please. It isn't illogical nor hypocritical. It IS illogical to assume you can chew gum if the rule is ""you cant chew gum"" and the teacher allows one student to chew gum."
1,2771,"But procreation is so much fun
Even better without protection
Only drags when your belly pouches
With wrist chained to little tikes"
0,2772,So what? If somebody wants to die then they'll kill themselves no matter what.
1,2773,So biology didn't exist before the theory of evolution was formulated?
0,2774,"So, we are debating creation, yet you don't consider quoting the bible, the single most important original proponent of the creation account and to you, it doesn't qualify as a source for what is being discussed here? You say this and expect to be taken seriously?"
0,2775,"Prove it then. If this is a fact, there will be research on the subject on the net somewhere comparing the effects of the two.   In terms of addiction, alcohol is far worse than pot apparently.   http://www.tfy.drugsense.org/tfy/addictvn.htm"
1,2776,Absolutely. Because atheists are spiritually constipated and are too dumb to realize God and Christ are real.
1,2777,"Trebor can't cough up the missing link so he changes the goalposts.
And FYI, Jesus is risen. You'll see him soon enough I suspect.
Now, who's yo (evolutionary) daddy?"
0,2778,"So essentially the good thing about religion is that it poses a question that may or may not be completely meaningless and then invents a happy-making answer to satisfy the curiosity thus engendered? Wow, that's so much more profound than eradicating smallpox."
0,2779,Just because it doesn't make it into press doesn't mean that normal self-defense doesn't occur and is illegal.
1,2780,"Actually what sank that debate was a bunch of paleontologists from K state who started arguing for punctuated equilibrium. That was pretty much the end. I remember one board member was quoted as saying ""These are public schools. We are luck if we can teach the kids to read"""
0,2781,"But it is based on history. There is plenty of history showing that women had illegal abortions. Or, if their families had money. went to Costa Rica or Britain to have a legal one in those countries.Women died or had severe medical emergencies due to illegal abortions. Doctors and nurses were prosecuted for providing these services."
1,2782,"You're pulling my leg, right? I've been hiring scientists for well over 20 years now and you're going to pull up a wiki reference, that I can edit myself, to prove me wrong? emoticonXWow
Tell me, have you ever met an engineer or a scientist? Have you ever seen the curricula that they take or do you just pull statements from your posterior?
"
0,2783,"i've no problems with gay couples marrying if they have kids
 straight couples can adopt as well"
1,2784,"And the scientific papers don't. The problem here is that creationists don't read the scientific papers. In fact, most can't even understand them."
1,2785,"Indeed, Fellow Pastafarian, will those christians ever learn?: And indeed, DamEtel, fellow skeptic, will they ever learn? The answer is no. So... cheers."
1,2786,"your ""minds""? How many do you have? Oh, and ""I wanted to see what inferior it was""? Nice example of your supposed superiority."
1,2787,And yet it's usually the liberal democrats who are in favor of murdering innocent children...
1,2788,"Fortunately for you, you have the ability to vote to change that. If a majority of people feel the way that you do, then none of us will have to pay taxes to support the war. See how easy that is. :)"
1,2789,"But I thought it was the easy gun laws in the U.S. that made Mexico's cities a shooting gallery? Same as L.A. and less than D.C.?   Amid Drug War, Mexico Less Deadly Than Decade Ago"
1,2790,"Atheism is a religion? Pray tell, where would I find the atheist church?
Ridiculous."
1,2791,I've been a fan ever since your first fake hairflip goodbye. emoticonXGood
1,2792,"Functioning? The fetus breathes freely? It cries when it is hungry or uncomfortable? It demands attention? It smiles and coos and is cute to those who behold it?
Wow! Didn't know that fetuses were that active and functional."
1,2793,"Don't even think about contriving how gay marrige violates YOUR RIGHTS assmonkey. That's the most ludicrous, inane statement I have yet heard from the Religious Right."
1,2794,So taking away all their guns would have been better? The ruling party was certainly well armed how about the other parties?
0,2795,It wouldn't. Altering any of the fundamental universal constants changes them all. We wouldn't be considering some small change here and small change there. The universe probably wouldn't exist in any form.
0,2796,"False. This is not a valid definition of atheism. Atheism is the lack of theism (the belief in gods). Certainly, if I said ""there isn't a tiger in my bathroom"", I wouldn't need to have a camera in there to see. It's called being reasonable."
1,2797,"I don't understand your outrage. McChrystal's your boy's general now. Are you saying that you disagree with ""the Great One""?"
0,2798,"C.S.Lewis believes things on faith, yet we are to use his words, which he is not here to clarify, as evidence that my claim is false, when he obviously accepts the same illogical claim as premise? His use of the word accident can readily be replaced by ""the natural laws of the universe"", or other more descriptive terms, without the negative connotation that seems to scare believers. ""We're an accident? OMG, then we must right!""."
1,2799,"For one to have evolution as their foundation belief, means that one cannot be certian of anything....."
0,2800,"Know of them, no, since I haven't studied any of it, however, typing in ""cave drawing"" at wikipedia brought this up, I suggest you take a look. Cave painting"
1,2801,Wasn't there some genius that wanted firearms locked up as a manditory model posting here? Gee if they can steal from the police station what punishment can we mete out for us unwashed working slobs for not locking up and reporting stolen firearms? Got them into Chicago even with its strict gun laws. Wonder if they complied with the IL gun laws? Yea right.
1,2802,"Yours is already baked.
Tell me about your born-again experience, jazy, and how you experienced the Holy Spirit?"
0,2803,"382 - 405 are the dates I have, under Pope Damasus I."
0,2804,"But the point you miss is that a caterpillar is NOT a butterfly; a puppy is NOT a full grown dog; a ZYGOTE and a FETUS are NOT children.
 
 These entities have not YET grown or developed or changed into those other entities."
1,2805,"What a relief, I would hate to think Batman was so gullible. But Dems, I can understand them thinking that. emoticonXHoho"
0,2806,"Today I was driving my son and two of his team-mates to basketball practice. One of the kids used the word gay in a derogatory manner. I asked him not to. My son said ""ya, my dad is gay."" No teasing, no name calling, a few curious a questions and back to basketball.My son has also been thrown to floor of the bus and force fed garbage for asking a kid to not use the word ""gay"" in a derogatory manner.Do you really think the solution is to prevent gay people from forming families so mean kids can have free reign to be little asses? Or maybe the fact that a kid has gay parents isn't the real issue.I would also like to point out that your argument fails to address the thousands of gay parents who have BIOLOGICAL children."
1,2807,"Oh you can can you? I of course forgot that your statements are by default right and mine are by default wrong or else I wouldn't have made such a silly assertion :p
"
1,2808,"You haven't posted a challenge yet. Including this post.   Would I fit the bill?   Sure, but about what? What's your resolution?   For instance, you might say ""Resolved: Creation and Evolution are equally valid interpretations of empirical evidence"".   Now, personally I'd say that's still too vague because 'creation' drags in all kinds of issues that evolution doesn't speak to (eg abiogenesis, cosmology etc), and 'evolution' could mean common descent, the theory of evolution, etc etc.   So we might kick the idea around for a bit and narrow it down to ""Resolved: Hypotheses of special creation of species and common descent are equally well supported by empirical evidence"".   Or, perhaps it's the age of the earth you want to focus on: ""Resolved: all available evidence is consistent with a 6-10,000 year old earth""   I can't do this for you, feindslayer; make up your mind and present a proper challenge."
1,2809,"You are not a conservative, you are hated by both the conservatives and the liberals.
The conservatives hate you because you make them look like mor ons.
What you are is an incredibly screwed up militant religious zealot that nobody wants around, except us.
We want you around because we think you are fun."
0,2810,"Yet another alleged lie, by the Hillary-haters, shown not to be."
0,2811,"To force women to have babys that they dont even want is even more ""preposterous""."
0,2812,"Well, there's plenty of scientific evidence about fetal development, such that we can confidently say no ""person"" is established up to a certain stage in a pregnancy.I think the decision should be up to the woman, as under U.S. law. Between her and her doctor, whoever else she freely chooses to share with. I think, at some point, in a normally developing pregnancy, a very fuzzy looking line is crossed. But that's why we have state regulations during the third trimester.IMO, Latin American countries, until this day, are unduly under the influence of the Church, superstition and ignorance."
1,2813,"Oh, you are so, so naive.
How do you think Pat Robertson goes to visit his diamond mines? Economy class?"
1,2814,Be careful! I didn't mean to get you hurt. Maybe you should not drink when reading.
1,2815,"And of course, the sea of Montalban's assertions as science, the sea of Montalban's out of context quotes, or the sea of Montalban's misrepresentations of what others have said. It seems that Montalban knows the ""TROOTH"" and won't be discouraged with facts. Sadly, Montalban knows what he believes and reality seems to be irrelevant."
0,2816,"Well, creationists claim he said that. However, there is no real evidence he ever did. They give two sources.. one says it is was in the 100th edition of the 'origin of species), and the other one was on the centinial edition (which is a real trick, since that is 4 years after his death). No one seems to be able to find the primary source for that quote. Imagine that."
1,2817,So I pray to chance every night before I go to bed?
1,2818,And I the opposite... Kind of a wash I guess.
1,2819,"Wow, you're good.
It took me 40 years to figure that one out."
1,2820,"Ok, so you utterly missed the whole religion vs. faith part of the discussion, got it.
"
1,2821,Do you have something-other then words from a dusty old book of myth to offer as an explanation?
1,2822,"All these posts proving Archie wrong, and not one example of his acknowledging this fact has EVER BEEN FOUND! OMG WOWOWOW!!~!@
Please, Archie, tell us about Tiktaalik. Go ahead. Yes, I'm serious. Do it."
1,2823,"How about, ""I think it's a good idea""?
As Jito said, maybe YOU can't, but I guess that's your problem."
1,2824,"Good- we were tired of you not responding or saying, ""it isn't worth my time."""
0,2825,"Not really. That's the fallacy of exclusion of the middle. Because there are only two choices, if one is wrong somehow, the other is therefore correct. The problem is that there isn't only two choice for sure. Besides, science is wrong all the time, it doesn't prove that creation is right. In fact, for instance, science estaimtes of moon dust have been proven wildly wrong, and those corrections actually harm creation. "
0,2826,The Skeptic has requested no judges.   This actually suits me as there are too many of you that I'd have to pick from and I therefore avoid slighting anyone by not picking them
0,2827,"There are no objective reasons to condemn gays. Marriage is not a matter of state and so it is meaningless to argue whether a state should recognize it.My advocating of perfect liberty allows no contradictions or exceptions, believe me I have lost alot of support from conservatives for this, perhaps even gays if one really applied it to all extremes."
1,2828,"Just to let you know you're welcome to come back and debate Islam, don't hurry, you've a lot of reading to catch up on.emoticonXHoho emoticonXLove"
1,2829,"That seems reasonably likely, happens to a lot of people.   Umm, you're the one questioning whether the environment can cause cancer? The ""Evolutionist scientists"" you despise so much are the ones publishing papers about the environmental causes of cancer.   Cancer isn't ""selected"", people who get cancer often die and have no more children...   Think before you post next time? Or is that too much to ask?"
1,2830,"Thanks for that little ad hominem! Shall I share with you my guesses about your motives?... But I digress.
"
0,2831,So much for your cover. Its blown. You just made another gaps argument making the assumption that if theory X does not explain observation Y that a theory which is untested and untestable MUST be the only alternative explanation. Balderdash and shame on you. The alternative theories would likely be numerous and the ONLY one is not something untested and untestable.But I forgive you GOD probably made you make the error for his own mysterious reasons. Or else your statement is evil and was forced upon you by the devil. Maybe you will never know - in this life at least :(
0,2832,"Go pound sand. You're the people who want the Separation of Church and State, remember? Get your sick, satanic mits off the church."
0,2833,They don't live in an environment where such events are likely. At one time there were several species of hominini living at the same time. Evolution is more bushlike that ladder like. It just so happens that we are the only species that remains.
0,2834,I don't find it surprising. It's probably a strategic sacrifice on their part rather than a change in their personal views . They don't want to lose votes and possible support from gun owners for their priorities like health care reform because of a difference of opinion on gun control policy. They know that the Republicans are going to hit them with everything they've got during election time and exaggerated accusations about the Democrats wanting to take away people's guns would hurt them. The Republicans learned during the Clinton years that creating as much as paranoia as possible about the Democrats supporting big government is the way to regain a majority in Congress. It's all politics.
0,2835,"It is so the womans decision. If the baby is in the womb they haven't experience life, so how can they miss it. And if they are a so called ""soul"" then they will come out somewhere else."
1,2836,"You want to explain to me what the age of consent was in 1st century Palestine?
And rejoicing really sounds like fear and intimidation to me. emoticonXRolleyes"
1,2837,"Are you kidding me?! You think that blacks living in Third World Carribean and African countries are ""content?!"" They're starving by the tens of thousands per day or living so far below the poverty level that it's unimaginable. Maybe you should wander off the beach sometime and see for yourself.
"
1,2838,"So what you're saying is that by mentioning both in the same post, I'm saying that unless someone is a YEC then they aren't a christian? Because that is what you attributed to me. Yet you have yet to post evidence of me saying that to anyone. Nor have you supported your original claim here, you said this: Last I checked, no credible fossil fuel firm hired YEC geologists. Prove this assertion since you researched it thoroughly enough to start a thread about."
1,2839,"Ah yes, the 'Let's pull a smug and self serving quote out of context from the bible and use it as in insult, therefore god exist' routine. That arrogant method of using self congratulatory bible quotes to insult and denigrate your opponent is neither an effective debate technique, or does it help convince those people on the boarder line to convert to Christianity. It does drive them away, so please, be my guest and keep on trying to use it. I figure the ratio of people you drove away from Christianity to those people who were converted to Christianity from you must be way lop sided."
0,2840,"Actually, this guy was an ex-con. It's illegal for a convicted felon to own firearms. Galileo actually helped us more than he helped you. This proves once again that criminals will always refuse to surrender their weapons."
0,2841,Really? The transcript shows that he did not ask her anything in the Gay marriage section of the discussion.Transcript can be found here: http://elections.nytimes.com/2008/pr...al-debate.htmland here: http://www.cnn.com/2008/POLITICS/10/...ipt/index.html (click on the same-sex benefits section and the transcript shows up right next to the video)
0,2842,"Apologies, that wasn't my intention. My meaning was this; while it was your conclusion, your use of it as an unsupported 'fact' forced us to treat it as an assumption. We had no way by which we could make it a conclusion - that's the purpose of this thread!"
1,2843,"Dear smiling, friendly, forgiving Archangel:
I would be quite happy to respond to you if you could organize your incoherent mental states into logical, debatable points. Please refer to Chester's Questions for Bible-thumpers for guidelines.
As for staying on topic: since there is no God, it is rather pointless to have religious ceremonies in any case, isn't it?
As for my nom de Web, you have missed the point altogether. Either you are not quick on the uptake and/or you are completely ignorant of the Japanese language. Hint: surely you have seen the starry emblem on all Subaru cars?
To end on a conciliatory note: I entirely agree with the last sentence of your posting [except the punctuation].
-"
1,2844,"http://66.221.20.150/evidence/hamilt...smok/file2.htm
http://66.221.20.150/forum/files/preg.htm
http://www.lcolby.com/b-chap8.htm
http://www.lcolby.com/b-chap10.htm
http://www.lcolby.com/b-chap12.htm
http://www.lcolby.com/b-chap13.htm
Geez, what a migrain!My head hurts from all that reading, Falling!
Try to read chptr13 before chapter12, it will help you out."
1,2845,"Wow, what a great argument! We can use the same ""logic"" for rabbits: take their current population and doubling rate and ""prove"" they didn't even exist 100 years ago!   I love those ""common sense"" arguments."
0,2846,"You hear that cry...allowing gays to marry will cause the downfall of civilization...but you never hear ""how"" or ""why""? More Chicken Little ####."
0,2847,"Really? Why can't you ""disprove"" what it actually is instead of someone's explanation of it? It's a standard scientific tool, the procedure is well documented. If you can ""prove"" that it's wrong somehow you should be able to do it right off the bat, you shouldn't need to be primed with someone's explanation."
1,2848,"Taking away peoples right to an abortion is a great idea !!   People are confused and don't really know they want a kid, they just think they don't. It will all be alright after the kid arrives, .. they will discover we know best and keep and love and shelter these kids in a nurturing way. We know best and we know that none of them will ever just end up in a trash can or droped off at the local childrens home to join the thousands of other unwanted kids. None will ever become a pawn in a divorce situation, nore will any of them be sold into child slavery or prostitution.   How do we know all this ? .. We just know people who don't think they are ready for or want a kid really do !!   They will love and nurture it and all will be well."
0,2849,"Actually there is a better solution.   Mandatory male and female birth control pills, financial penalties if you stop taking. Anyone who would get off the pill would want a kid, therefore, abortions would cease."
1,2850,"You should use the same quote when whining about use of partial quotes, and not introduce different ones. Nozza made a false assertion and was refuted with his own words. You introduce a different false assertion and fail. Epically."
0,2851,The problem here is that Christians (such as I am) consider the Bible to be Proof.
0,2852,"I'm not sure what the source of the bias would be. Do you mean that it is somehow prejudicial to link ID with creationism, because, somehow ID is scientific while creationism isn't? But that's just not true. In the Dover case the court concluded that ID isn't science any more than creationism is. In fact, it was clearly demonstrated that the motivation for ID is an effort to disguise the fact that it is nothing more than creationism without the mention of god. Basically, if you scratch an IDer, you get a creationist."
1,2853,"Now you are being insulting. Evolution makes no statments about your god. For that matter, neither does cosmology, astronomy, chemistry, physics or geology."
1,2854,And you simply can not rely on what you hear on MTV or the radio anymore. They play what's marketable - not necesarily what's good. Clear Channel would not know good music if I shoved it up their XXX and lit it on fire.
1,2855,You'll never have that problem comic relief. You'll always be young mentally.
0,2856," but it is the best theory besides evolution. If evolution isn't true  somebody please come up with a new theory to compete with creation. Right here  please  I would like to know what is option #2 for Atheism."" Just out of interest, which version of creation are you talking about? "
1,2857,As long as we cut off the privates of the fathers as well.
0,2858,I've always gone the Scylla and Charybdis route before instead.
1,2859,"You should really think about what you say before you say it. I have heard this before and its garbish, I have been around and owned guns my whole life and I have never, not even once, had the thought of getting a gun just because someone ###### me off. I would never use a gun on a person unless that person were a viable threat to my life, such as coming at me with a knife for example."
0,2860,You could put the stranger out even if they had nowhere to go and it was freezing cold out.
0,2861,"And as their populations grew over thousands of years, civilizations seperate out and independent nations form, laws are set up, and some prosper while others wallow in poverty, how long do you think it will take until people begin to kill each other on your peaceful planets? Nice dream, but real life does not work like that."
1,2862,"http://www.4forums.com/political/sea...induser&u=5142 Here you go TQ, I have written over 10,000 posts here @ 4forums. Go ahead and check my grammar and sentence construction. Only a second grader would stoop to the level of meeting you in the mud where you feel most comfortable.
"
0,2863,"And were THIS the 17th century, I might understand that, but this is the 21st century. We don't ""bleed"" people to make them well; we don't have barbers performing surgery and we usually have a trained physician in the delivery room."
0,2864,"No I don't think that tying your tubes is abortion. I only think abortion comes into play when there is actually cells forming to make a baby, and you get them scraped out, or abort a baby before or after the third trimester. Plus I heard that if you tie the tubes, when you decide you want a baby you can untie the tubes, to conceive a baby. But burning is another thing. But unless there is actual cells forming it is not abortion"
0,2865,"Anti abortion people want to take a womens right to an abortion away period. Would you force someone to get a sonagram of a tumor and be forced to look at it and think ""do I really want to have this tumor removed?"" That is exactly what a fetus is and for some women that is how it is viewed."
1,2866,"Oh, I get it. So you believe, but you don't exactly ""believe""."
1,2867,"The Book of Genesis is either secular or observed history? Somebody get marc a dictionary, please. (And I'd link him to a long list of observed instances of speciation, but he'd ignore it yet again.)"
1,2868,"Kudos to Dubya! I thought that Brown was, well I don't know, INCOMPETENT!"
0,2869,"What's ridiculous is your mis-reading of the argument. I'm both discussing individual pharmacists, and their refusal of service to individuals based on the drug the individual wants, which is already assumed to be dispensed at that pharmacy or chain."
1,2870,"You are riddled with a serious case of projection, considering the fact that your teabagging hero, Dick Armey of Freedomworks, has suckled the teat of the nanny state's taxpayer subsidized government plans his entire adult life, not to mention your bailed out bankers and health insurance and pharmaceutical companies.
Your real tune is, when poor old big corpo the whorpo wants his bottle, they better bring him his bottle! emoticonXCry
I say leave him in his crib, close the door for a couple of hours, and let him cry it out!"
0,2871,"My recollection is similar to yours. I encountered it in an AP biology class in high school, we spent about 1/2 the extra-long class in labs (I think that was the primary difference).   The giraffe example was an ""aha"" moment for me personally, I suspected life changed, but the specifics I had never thought about.   I recall a disclaimer at the start of the section, but I don't recall the exact wording.   -Mach"
1,2872,"I was not dead in the 70s but I was not living in the States.
I was under the impression that Abba was not successful in the States but did not have the advantage of the world wide web to ask my American cousins if this was the case.I could not afford to fly over there either.
I was also under the impression that Diana Ross was not popular in South America maybe Winston will read this post one day and tell me I was dead in the 70s and 80s."
0,2873,Kerry is pro-choice. He is in favour of allowing abortions to continue. It matters not why. That's not what we're discussing. It is irrelevant then to speak of the history of the USA etc. I'm not questioning his motives. I'm stating he's in favour of abortion. He is. I quoted from him. You continue supposition that he is not.
0,2874,"So country by country, the world is going to hell in a hand basket. And this pleases you, why? emoticonXFrazzled"
1,2875,"Where? I don't see it. My monkey brain's fine but my eyes aren't what they used to be.
I'm guessing we're through discussing the legality of armed self-defense in Australia given the flurry of OT links?"
1,2876,So let's just kill them and be done with it. Is that what you're saying?
0,2877,"I know of at least 3 personally, including my brother. He fought for custody for years and it nearly bankrupted him. He was trying to get his kids away from an ex-wife that would go away with her boyfriend for weekends at a time and leave their 15 year old daughter in charge of threee younger siblings. "
0,2878,all this would give the tea baggers more than sufficient time to jump their sinking ship.   You did know that is a term for a specific gay male act?
0,2879,"The problem with happenstance origins is that there is no evidence, and it's simply not possible to falsify it. If we were able to prove so many scientific proceedures (from abiogenesis to radiometric dating - all based on the presupposition that there is no God) were indisputably true, then ID would be falsified. There is not enough supporting evidence for happenstance origins. Yet so much of happenstance origins is considered science, so all too often, there is no line between religion and science. "
0,2880,I think her point was that the pope is biased because he's catholic.
1,2881,"My first thought on reading this was ""What is Comfort thinking?"".... Then I remembered he has faith instead."
0,2882,You're not one of those people who doesn't consider Catholics christians are you?
0,2883,"Well, first, those were Hebrews, not Christians. Secondly, the scripture doesn't say they raped them, it says ""keep them for yourselves."" That could mean rape, however, I'm pretty sure that was not Moses's intention. Also, the Hebrews considered it impure to lie with non-Hebrew women or men, so if there was any sexual immorality going on it was very small. However, that DOESN'T mean it was justified or right."
1,2884,"Maybe you aren't aware, but something that hasn't happend but has a possibility or probability of happening is potential, so the word is accurate to describe it. And since I'm sure Steeeeve (the dictionary worshipper) will step in, here is the definition:
"
0,2885,"I don't see how this is not a debate about abortion. True, it's become mildly less concrete, but that's what happens when you try to get it right."
1,2886,"Hmmmmm. Reaction Formation much?
Wow. I didn't know refuting an analysis was possible by religiously adhering to the concepts you are trying to prove nonexistant."
1,2887,"Ah, the esteemed Washington Times, the rag of that Korean Reverend who does the mass marriages and other weird stuff--um, what's his name now?"
1,2888,"Here come the Christians, thinking they can know everything by guessing, and commiting the genetic fallacy left and right."
1,2889,Because the gay personals are full of married straight men looking for discrete gay sex
1,2890,"No, no, no. If humans were created 4,000 years ago, then the earth was created 4,000 years and a few days ago. At least try and get it right."
1,2891,I'll give you His phone number and you can call yourself. It's 1-333-NOS-ODOMY. emoticonXAngel
1,2892,"Well hey, if you want the analogy, ya gotta live with where it bites ya ... emoticonXGood"
0,2893,"As Mach pointed out, you (Montalban) are arguing with yourself here.You stated that ""bacteria needing nylon to survive"" is put forth as evidence for evolution. Then you said that an alternate view was that there are some bacteria that need nylon to survive.Anyway, an actual alternate view is that the experiments performed to determine whether the bacteria could survive on nylon alone could not have been exhaustive. There may still be a natural substance on which the bacteria survives. It may even be similar to nylon, but it has yet to be discovered. This is a big maybe, though."
0,2894,"Yes. It's not logical to simply cite, ""the Bible tells me so, the Bible was written by God,"" and consider that an argument. The Bible has been wrong. It's also not logical to cite authority to God. It necessarily begs further questions about your God's unproven existence to those who don't believe in that God, or in any God. If we don't simply believe in your God, on the basis of your presupposition, he can have no authority over the rest of us. One must come up with another argument.Should each religion have it's own definition or completely different idea of logic, which favours that religion and its God? "
1,2895,"Thanks for that rant against religion.
You may think its relevant but I dont particularly think it is.
Its not only religious people that do not like gays.
They need better PR than comparing gay prejudice to racial prejudice.
They could learn from black people with their role models though, MLK,Muhammad Ali and Paul Robeson are far better than Liberace and George Michael."
0,2896,"A fairly good explanation, toned down a bit from Darwin's explanation (for the average person who does not have a PHD in biology)."
0,2897,"So funny... Like others have pointed out, this dialogue has nothing to do with evolution. It's a ridiculous story otherwise as well...   1. How many secular teachers talk about God in class? I've never had a teacher in any of the secular schools I went to say anything about God, for fear of the controversy it would create. Teachers live in fear of controversy, they don't want to get fired. I think this idea that non-Christian teachers try to convince students that God doesn't exist is a fundamentalist paranoid fantasy.   2. How many atheists use the ""you can't see it so it doesn't exist"" argument? very few. They will use the ""there is no evidence so I don't believe you"" argument, but that has nothing to do with whether Timmy can see teacher's brain."
0,2898,"And you people whine at me about using personal insults (emoticonXCry )... anyhow, once a fetus is eight months, I believe, they are fully developed and ready for a premature birth. I was born prematurely, so don't tell me it doesn't happen. So if you get an abortion at eight months, you're not killing a fetus, you're killing a baby."
1,2899,"What part of the Christian worldview? A part of the Christian worldview says stealing is wrong, so you must mean stealing is good? A part of the Christian worldview says rape is wrong, so you must mean rape is good? A part of the Christian worldview says sexual immorality is wrong, so you must mean sexual immorality is good?"
0,2900,"Oh deary me, no. Where do I even start?The bacteria and enzymes in your gut and intestinal tract that digest food are every bit as microscopic, and they thrive on specific compounds, not elements. Sugars and fats are plain old carbon, hydrogen and oxygen. You could get exactly the same atoms into your body by drinking water and eating graphite - and you'd die. Can you digest cellulose? No - but other animals can, because they have enzymes that can break it down. It's still all just carbon, oxygen and hydrogen - but that's like saying everybody's front door key is just 'brass'. It isn't the fact that it's brass that unlocks your door, it's the shape it's formed into :)"
0,2901,This looks like something from Bible Code. In other words bull.   Edit: Interesting though.
1,2902,"Actually, God does not care one bit. It's only plumbing.. 
 Got that from God Himself "
1,2903,"Attitude? You mean that attitude towards the great Satan and the Zionist Jews subjegating their fellow muslims palestinians?
"
0,2904,"Um. Have you read Leveticus? And I mean, read it. Not skimmed it.Because, God loves everybody. Are you reaching?And what does fast and loose mean? I'm confused. I think you are trying to label me.. but I'm not quite sure what I'm being labled as. "
1,2905,sure just as soon as you give me some for spontaneous generation and macro-evolution.
1,2906,"Christians offended by 'Happy Holidays' and non-Christians offended by 'Merry Christmas' are as moronic as each other imo.
Two stupids don't make clever.:)
-Wez"
0,2907,"Sure. The outcome of Heller vs DC and Florida Shall - Issue laws support that statement. According to Brady logic, the more helpless you are, the safer you are from criminals."
0,2908,"Yes, it does. Read it all. Also go to this link where an Israeli citizen talks about guns and gun-control in Israel. http://www.counsel.net/chatboards/2n....02.36.24.htmlSounds like Israel has strict gun-control laws but also lots of guns. Gun-control has not led to gun confiscation in that nation."
1,2909,You don't view infants as people either? What form of beast are you?
1,2910,"Crouching Libertarian, Hidden cost. Can't pay extra expenditures get's ya penalized! No special education requirements (they are't unders state or federal control!) No requirement to moniter student progress...that seems safe."
0,2911,"Chuz, the purpose of this summary is not to summarise your arguments as a whole - it is to summarise what your argument is up to this point.   Why not post just a summary of your position so far, as you see it - I can do the same, then you can continue with your argument?   There's no point in writing an argument, summarising it and then leaving the thread before I've had a chance to respond to even your argument (never mind your summary). If you are going to simply ignore any criticisms of your reasoning, then I struggle to see the point of you repeatedly requesting a one-on-one debate in the first place - you essentially regress your argument to the 'because I said so' that you are (presumably) hoping to avoid, it's just that there's slightly more detail."
1,2912,"Dunno about that. It looks pretty danged cozy for the corporate socialist.
The American people, however, look to be shat upon by the Republicorps screaming and bawling in the streets."
1,2913,There you go. It's difficult to find which side of your mouth to talk out of when the facts are the facts!
0,2914,"Honestly I'm not sure if it was ever said in the Bible, but I sure have heard a lot of the Bible thumpers saying free will is a gift from God."
0,2915,"But himps living in the jungle were in competition with other himps which didn't migrate to the plains. And pressures from predators, climate and changes in the ecosystem should have continued to force the need or desire to control their environment as our line of himp grew to do. My point is that with all of the same basic tools to start out with such as fingers, opposable thumbs and walking upright, there is no reason why only our line evolved to the level that human beings have attained with the same hundreds of millions of years, and the same pressures pushing us all forward, or towards extinction."
0,2916,"Actually, it's true. One Darwin's basic ideas upon which he based the theory of natural selection."
0,2917,"Well if your claim is that you shouldn't push a gun owner's buttons and make them mad, then why are you arguing with me when that's what you're claiming is the wrong thing to do?"
0,2918,"That should be, ""duh"".   I knew what you meant. A bit of humor is ok.   But I guess you don't have anything to say about the implications of this study."
0,2919,"So would you care if abortion were outlawed. If so, what would be bad about allowing a view that places objective value in human life to be the basis for making law?"
0,2920,"And right at the top of the list, at a whopping 31.2 per 100,000, is Washington DC, even though they had a complete and total gun ban in place. How the hell do you explain that? Nobody could own handguns, nobody could ever carry a gun, nobody could have a gun outside of their home, nobody could even load their private guns, so how do they get to be at the top of the list or death rates?"
0,2921,So does this mean they have to get tougher on gun control or softer before the results go their way? That is the real question. My guess is that we are caught in the unhappy medium where going in either direction will be more successful than where we are now.
1,2922,"True until proven otherwise eh? Xcaliber and you must get along great.
You have things backward and you are probably being confused by the 'experiment to falsify a theory', that is a tenet of science based on the generalization that untrue theories are easily disproved.
No logician (and by extension no good scientist) would ever hold a lack of disproof as proof.
Oh right theories are never proven, so in fact your definition of theory would go something like this -> 'an idea that is not disproved which we assume is true'.
"
1,2923,"You mean pseudo-science, or faith-based science.
You'd have to be a XXXXX to dismiss all of the science done out of hand."
1,2924,"Having had your rights trampled on for so long, I would expect to get a warmer reception from the gay-marriage crowd. I feel your pain! Other people's concept of love and marriage are being forced upon me!"
0,2925,"Well, it is being challenged in the courts, so the only way to overturn it would be to deem it no longer constitutional.
 
 
 Oh, and thank you!"
0,2926,It did not because it was not clear till the 1970s that horizontal gene transfer was something to be considered. Nobody knew the mechanism till that era. And of course HGT is just another form of variability to be taken into account.
1,2927,"Yup, they're gonna start recrootin' on some Katrina victims.
More scary XXXX:
http://www.dailykos.com/storyonly/2005/9/9/235253/7258
"
0,2928,"That's because its sophistry. Its an inherent contradiction and it simply means we don't have the capacity to understand it. Another more common example is that the assertion that the universe cannot be endless, and yet as far as we know it is. Trying to understand it is for us humans like an ant trying to fathom the theory of relativity.Damn are we ever conceited as a race...we seem to think that if we can't understand something, it cannot be. We also tend to think, in every generation, that we have achieved somehow the pinnacle of progress."
1,2929,Well you wouldn't have to 5hit yourself everytime you walked down the streets if you had a gun yourself.
1,2930,I see. Sounds too nebulous to stand up to scrutiny in the US. I'm guessing that the SCOTUS would strike down such as law as being too vague.
1,2931,"If it did that, then you might have won an argument by now."
0,2932,"And THAT'S why we have these things called judges - so they can rule such things to be unconstitutional. And yet, for some reason, you and your fellow anti-gay people are always complaining about judges doing just that."
1,2933,"I guess since he said so it must be true... poor daewoo, just remember only whiners point out logic fallacies like ad hominem and argument by dismissal."
0,2934,"If a square is opposite to a circle (and it isn't, by the way), then gas/liquid/solid must be opposites therefore you contain opposites (by your own argument), in that you contain elements that are in these 'opposite' states. It's an argument I raised before, you said they weren't opposites, now you cite non-opposites! Why do you keep refuting previous arguments they YOU have made?"
1,2935,"Hey that cheeseburger is on me,and make sure it has extra  rat poison!"
0,2936,"And we do. In some phyla, most of the partially-formed examples still exist. You can find them in mollusks, for example.
 
 http://www.pnas.org/content/vol104/suppl_1/images/large/zpq0120756920001.jpeg"
0,2937,"Yes, they do show a faithful devotion to the ultimate reality that there are no gods. You're an atheist, aren't you?"
1,2938,so..   eh??   hows this sound?   will it fly with conservatives and progressives?   I think so.   -Mosheh Thezion
1,2939,"I get what you are trying to do but it doesn't work. You might as well say ""let's print a bunch of money...pay off the debts...and then force people to burn it!""."
0,2940,"again, please review the definition of an atheist   humor cannot be observed by apparatus that test the physical realm. it is an abstract and intangible quality. so is beauty, artistic ability and pleasure. yet these things exist and are as real to an atheist as it is to a theist. an atheist does not need a devine revelation to appreciate intangible qualities or account for their existence. they can be detected through mental processing, and communicated so that others can agree on the quality and identify it when it is present.   being an atheist does not preclude belief in the existence of intangible and abstract things. it just precludes the belief in god and a spiritual/supernatural realm"
1,2941,Well so is falling out of a building onto a piece of rebar. Or getting mashed in a car crash. There are a lot more of those than shootings but you don't seem to care. Why is that? Is it because you love to dance in blood?
0,2942,"Well then this doesn't answer my question.If you have 10 doctors for 100 people (this is just an example) and only 50 of them have health insurance and each doctor gets paid $100 a year then your health care per capita is $10 ([10doctors x $100]/100 people). If you change it to 100 people with health insurance you now have $10 per capita as well because you population did not change. Health care costs are shown per capita and not per person insured: Per Capita Health Expenditures by Country, 2007 &mdash; Infoplease.comSo again, if you go from $6,000 per capita per that website given above to say Switzerland levels at $4,100 per capita then where did that money come from?"
0,2943,"End the guessing right now. Don't guess. The meaning of the 2nd Amendment is explained in two documents: 1) The Militia Act of 1792 and 2) Federalist Papers #29. Both of which was written by the same Congress and same men who wrote the 2nd Amendment, the Constitution, and established the political philosophy of our country.First the Militia Act states WE AREA ALL IN THE MILITIA and that all citizens bring thier own weapons. - http://www.constitution.org/mil/mil_act_1792.htmThe more broader philosophy and intent of the 2nd Amendment and the Militia Act is further explained in the Federalist #29. - http://federalistpapers.com/federalist29.htmlThese documents are the thoughts and intent of the men who wrote the 2nd Amendment. So gun control slime are guessing or trying to reinvent history when they think gun ownership is collective. None of these documents anywhere support the collective idea."
1,2944,"Said like a lazy, ignorant person who would rather live off the sweat of others than go out and earn for himself."
0,2945,"It is not only supposedly ""junk DNA"" that was used for these kind of arguments. The vertebrate eye has been preached to be a bad design. Why? Why is it a bad design?
 
 The human eye contain bona fide optical fibers to conduct light (nice illustration). B"
0,2946,"Different version here too. ""No one born of a forbidden marriage nor any of his descendants may enter the assembly of the LORD , even down to the tenth generation."" Forbidden: not permitted or allowed"
0,2947,"The effects are not remotely similar.   Marijuana is not an effective pain reliever. It is commonly prescribed to treat nervous disorders and nausea.   They don't. The vast majority of users(not addicts) are functioning citizens. The fact that you don't know that proves the point.   This is old and tired. The only gateway is the dealer who is encouraged to carry multiple products. That and the fact that many young people figure that if they were lied to about the seriousness of dangers associated with marijuana, maybe those other drugs aren't as bad as they say either. Wonderful strategy on the part of the antis.   Except no one smokes 20-40 joints a day."
1,2948,The VPC has a political agenda. The FBI? That is like saying I believe Coke taste better than Pepsi because the Coke commericial says so.
0,2949,"And religion is what caused the Crusades and most other wars in the past, and many wars, and bloody disputes, to this very day. Many, many, many, many, many more people have died in the name of religion than in anything that could be called ""in the name of atheism""."
0,2950,"And are people in DC legally allowed to carry their guns with them in a concealed manner, having them readily available like the rest of us do in the country?Absolutely not. According to DC your rights don't extend past your home, and it barely even exists inside your home."
1,2951,"Congratulations, Hunter. You have just accepted the 5 primary tenets of fundamentalism. So I guess that makes you a fundamentalist.
"
1,2952,"Loki
remember that link we put on the browser.....
dictionary.com
use it :)
Love
Your Mother!!!!!!!!!!!!
emoticonXAngel"
1,2953,"the gun haters have lost the battle, it's time for you and your fellow sheeple to leave the country and head for territory where you belong, like France.   Go on, beat it! Get out of here before you scream and terror and die of a heart attack at the sight of two children playing cops and robbers and saying ""Bang! Bang! You're dead!"""
1,2954,Duh? I'm referring to the left wingers right here on this forum as well as the left wing media and left wing congress and left wing Teleprompter of the United States (TOTUS).
0,2955,I think its actually the states job...the judiciary does need to overturn Roe v. Wade to get this done though...which doesn't mean it becomes illegal.
1,2956,"Based on your irrational rants, you are most definitely the sockpuppet you proclaimed yourself to be in the post above. 
"
1,2957,"Wow, you are high on Christ...Scary...I haven't seen this addiction up close emoticonXRolleyes"
0,2958,"Those abortions that are perpetrated as ""birth control"" should be outlawed."
0,2959,"What, specifically, are you witnessing? A baby being born? A prayer apparently being answered? A near miss? Mysterious coincidences that you interpret as being the work of God? Or do you see dead people rising up out of the grave? And people walking on water? And people turning water into wine and feeding a crowd with a small amount of food?   What kind of miracles are we talking about here?"
0,2960,"You can not create the general from the specific, only the specific from the general"
1,2961,And ill continue to have pity for abused and unplanned pregnant women lacking basic healthcare.
1,2962,You just had to bring Godwin into didn't you. >_>   Besides what good is a corpse? Nevermind you're never going to understand my logic so I might as well not waste the time.
0,2963,"No, I mean evolution, in which statistically random variation is but one factor. It's a terrible mistake to equate evolution with pure chance."
0,2964,"I believe you are thinking of orders, not denominations. There is a big difference.   Strict and loony? Could you be a little more specific, because this statement sounds like it's coming out of complete ignorance.   You also seem to be making the assumption that all of the non-Catholic Christians are somehow very similar, which couldn't be further from the truth."
0,2965,"But recognition of the big bang as a very good explanation of cosmology isn't limited to evolutionsits. In fact, most other scientists also believe so, most especially cosmologists and astrophysicists, who are directly concerned with the early universe. Evolutionists, even though the origin of matter and time are irrelevant to the study of evolution, are also educated in science and probably accept the work done by these other scientists."
0,2966,"What a condescending attitude you have. In case you haven't noticed, you are a very small part of the human race that you smuggly hold in contempt. (Thankfully small!) Your mission should be to improve it, not to stand back and claim you are better than everybody else, as you seem to do.   Killing innocent people of any age is wrong. Children are no exception, they are just the epitomy of innocence.   The ""pretty sick"" applies to your own deluded thoughts.   Rest assured, I will not mourn your death or the deaths of any of those you may have taught your insane values. You are  !"
0,2967,"Well, obviously.
 
 It possesses some form of intelligence that it is up to the Darwinists to identify, lest their theory will be further destroyed."
1,2968,You have a lot of screwball theories that you will be taking to Hell with you when you die.
0,2969,"Forgive me if this seems picky, but I just want to try and fully understand this argument. I should say that I don't necessarily agree with it, and would like to respond as to why. I just want to give a proper representation of your argument so that I can make a sound response.As such, you can no more force her, against her will, to provide bodily resources to an embryo or fetus, than you can yourself be forced to give of your bodily resources against your will.... Where does this right originate from, i.e., is it from the US Constitution via the 14th amendment etc?"
1,2970,I was hoping that talking in Old English would help him understand.
0,2971,"And yet I alread showed what the ""moral code"" of atheistic societies has done for the world:   II 128,168,000 VICTIMS: THE DEKA-MEGAMURDERERS   4. 61,911,000 Murdered: The Soviet Gulag State   5. 35,236,000 Murdered: The Communist Chinese Ant Hill   6. 20,946,000 Murdered: The Nazi Genocide State   7. 10,214,000 Murdered: The Depraved Nationalist Regime   III 19,178,000 VICTIMS: THE LESSER MEGA-MURDERERS   8. 5,964,000 Murdered: Japan's Savage Military   9. 2,035,000 Murdered: The Khmer Rouge Hell State   10. 1,883,000 Murdered: Turkey's Genocidal Purges   11. 1,670,000 Murdered: The Vietnamese War State   12. 1,585,000 Murdered: Poland's Ethnic Cleansing   13. 1,503,000 Murdered: The Pakistani Cutthroat State   14. 1,072,000 Murdered: Tito's Slaughterhouse   IV 4,145,000 VICTIMS: SUSPECTED MEGAMURDERERS   15. 1,663,000 Murdered? Orwellian North Korea   16. 1,417,000 Murdered? Barbarous Mexico   17. 1,066,000 Murdered? Feudal Russia"
0,2972,"Really, so you are totally knowable? Show me the site that has the Mach User-Manual where I can know everything about you."
1,2973,"Three days? Non Christians supposedly spend an eternity in hell, not the weekend.
"
0,2974,It's one thing that stands between us and a mindless theocracy. It protects the freedom of women from would-be ayatollahs who would make them sexual slaves.
1,2975,"Now, that logic is so bad, it's worse than circular reasoning. It's figure eight reasoning."
0,2976,"No. In 1996 there was a shooting massacre in Port Arthur, in the countries south. The new government had just been voted in, and it was their first act, right on the back of this massacre, to tighten gun laws up significantly. Riding on the back of public horror at the massacre, it was rushed through, approved by both the upper and lower houses, and made law."
0,2977,"We can add to this list, Singin's desire of criminalizing gun owners who don't report gun thefts in a required time and to lock up all guns in a manner that will prevent thefts. He of course says that does not mean jail, but aiding and abetting and straw sales already require serious jail time. and straw sales is already a Federal Offense with either 5 or 10 year jail terms. So we are talking about Very Serious jail terms regardless of what Sinjin might say in order to sell the idea. And one more thing the Anti-gun forces want but won't say it now."
0,2978,Hmmm... He may get things right only when he thinks getting it right contradicts evolution...
1,2979,"[bold added--ww]
**
Why, yes, of course!! How foolish of everybody! It's obviously just one more case of ""spontaneous generation"", that's all. Any darwinist can see that, plain as day!"
0,2980,"That's not evidence, that's an assertion. As for my dogs (cats), yes. They do put on a winter coat in the much warmer winter climate than Arizona in which I live. So I return to my original question, on what evidence do you base your claim that an arctic fox would not change color in the winter in Arizona?"
1,2981,"Obviously sarcasm escapes you....if you did not understand that remark about gun control working in Europe during the 1930's.
Report me? My knees are trembling already.
I believe Steeve was expressing his right to free speech."
0,2982,"Well... someone hasn't been following the campaigns for the so-called ""protection of marriage"" amendments, federal or state."
0,2983,Wrong and right.   Evolution is both a verified phenomenon and a biological Theory.
0,2984,So it is claimed.   Tiahrt Amendment Facts | ProtectPolice.org   I've noticed a pattern. Pro-gun activists give lip service to the idea of enforcing the law and catching the bad guys while supporting legislation that actually makes it harder for law enforcement to do so. They send a mixed message. It's happened before such as when the NRA has lobbied Congress to reduce the budget of the ATF. How can reducing the budget of law enforcement help them do their job better? It gives us a clue to what the gun lobby's true motives are. Truly disturbing.
0,2985,"Hmm, when you say ""numberless"" do you mean something other than the standard definition of infinite? If not, please explain how an infinite number of organisms could be created in a finite time with finite space and resources. Thank you."
1,2986,"I am actually getting my entertainment value out of WW and his lack of knowledge, along with his attempts to ########. If you or the others are bothered by his ignorant banter please let me know, and I will stop forcing him to give answers on subjects that he so obviously has no clue."
0,2987,"Well, to say it has no mental existence doesn't really tell the whole story. The fetus WILL have (more than likely) full mental existence in a very short time. It seems to me that if you ""view humanity with mental existance as important"" you'd also view as important that the unborn baby WILL indeed reach that point, in all likelihood. "
0,2988,Then how exactly did a time capsule that was buried several feet underground get to the surface at the same rate as the surrounding area?
0,2989,"Well, if you breed them, you could get taller monkeys with less hair (and other humanlike characteristics). Even so, it would take a long time."
0,2990,"So was I. I did say I was playing devil's advocate. As far as I'm concerned, Tiktaalik is a triumph of scientific deduction."
0,2991,"No - but then the feral child illustration was intended to highlight the significance of human social 'DNA' to humans, not to imply that it can civilize any old species.   However, you raise a good point which I can turn to my advantage: let's replace the dogs in your reversed scenario with, say, chimps. Can they learn table manners and use silverware, learn to use the toilet or bathe themselves? Yes. I've seen a bonobo prepare a boil-in-the-bag meal. I consider my point concerning the role of social DNA in distinguishing human from animal pretty much made"
0,2992,"You're right, I think he has made such comments. Sorry. I think he's wrong and went too far."
1,2993,Wouldn't it be great if all the gay activists for gay marriage moved to Canada.......
0,2994,"And I'm addressing your counter-arguments in that regard. One of those counter arguments has been that both chimps and ourselves had four billion years to evolve to our level of intelligence and that during all that time we were subject to the same ecological pressures. Neither of those statements is accurate. The first is misleading for the reasons outlined above, and the second is simply false: humans have experienced greatly different ecological challenges since we diverged from chimps.I'll finish up tomorrow - battery dead."
0,2995,"Perhaps an analogy. Lets say for the sake of the argument you do not smoke or drink (personally against it, for whatever reason). However, you believe others should have the right to drink and smoke if they so choose. So, you are personally against drinking and smoking but you are ""pro-choice"" in that regard (meaning you believe every person should make that determination for themselves).Pro-life would be: You don't drink and smoke (morally against it perhaps) and you are going to make sure that no one else is able to either."
0,2996,"Well there you go again mixing up a belief in creation (creationists) with a belief that the idea of creation can be based in science (creation science)This is why you are anti-religious in your post. Not everyone who believes in creation, is a creation scientist. I believe in creation, and I'm not a creation scientist, so when you attack us all through confusion, you are, well... attacking us all. Such is your zeal to do so, based as it is, on a philosophy of science."
1,2997,"Yes, mulitculturalism is wonderful. You know what else is wonderful? Fact checking:
Archie swallows own foot again
It was the second link when I googled his name. At least try to not look like a jackass every time you post.
"
1,2998,"Right, uh huh. That sounds like a big rationalizing to me."
0,2999,Beg pardon. I guess that after a re-read that did sound pretty pompous.
1,3000,"So if I go out and buy a Brand X car and then regret it a year later, does that mean that nobody should be allowed to go out and buy a Brand X car? Am I entitled to have an opinion and share it with others...sure. However, could others purchase a Brand X car and never regret it...absolutely. Should my negative experience be used to prevent others from engaging in something that they might consider positive? Sounds kinda fascist to me."
0,3001,It's still not right for religious people to have to never speak their beliefs. It's a form of tyranny.
0,3002,"And, are ""birth"" parents obligated to the welfare of a zygote, an embryo, a fetus, do the zygotes, embryos, fetuses own ""birth"" parents?"
0,3003,"But my point is that the Supreme Court has disagreed. Hence the illegitimate legal doctrine of substantive due process, which maintains that the due process clause can be violated even in cases where due process has been given."
0,3004,"Misunderstanding or misrepresentation? Biologists and geneticists do not claim that DNA is isolated from the environment. We are well aware that the environment can cause mutations under many conditions (cosmic radiation, x-ray, etc.). What is denied is that mutations are environmentally directed - in other words, exposure to cosmic radiation will not cause a mutation that will make the organism resistant to cosmic radiation. The mutations will be random.   On the other hand, natural selection IS, by definition, the response of populations to their environment. The environment has been shown to have effects on DNA, i.e., the genome of the population."
1,3005,"Was that so hard? Anti gay Christians do want gays to oppose their, marriages, discriminate against them, oppose christians from being able to adopt, and practice thier religion. Since anti gay christians are doing all these things to gay people then that is how they want gay people to treat christians."
0,3006,"And like drugs, banning firearms would create another tax free black market, supplied by underground smuggling and manufacturing. Making a pistol with low chamber pressures, especially a semi or full auto firing from an open bolt, is no big deal to a competent machinist. Guns like the MC-10 are made mostly from stamped steel, simple to manufacture in a spare room. This all sounds like legislation of morality, proven to be impossible."
0,3007,"an image is not the original. a photo of you is not you, its an image of you. the image cannot be or replace the original, and isnt intended toregardless of how ""perfect"" the photocopier is, you cannot cash the ""perfect"" copy of the check. it may be a perfect replica, to the detail, but it is still only an image. the problem isnt the quality of the copying process, but the fact that the copy itself is just that, a copy, not the original"
1,3008,"How many times have the ""evangelicals"" been ""so worried"" about what gay kids and gay parents are doing???
Do you ever wonder why the ""family"" groups are ""so worried"" about them for when they report endlessly on their actions?
"
1,3009,So this singularity that appeared out of no were became a greater singularity which took on perfect balance and form?
1,3010,"WOW.
You sould like a liberal here. You know, the very ones who defend homosexuality* as being acceptable by God. 
*and a slew of other sins.
"
0,3011,"I see your point, Iangb but I'm not about to be leaving before you've had a chance to respond. I won't be ""leaving"" at all. You challenged me to produce an argument, so I'm going to produce my argument. I will then summarize the argument, and you can respond to it and we can then discuss / debate those specifics that you have a problem with.Truthfully, this is how I should have first responded to your challenge. Doing it piece meal has only resulted in a less focused debate.--Chuz"
0,3012,"Well, it depends on your definition of retarded I guess. The standards to get a drivers license are really not that high. Think of how dumb the average person is, and realize that 50% of people are dumber than that. Kinda makes you cringe.   And you wonder what has prevented me from being in an accident? Well, perhaps the fact that I am a concientious, defensive, and skilled driver who excercises caution while on the road. Maybe next time someone pulls out in front of me, I should just throw my hands in the air and scream ""take the wheel jesus!"" I am sure some magical being will fly down from heaven and save me from crashing. Yeah...sure."
0,3013,But is the Red Cross Christian? Obviously most contributors are Christian. That's obvious as most Americans are Christian.
1,3014,"Yeah? And who are you, Judge Judy? What would you know about the subject? It's your fellow left-wing radicals like Van Jones who think communism ought to be embraced."
0,3015,And where exactly did you hear this? I find it hard to believe a governent that couldn't keep an affair or a low-level break-in under wraps could keep something like that secret................. Also if it is true and among alliance forces why do you blame solely the US?
0,3016," men should be allowed nine months after learning of the pregnency to legally \""abort\"" their relationship with the child. Otherwize  men are left with fewer \""rights\"" and additional responsibilities (for which he can be arrested if he doesn't meet them).However  it would be much easier to consider intercourse the only time when any \""choice\"" can be made."" With womens right's getting shredded in the debate over abortion, fewer and fewer women are going to want to even risk have sex with men at all. It'll cause a wave of abstinence and imprisonment that will cut succesive generations in half. That'll even further errode the solvancy of social security. "
1,3017,"If you mean this in the way that you can never ""truly know"" that Last Thursdayism isn't true, then sure.
"
1,3018,"And where, pray tell, does your un-'ignorant' system of proper behaviour come from?"
1,3019,Sure I do. One is bad advice; the other is one of your posts. ;)
1,3020,"Good one, Truthsayer emoticonXGood 
...a rich white woman... LOL! Gotta be from Texas. :p"
1,3021,"You mus think you're pretty smart huh? Well guess what? You're confusing common, most common, majority, and norm. Lefthandedness is considerd common and the norm. You're using a superstistion from 300 years ago to qualify left handedness as deviant. Good try though.
Also left handed is genetic. It's not a gene but it's genetically related to the person's physical characteristics."
1,3022,BOY-HOWDY!!!!! You have spoken the truth and spoken it well. Welcome to you from the conservative South.
0,3023,"It is pretty bizzare. There are plenty of groups out there that will reach whatever ""conclusion"" you pay them to reach. Why he didn't cite one of them instead of an easily checkable source that says the opposite of what he says they do is beyond me."
1,3024,"Once one is adept at finding evidence after a conclusion is presumed, all sorts of ""proofs"" reveal themselves. What's next, Nostradamus?"
0,3025,"You need to read what people say more thoroughly, and think about it before you respond. When he said ""can"" (and there are not many simpler words than that!) It didn't mean ""will"", ""must"", or ""shall"" be more aggressive. It has been shown that in some cases it ""CAN"" happen. It may not have happened with you. It still might, we don't know. We might even say that it is not likely to happen, but we can't say that it won't, because sometimes some people do behave more aggressively when they have a gun."
0,3026,"Simone is quite right...women will no longer breed to order according to the dictats of outdated religion. British Muslim women will follow at some point (many already are). There are a few hothead extremists who sit on London street corners with placards stating that ""UK will be Islamic"", ""Sharia Law for UK"" etc. etc. But those nutters are ignored along with all the other (non-religious) nutters currently walking the streets of London. (For the record, Muslims make up 2.1 per cent of the total United Kingdom population. They are hardly ""taking over"" ).""muslims are taking over the world"" is a poor excuse of a reason to be anti-abortion and shows desperation, IMO!"
0,3027,"No, everyone should have those regardless of marriage. You're the one here who seems to think straight and gay marriage should be a litmus test for those things."
0,3028,"Actually, one could also cite the success of Chinese merchants all over the world, South Korean capitalists in the U.S. and quite a number of other non-Europeans around the world.   Do all of these groups hold values in common? Or, is there a distinct brand of Hindu capitalism as opposed to Chinese capitalism as opposed to South Korean capitalism? And, I'd better not slight the Japanese in this discussion.   I'm not sure I approve of Hayek's take on capitalism, though."
0,3029,"So what's the deal when GWB ""gives"" $3,000 but the insurance premiums cost $6,000, the family can't make up the difference and the $3,000 goes unspent. All we've accomplished is to transfer $ out of the U.S. Treasury. You think it's a good idea to just give money away and not get anything for it? You're thinking of the Clinton years when there was a surplus."
1,3030,"Somehow I think most people are going to be a lot more comfortable with their kids seeing people in African atire with long hair than with scantily-dressed (or topless) people simulating sex acts. emoticonXRolleyes 
"
0,3031,"Yes. The better question is, did it happen just like in Genises? I don't think so."
0,3032,"You do have a problem with this person defending himself or you would not be attacking him. Fear made him do this. The fear was created in him by the buglers.   You want unarmed passengers to attack armed terrorists on airplanes, but you have a problem with a home owner killing buglers."
0,3033,"And yet that is not the case. There are those who believe, on moral grounds, that what Hitler did was the right thing to do.
 
 An absolute morality requires absolute consensus, and there isn't any."
1,3034,What can ya expect when they killed free speech in favor of hate speech tribunals? Diversity at work maybe?
1,3035,"Oh yeah right, like sociopaths who are bent on killing and slaughtering everyone around them, can be fixed with something as stupid as school counseling."
0,3036,"If there is a positive relationship between drug consumption and crime, it doesn`t seem very likely that crime would go down as a result of lowering the price on drugs (and thus rasing consumption)."
1,3037,Could it partially be the fact that they don't want antiquated belief system dogma making their decisions? Must have access to a sonogram sounds like a lobby group attempting to sway opinion while enhancing revenue. Does the legislation force pregnant women who have not chosen abortion to have a sonogram? Raising children creates post-delivery stress syndrome.
1,3038,"emoticonXRolleyes
The problem with that?
What Obama was saying wasn't a lie... 
The healthcare legislation Obama was talking about clearly forbids providing services to illegal immigrants.
And furthermore, the whole ""showed some guts to speak the truth""???
ROFLMAO!
There are MILLIONS of people saying all sorts of stupid things about the president.
9/12 project???
I suppose you think those guys were cowering in their closets refusing to ""show some guts to speak"" (what you think is) ""the truth""..."
0,3039,U.S. Guns Behind Cartel Killings in Mexico - washingtonpost.com   No wonder Mexico is complaining about US guns being smuggled into their country.
1,3040,"OK, and this point I'm going to have to go with ""Functionally handicapped"" for $200 Alex.
Go back, reread Ethmi's OP. The question was-why aren't people working to get alcohol and tobacco banned since they are responsible for more deaths than guns. And, as I and others have pointed out about a dozen damn times already, the entire question is flawed as a gun's sole purpose is to kill, while alcohol and tobacco kill as a side effect through overindulgence. And there is also the fact that you cannot point a cigarette or bottle of JD at someone and kill them.
"
0,3041,"I will answer the remainder later as I am pressed for time. Archaeopteryx is not a transitional form. It has well defined feathers. Where is the evidence for transition from scales to feathers that is predicted by evolution. Natural selection in particular but overall evolution. If you read Gould's original work he does not say what he says above and in fact actually contradicts it. It appears like a response that is back peddling at best. As I said, more later.EF"
0,3042,"Most people are not pro-abortion, they are pro-choice. No one here is going around demanding that women must have abortions."
1,3043,I'm not the basket case. Your the one that actually BELIEVES in fairytales remember?
0,3044,Evolution doesn't explain the event. The event is an example of evolution - a change in the frequency of alleles in a populatioin over time. The explanation may or may not be evolution by natural selection. You merely asserted that based on your imagined case.
0,3045,What I find hard to believe is that politicians will place their decision above the right to life of a human person only for political expediency.
1,3046,"Actually yes, but not for the purposes of ilegal search or seisure, I have active duty military friends. They drop by all the time. Obviously your great lack of friends makes that idea hard to understand."
0,3047,"That's true, fracas. However, this thread is predicated on the idea that a large proportion of Spaniards oppose gay marriage, and it will not be allowed in Spain as a result. This premise has been demonstrated to be patently false."
1,3048,"Wow, someone with similar mental abilities (or rather disabilities) as Archie! emoticonXBounceremoticonXBounceremoticonXBounceremoticonXBouncer"
0,3049,"Well sigma, which is more painful??   Being burnt with salene for 30 minutes to an hour and if that doesnt work after the 3rd time, being born prematurally and laid on a table and starving to death.....   OR   A woman sticking a clothes hanger up and accidentally killing herself but intentionally killing the kid within her?   seems to me that people dont really care about how the baby feels. It has just as much feeling as the mother."
0,3050,"First off, define ""government funded"". The FBI? The CIA? Other federal law enforcement agencies? The military? All vital government entities that are and should be armed. The fact that governments around the world have killed their own citizens after disarming them does not mean that they should not be armed, it means that the citizens should not be disarmed. Think of what our country would have become over the last 100 years without an armed government."
0,3051,"Actually, if you want to check, you will find that biologists themselves will point out the holes. We still have a lot to learn. Many of the holes have been closed even in my lifetime and the creationist god-of-the-gaps is being reduced to smaller and smaller gaps. But if you want a creationist to ""join the real world"", you're going to have to do more than be offensive and insulting. You might present some actual facts to support your position. Of course, I presume that you will actually educate yourself before presenting the facts.Have a nice day."
1,3052,"How do you ""interpret"" all those extant historical records bracketing the ""flood"" date by several hundred years, as shown by sinjin, which record no such event?"
1,3053,"its a big-ish book but yes, considering underneath those X's is ""dwarf"".
are you a dwarf gansao?"
1,3054,"Here's yet another link:
http://www.ee.cityu.edu.hk/~gchen/6452/Lec-2.pdf
Fuzzy logic does not refute classic logic, it's therefore irrelevant.
Your claim is not fuzzy.
Knowable
NOT knowable.
1
0
Yet you persist in misrepresenting what I post. Stick to the topic, stop railing on about false claims and other topics.
=======================
So your scientific claims are bunk, red herrrings, THAT I HAVE ALREADY RESPONDED TO. If you wish to hang onto one of them DO SO. Continue to debate how chaos theory applies to your claim. We can debate further, but you ignore my response, then come back 5 posts later and misrepresent what I post. STOP.
Where is your follow-on about fuzzy logic? YOU DID NOT CONTINUE TO DEBATE THE POINT. You dropped it, only to pop up later and claim, dishonestly, that I ignored it.
-Mach"
1,3055,Appears a lot of sensible folks are investing in their 401G and 401A plans ;)
1,3056,"Then since you are so convinced that this is going to happen. Please provide us with a detailed time table with accurate dates and people involved.
Then again if it is true then you will be united and form a bond with your husband Jesus. Since as a christian and a member of the church and the church is the bride of Jesus. You will be married to Jesus so actually we win since you will be in a same sex marriage with Jesus yourself one day."
1,3057,"If they haven't been discovered yet, HOW THE BLOODY HELL DO YOU KNOW?
Ten percent more brains and you'd be pondlife. emoticonXKill"
1,3058,"And, I suppose that the priest wasn't terrifying his victim and wasn't telling the poor child that it was ""God's will."""
1,3059,"I didnt believe! I just didnt disbelieve!
I hoped!
Like I have said through out, you need to be open to the possibility.
If you believe there is no God and refuse to be open to the possiblty otherwise..All I can say is I hope you find peace in your BMW in your Big House, your carer, your boy/girlfriend, your wife/husband, your son/daughter...your small little life!"
1,3060,"if someone chopped off your best friends head right in front of you, would they be deserving of the death penalty?"
0,3061,Explained away means what? If you don't agree with the mainstream you are wrong. He has not been refuted and he has lots of pictures. Why not go to his site and look?
1,3062,So how are those gun free zones working out for you?
0,3063,If you feed me a lot of caffinated coffee i start to wiggle and squirm too. I'm not really in any pain.
0,3064,"no, you just live on delusions.   you can't argue the merits of creationism on their own because they don't exist.   Creationism is a fraud regardless of the existance of evolution."
1,3065,"Okay, so we are talking about Christianity now, not just other religions...I see.
Well, then, I'm hitting the BS button...."
1,3066,"So you are pro-life and you hate liberals? Actually Republicans are being liberal in this case (liberal=bigger government, more laws).   But I'll assume you mean Democrats on this. What if the baby is a democrat? If it's a democratic parent it's most likely it will grow up democratic and one more person to attempt to keep abortion legal."
1,3067,Care to post some proof or should everyone just believe it because you say it?..
0,3068,"Well of course everybody is entitled. But as history has shown many southern states in America chose to ignore the Constitution and deny black people their rights on the basis of their skin color, using the ""black codes"" enacted after the Civil War. If it weren't for the 14th Amendment that forced state governments to abide by the constitution, minorities would still be out in the cold.The only thing we've been over, is that government and gun control is racist, not the Second Amendment."
1,3069,Here's a novel idea - how about the right gives up the abstinence programmes (scientifically unproven) and improves access to and information on b/c to stop women having UPPs in the first place? Just a thought.
0,3070,"Then, how much money should spend on the war on terror? Should we bankrupt the country to do it? Is it necessary to spend so much that we go bankrupt, or is it better to wisely spend the money we have and to fight an intellegent war against terror?"
1,3071,"I believe that you forgot a ""smiley"" after that statement. Otherwise, we would have to assume that you swim in the shallow end of the pool. :)"
0,3072,"Your continued comparison of a person exercising their constitutional rights, to engaging in deviant and possibly illegal sexual acts, has reached the point of intolerance, Smith. Every time you mention the word fetish, you're gonna be reported. So unless you wanna get banned cut it out."
1,3073,No surprise there. You would have to invest some thought to define something. Why don't you just consult your Little Golden Dictionary?
0,3074,"Actually I did not know what Nato had posted. I found it quite interesting. I know that when I and my wife attended church, I thought about that possibility. Someone who Hates us just because we go to church, and I thought about bringing the problem up. I quickly dismissed the probability of something like this happening because right across the street, is the Fairview Police Station. However, this is exactly where things like this do happen. In places where one is not allowed to carry a concealed firearm."
0,3075,"The 10 commandments are a real time story, told and recorded by the person with whom it happened to... Moses.Genesis, is a history lesson, told by a man who had no understanding of modern science, or the language to describe it in that fashion... Moses.If God chose to reveal to you in some special way, the origins of the universe, for you to write down for generations to come.. you would write a different story than Moses. Just as one person views art differently from another person.I see no duplicity between the two."
0,3076,"Over 10,000 signatures of Christian Clergy have been collected, and have endorsed this letter."
1,3077,That has to be a typo my friend. If you can compress the EB into only 1012 bits then you can write your own ticket in the field of data compression! Lets see 100 million pages into 1012 bits - fantastic - please tell us how. I really would like to put the entire literature of mankind (and more) on an Ipod.
1,3078,And we have an emotional post with no substance whatsoever. I'm sure your twin will be checking in soon. I think I'll keep a count of this type of post.
0,3079,"Proof that evolution is ""right"" is not necessary to prove that Genesis is not science. Genesis is an inspired poem, and contains truth in its message, but it is pretty obviously a work of poetry, like a song. Look at the repetition, and all the metaphors! Poetry does not imply fiction. THere are many historically valid poems. Plus, when read figuratively, Genesis poses no conflict at all with science.   Evolution is not the only science that demonstrates Genesis can not be read literally. What about the speed of light from the stars, geology, genetics, comparative embryology, etc. The only stumbling block between science and faith is a strictly literal interpretation. For most of us Faith and science work together!   see: songofgenesis.org for more detailed information."
0,3080,"This is just plain dumb. Abortion is NOT the primary means of birth control. If it is used as birth control, it's because others have failed or haven't been tried."
1,3081,I'm guessing that nobody wanted to fish it out of the toilet bowl. ;)
0,3082,So then women who are pregnant shouldn't be allowed to   1) Smoke   2) Take any kind of drug that could possibly harm the child   3) Drink   or do any otherwise legal action?   And VOR takes another giant step towards fascism.
0,3083,Please provide the actual estimates of the time required along with the necessary references if you please! How much time WOULD it take with confidence limits please!
0,3084,"Origins of science, whether truly started by those of faith or not, is irrelevant. Whatever science was, it has become a body of knowledge, through application of reason."
0,3085,"Well firstly we do not know that ""volition"" must be embodied in living organisms only - computers MIGHT be capable of exhibiting it. I think you will find that there is NO valid reason for believing otherwise. And volition itself is NOT a defining characteristic of life. No biologist would buy that assumption. Sponges, bacteria, corn plants etc etc etc are mindless organisms and so far as can be determined do not act out of volition."
0,3086,"I think the FSM threw these guys a bone. They cherrypicked which taxa would give them the most statistically significant results. If they were to expand the method to include more and more taxa, they'd see the Noodly Appendage of the Flying Spaghetti Monster. Ramen."
1,3087,"No, I write things on my hand all the time. ""Pay x bill"". It isn't frightening that when asked what bills I have to pay that I have to look at my hand. It is a good technique to remember key points much just having note cards or a teleprompter. 
The fact that this is even thread on this forum just shows you have petty the public has become. No wonder Daewoo refuses to post here anymore. Thanks a lot!"
0,3088,The situation has nothing to do with chance. People don't have to draw cards to figure out who is going to have to kill themselves.
1,3089,Better that then spending eternity in a place with people like you.
1,3090,"Quit using movie stars. After Kerry lost, a lot of them got a bad rap and are generally annoying. You're better off corrupting politicians, like that would be hard anyway."
0,3091,"I'm still confused by this comment. Did you actually mean that? If you did, that is not Pro-choice but Pro-abortion. Women did not have a choice in whether their pregnancies were terminated or not which, having it, is the definition of the PC point of view. So no, they were NOT Pro-choice."
0,3092,"Can we get away from quoting 5 year old posts? Seriously, if you don't take the time to actually read the thread why should I respond to your post?"
0,3093,"Actually, no. If it had not been for the gay couples and the organizations who helped them fight for equality it wouldn't be an issue now, but it would still be an issue."
0,3094,"First of all, when gun owners say ban guns, it means, if you want to ban ANY Gun, you are a gun banner! You guys want to muck up the argument with we don't want to ban all guns, just some guns! However, that statement is just for now! If you get the ban more will be following!   Nelson T. 'Pete' Shields -- Founder of Handgun Control, Inc."
0,3095,"This can only be plausible if the victims were killed before they reproduced.
 
 But, still evolutionary psychology is tenously at best called ""science.""
 Just as most of psychology IMO is barely science, if at all."
0,3096,"But, it is a new TYPE of butterfly. 
 
 It would be more like if a bonobo and a human had a child. That is theorotically possible..."
1,3097,"
He already gave you two, how much spoon feeding do you need?
""Hitler exterminating 11 million people is evil. But God exterminating all life except a handful of humans and animals isn't evil? 
Man legislating abortion is evil. But God commanding the Israelites to perform abortions on the Canaanites isn't evil?""
How many times did your God commit these quite specific acts?"
1,3098,"BOY-HOWDY!! Why don't you let me know how you really feel? I have not tried to demonize anything. Rap music does that to itself without any help from me. Rap is the lowest form of music that I have ever heard. It is just too primative for my tastes. Once again, I am not a racist, nor am I sexist. I do my own washing. I wish you and your child nothing but the best in life. Some folks think that exposing young children to Rap music is a form of child abuse, I agree with those folks.
P.S. Tell that Southern girl to find another room-mate, you sound like a horrible role model. Well, got to go wash some more underwear."
1,3099,"So there you have an example of a deterministic system acting to suprise you with unpredictable behavior. Consider it an example of deterministic ""free-will"""
0,3100,"How? What exactly did they say, that God didn't invent every living thing individually? I'm interested to learn what information you specifically feel was a fabrication."
1,3101,"Where do you get off saying that kind of tripe to somebody?
That kind of insane comment is typical of far left loons like you who lie for a living and don't have the common sense of a fence post.
And that goes for Jo Bennett too if he's agreeing with you.
Cretins."
1,3102,"To summarize, since penfolds reasoning has been shown to be both ignorant and short sighted, his only recourse is to offer a trollish quip before skulking away like the irrational philosophical coward that he is. At least you're consistent penfold. emoticonXRolleyes"
0,3103,So who's the head honcho?   It's not like all these professional scientists all see eye to eye. There are even scientists that hold to theistic evolution.
0,3104,Interesting thought..... such a situation would theorectically remove the division of opinion that exists based upon the perspective of gender (ie. the pro-life religious male) and would make any difference of opinion be based on moral/philosophical considerations alone.   You could argue it would shift opinion towards the mix currently held by women as everyone would be in the position of having to bear pregnancy. Given that there is a full mix of religious and other beliefs in the current day female population perhaps this would be a good analogy to such a state of being you suggest.
1,3105,And here the assi once again refuses to respond to a valid post as he personally insults a member who shows more intelligence and wisdom than he does in every post COBHC writes. And this coming from a guy who is barely out of his teens himself. Hypocrite much assipiter? emoticonXRolleyes
1,3106,I thought the almighty expressed his will in the Bible for mortal men to know it...
1,3107,"I'm sure you are a legend in your own lunchtime, but Archie has you roundly eclipsed in the credibility stakes. Perhaps I was mistaken, it is not grasshoppers, but crickets which chirp noisily and irritatingly in the background.
Inconv""E""nient."
0,3108,"Yes, the Byzantines are a Catholic Rite. The Catholic Church is divided into rites- there are seven I believe, the Roman, of course, being the largest. The Byzantine Catholics are an Eastern Catholic Rite, and as you said are almost identicle to the Orthodox Churches except that they acknowledge the Pope as the head of the Church.East to West, a website regarding all the churches of the Catholic Church, especially those of the east.Real quick, the Orthodox acknowledge the Pope as the successor of Peter, but not as the head of the Church. Am I correct?"
1,3109,"Well if you are going to cherry pick ..what has homosexuals given us?
A huge rise in HIV and Liberace:)"
1,3110,"If truth makes you uncomfortable, feel free not to respond to me. I will continue to point out hypocrisy , and bigotry. I'll mock anybody who says 'slavery wasn't all that bad' either."
0,3111,"It's ashame that everyone keeps looking for the judiciary to do the legislature's work. When will the people press Congress to take up abortion? It is the job of Congress after all, to address the issues desired by it's constituents."
0,3112,"Responding to the question in the topic, I tend to use the case of Baby Fae.
 
 Freethoughtradio also has short blurbs called ""What's the Harm?"" that gives some examples of ""the natural harm caused by supernatural belief."""
1,3113,"Well, we have Noah and his family getting off the Ark after the great flood. But no mention of Gilgamesh writers. They obviously weren't born yet.
"
0,3114,"Atheism does not show 'faithful devotion' in any ultimate reality or deity. It is the LACK of a belief (the belief in gods).
 Your definition of religion is thin."
1,3115,"Woopie.
And superman got shot with bullets in hundreds of comic books.
And Lord Voldimort is really really evil in 6 books so far."
0,3116,Prove it! Prove that there would be no rooted trees at all within the sedimentary layers at all. And prove that there would be no tracks or burrows or evidence of plant life as we find. In fact we would expect to find all of those things as evidence that this event was fast and cataclysmic in order to find all of these things together in the same areas.
1,3117,"Um no... It's the truth... Um, I guess it was sarcasm, but I don't think that would be something that you would understand."
1,3118,It's fascinting to me how much faith atheists have in randomness
0,3119,"Stuff I picked up in Uni, along with the Human genetic code being 40% identical to a banana... so no specific reference, sorry."
0,3120,"It's all in how you word the questions.You worded the questions with an obvious bias, they did not come across as an honest attempt to learn, but rather as a challenge.Word them properly, and I guarantee you that the people here will be most helpful.WaxyP.S. Your username has a large affect on how you are initially perceived."
0,3121,"Theories change since they are just that - theories. Once time and sufficient investigation has given them sufficient weight, they become laws. Newton's laws were derived to explain direct human experiences (we deal with relatively large objects going at slow speeds relative to the speed of light) and for that regime, they remain true. Since there were still a multitude of basic unanswered questions at the time in Science (about light, the nature of matter, etc.), investigation continued and found, in the 20th century, the laws of relativity and quantum mechanics to explain occurrences outside of the range of the large and slow that we experience. At the beginning of science (say ~17th century), there were a lot more questions than answers. Now, its the other way around - at least when it comes to the essential theoretical basis behind things that human's experience."
0,3122,"Yes you do. I've already posted your words saying you believe it exists. Deal with that first. I note now you have a habit of just ploughing on ahead when faced with evidence.
 How do you know nothing about the unknowable?"
1,3123,Makes about as much sense as saying many of the car hating crowd (people who support such laws as car registration) also own cars. More evidence that your handlers have trained you to see the world in black and white.
0,3124,"Nice try. If America was an Ally to Germany during WWII, to this day you wouldn't forgive US Citizens no matter what excuse they have."
0,3125,"i think shortej is not a creationist. he/she never said so, and started off by saying he/she accepts evolution and maintains her catholic beliefs. (i have a hunch its ""she"")"
1,3126,"The penis is not designed for the hand?
so you want this entire board to believe you don't wank off! Oh come on.....get real...everybody does it...who are you kidding....
You lost all crediblity right there!"
0,3127,"Depends on which cell you mean. Mammalian red blood cells, for example, have had their entire nuclei and mitochondria removed. Not so much as a smidgeon of DNA."
0,3128,"Thanks Duo.peddler, how about you actually address the points I put to you originally?""Off course, you might be trying to infer that because there are differences of opinion in the field of evolution makes the whole notion irrelevant. I disagree, but if you insist we will examine differences in opinion between different groups within, lets see......... how about Christianity? Do they make the whole religion completely rejectable?""Cheers :)"
0,3129,"Nonsense. The most widely accepted idea is that these epics were oral traditions that were finally recorded in writing, possibly by a guy named Homer. Read and read."
1,3130,And the funeral dirge of the Left and comparisons to Nazi Germany and/or the collapse of the Roman Empire will begin in 3....2.....
0,3131,It hasn't been proven that the Second Amendment is solely about tyrannical governments and not about dealing with violent criminals.
1,3132,Your adversaries appreciate it greatly. Which part of the parades do you suppose they focus on to demonize you?
0,3133,"Again: No, but I like to think they have! Im assuming you refer to council tax which is meant to be for community services like rubbish collection, fire protection etc... I agree I dont think we get value for money, but this isnt a tax on actually owning property. You pay it if you rent!"
0,3134,"Ah, you've engaged in the grammarian nitpick function of debate. Sad, but predictable. 
 
 Obviously, I was discussing the entire article, which is making that argument. It is generally bad form to quote an entire post when it reaches such length."
0,3135,"So if an atheist believes that humans are the highest form of intelligence, and a devout Christian believes God is the highest form of intelligence, the Christian should allow the atheist to force him to behave as if humans are the highest form of intelligence?"
0,3136,"Actually, I think Kronos is right in this case--at least from the standpoint of most consitutional scholars. Of course the framers didn't envision the wording to be used in this way for this purpose--this is what's simply called a ""loophole"", in this case anyway. It's why there has been an effort in recent years to close the loophole with a constitutional amendment defining marriage."
0,3137,Well I think that the geology of the planet would influence everything. From religions to morals and scientific progression. Because long ago on our planet Europe not only thought the world was flat and they could fall over at the edge into an abyss but Europe generally didn't have knowledge of the Asian cultures until the silk road was active. If the asian and european cultures were not so greatly distanced from each other history would have been greatly changed to the extent that compared to our world would be pretty loopy
0,3138,"I think some people will and have argued that. I'll work on finding a quote, but I believe it was somebody here who argued that, because of the recent SCotUS ruling, home invasion in DC would decrease because criminals would be more worried about encountering a homeowner with a gun. You do have a point about preventing a worse crime from occuring,though."
1,3139,"So, it's a proven fact that children denied the act of abortion suffer negative effects? Hmmmmmm"
0,3140,"Well, one can't be truly logical and not be an atheist (or at least agnostic.) As any religion simply flys in the face of logic. Faith and logic are poles apart.
 
 Keep truckin' Jim! Happy weekend to you bro."
1,3141,"As far as insults go, this one makes no sense, except in your little mind.
And I made your ignore list?
Finally! I am getting somewhere!"
0,3142,"Little boy, you need to do a little study on Nazis. They specialized in death. Unlike pro-life people."
1,3143,It's a self-defeating question. You're asking why numbskulls participate in numbskullery.
0,3144,"It's NOT any of my business, but when presenting information to the readers at large, such topics need to be ####ing addressed, something militant pro-abortionist seldom want to bring up.   I'm actually happy that you had a good operation and think more should go into ensuring ALL women have the same low risk proceedures when necessary.   We're dealing with health aspects, all, not just selective. And there may even be things I'm not aware about to consider."
1,3145,"And here is the crux of the matter where I think Libertarians are missing it: As one Founding Father said, ""There can be no liberty without virtue."" Someone else once said, ""Intemperate men can never be free because their passions give rise to their bindings"".   If the God of the Bible is right, a nation which legalizes sin and intemperance loses the favor of God. And when the sins of a nation reach their fullness (in God's eyes), that disfavor can turn to judgment (Genesis 15:16, Deuteronomy Chapter 28 - ""The blessings of obedience and curses of disobedience). Therefore, while many of the Libertarians mean well on liberal social issues, they nevertheless either don't see the big picture, or they don't believe it will occur."
1,3146,"I am also fascinated by the Shoot First Law that has been introduced in Florida. You can now use a gun against any perceived threat.
The question is whether this legitamises shooting Jeb Bush. Anyone stupid enough to think this law is a good idea is a definite threat, not merely perceived.
Smiley"
0,3147,"I'm saying that if we assume reports that don't fit with science aren't true, then we can't use the filtered evidence to prove science is always true. Just like if I rejected as impossible any reports of Christians killing people and then said 'therefore Christians don't kill people'. The conclusion is made certain by the methodology."
1,3148,I'm sure the next time your buddy DamEtel suggests I should be out stoning gays you won't report it either.
0,3149,"No, actually they used the Bible as a basis for their morality. They then applied that morality to the design of a system of government that they wanted to create.   Maybe the majority of Americans are comfortable with the status quo WRT their morals. Who are you to tell them that they have to change for you?"
0,3150,"First, I didn't say everyone in the world was religious, I said everyone in the world believed in A god. Second, the majority of the world believes there is a god, and the others don't want to believe (hope there isn't) a god and/or they believe they themselves are the only god of their body."
1,3151,"Yes, because atheists love it when New Orleans gets drowned in water and thousands die. Hell, I know I'm throwing a party tonight, going to get my atheist friends over, and my pagan brothers to. Maybe a couple of beers, some dogs on the grill, all topped off with us ******* on a crucifex.   Grow up."
1,3152,"The problem is the one example you chose was and could not be seen as a marriage. In fact it is an affront to homosexuals to consider it so.
You have made yourself look foolish...like always.
Ive rattled the monkey's cage and now comes the monkey's rageemoticonXClown"
0,3153,"Actually it's funny. Mice deprived of THC (it naturally occurs in the brain) are smarter than regular mice, but die much earlier. Not because of cancer, but of ""natural"" causes. It wouldn't be hugely surprising if THC supplements made you live longer, albeit at a lower level of intelligence, even if the smoking aspect of taking it had negative effects that counterbalanced that."
1,3154,"Simply put tq, and try real hard to comprehend this. I was referring to statues and a false belief system, not human beings which Saints and Mary both clearly are. Here are the quotes of mine that you posted again to remind you of the very clear difference.
"
0,3155,"Bet the crime rate skyrockets,but I wonder what happens if you (officers)just
 put a bullet in them, you know for resisting arrest?
 
 Who does that pinhead mayor remind you of?emoticon_rolleyes"
1,3156,"You know something is wrong with this world when people attack the act of posting an opinion (that of Ms. King) and another condemns the idea that someone may read it and develop their own opinion. Saving lives is not just a Republican goal. And yes it is an act of desperation. All acts are an act of desperation when it comes to saving the natural process of life with out interference of those who place their comfort above the life inside them.   Whatever is wrong outside the womb, is not the fault of the inhabitant within the womb."
0,3157,Criminals continually inform the public that their greatest fear is a victim capable of fighting back against them and possibly killing them.
1,3158,Would it be the lawless Cardinal Law officiating at one of the funerary masses for JPII and otherwise serving in a prominent role in all the pomp and circumstance surrounding the pope's death?
1,3159,"Now you're just being an butt. The word Dungarees is a coloquialism. Do you know what that word means? 
Also that's what jeans were called before the word ""jeans' entered the venacular. (Do you know what that word means?) 
So, now are you going to tell me that only homosexuals have larger vocabularies? 
Get a life...and preferably not mine...I'm living it at the moment."
0,3160,Men shouldn't be deciding because they can't get pregnant after being raped. When was the last time a man's life was ever at risk because his wife was pregnant?
1,3161,"Good point here, because the media never insults right-wingers....emoticonXRolleyes 
I don't think anybody is denying that Imus' comments were tasteless and offensive. The point that is being made here is that he has the right to make such comments. He didn't discriminate against anyone. He simply said something stupid. If this is going to be considered a crime, we would all be locked away."
0,3162,"Hi jitobear. I am also pro-choice. This comment jumped out at me, though. Do you think it's seen as awful do to cultural conditioning? Could this have it wrong? There is no scientific basis that it's a human person, at the stage of development when the vast majority of abortions occur. I worry that by suggesting it's so negative, it can't help but be a stigma on the woman who chooses to abort her pregnancy. No woman should feel the need to apologize in relation to abortion, which is just about control over one's own body."
1,3163,"Being a proud owner of a Prius, I can't help but wonder how much that would cut into the milage :) Let's see, light crowd, medium or heavy. Surely it would do better than anything else...wouldn't it :)"
1,3164,Are you really so dim that you think me answering a question you POSTED is somehow any implication at all on thelmoose's intelligence? emoticonXRolleyes
1,3165,Well I am polishing my grave dancing shoes as these people in their 70's can not live forever.
1,3166,"Ah yes, the ever popular 3rd grade ""they started it"" response. Didn't jesus say to turn the other cheek?"
0,3167,"Private guns were completely private. They were personal property and could not be seized. It was the man that carried the weapon who was required to provide service, and required to provide his own weapon. Since the enrollment and inventory requirements were specifically to ensure that every man had his own private rifle, shot, powder, kit to fight with, it would seem rather stupid to worry that it was infringing on peoples right to bear arms, wouldn't it? Contrast this with today, where registration schemes have been used in places like new york to provide lists for seizure or surrender of firearms. In the one case, you have a law that is meant to insure that everybody has a weapon, i the other, it is a law determined to limit the accessibility of weapons. You really don't see the difference here?"
0,3168,"Oh, boy... here you come with your anti-religious bigotry rhetoric, who mentioned one thing about religiosity? C'mon Simone... let's coddle those little bats of common sense back under the belfry of reason where they are supposed to roost... They didn't need laws against it back then because peopel had more human dignity and respect for human life... and they responded within the realm of decency and basic propriety. It is a shame we actually have to go there..."
1,3169,"Yeah, ok Archie. I see what you mean about a second grader understanding your argument though. It was written and presented as if by a second grader, after all.
Simple questions, no answers-just insults and tantrum throwing."
1,3170,Haaa haaa Haaaa Haaaa Haaa a emoticonXHohoCome on cant we just get along.
1,3171,Right on! The Obama administration is a colossal financial disaster. If he doesn't have another trillion dollars to XXXX he can't do anything. Tax and spend - that's all those liberal turkeys know how to do.
1,3172,"Does anyone else see a teeny-weeny hint of double standard here?
He continues:
"
0,3173,"You forgot the evolution of the motorcar, the evolution of Christianity, the evolution of the computer, the evolution of the trumpet, the evolution of...   The word evolution is used in everyday terms to mean change (normally for the better). Biological evolution, ie the theory of evolution, is unrelated to this everyday use of the term. ""Astronomical evolution"", just like ""Trumpet evolution"" has nothing to do with the theory of evolution. When you grasp this simple concept, you will have made your first step toward becoming knowledgable about the theory. At the moment, you are stuck on the start line boasting about the end of the race: you are a YEC supporter in other words."
1,3174,"too stupid and liberal!! if they were being exploited that could not now afford 75 million smart phones at $150 a month!!
"
0,3175,"Yes, it is human, biologically. However, it isn't a human being as it isn't alive."
1,3176,"Dude, go jack off to your god somewhere else. We don't need to see it. emoticonXKill"
1,3177,"So, Jo, what is it you were saying about the UK being safer than America?"
1,3178,"Uh oh, Mr. Poe's proclamation crashes and burns right there - the Bible says no such thing. This is where a satire quickly changes from something that starts out as mocking, (designed to be something that could be innocence) to a complete lie. It never takes long for atheist satirists to demonstrate their lack of knowledge of the Bible. Atheist mockers dont seem to be quite as skilled as Mr Poe would have us believe."
0,3179,"And religious folk in the south used the Bible to justify enslavement of thousands or millions of blacks, and also to justify their treating blacks as mere property. I suppose (but am not familiar enough with all of the details to know for sure) that some even used the Bible to justify linching blacks."
0,3180,"Lots of luck on getting any kind of intelligent reply.
 
 Have you read the John Woodmorappe book on the ark?"
1,3181,"Oh, I think you take delight in spelling it out in excruciating detail. Otherwise, you'd reply on point.
"
1,3182,Sinjin's in Kalifornia. Carrying more than two bandoliers across your chest is so Rambo and 80's-esque.
1,3183,"You know it's true. Doesn't it make you simmer , considering all that anal fixation you have."
0,3184,"There's no adding of firearms going on, because they're already there! The criminals have them, that's a hard fact of life that can't ever be changed. Deal with it. What we want is for the intended victims to be on equal footing with the bad guys. There's nothing unreasonable about that."
1,3185,"Wow, so Balrogs existed according to the Bible? Whoda thunk."
0,3186,"I don't understand your question. If law-abiding gun owners were overwhelming those who should not have access to guns, those who use guns unlawfully, I would be very pleased.   But, as far as I can see, the only goal of the gunners is to make sure that everyone has a gun, no matter how insane, no matter how stupid, no matter how incapable they may be to own such easy-to-use instruments of death."
1,3187,"Oh they are? Thats strange... I could not find where exactly they stand on any of thier numerous websites, just more restrictions... And the old HCI was not ""moderate"""
0,3188,It stops us from saying we ara a rational people. I don't support any laws that would allow a father not to have a say so about his child being aborted. Are there any?? If it were a life or death thing for the mother no question.As I stated I don't like the idea but making it illegal would simply put more unwanted kids in state homes. Lets take care of the living first!
0,3189,"The Brady Bill does not lower crime:http://jama.ama-assn.org/cgi/content/abstract/284/5/585A little dated, 1997, but also note that both Cook and Ludwig were both anti-gunners.""Brady Law Proponents: Ludwig, Cook, JAMA Among Lott's harshest critics have been anti-self-defense academics Professors Jens Ludwig and Philip J. Cook. In a study funded by the anti-self-defense Joyce Foundation and published in the Journal of the American Medical Association (JAMA) they set out to debunk Lott's findings regarding the Brady law. There was just one problem: they couldn't. ""http://rpc.senate.gov/~rpc/releases/1999/gc083100.htm"
0,3190,"Oh, so you were not in any way talking about evolution in these posts? Then why are they posted on the c vs e board?   Please, that's just pathetic."
1,3191,"Welcome to the world of fundamentalism ! You mean you still don't know -they have no use for logic, common sense , hence they use all these absurd comparisons. The debate is going to go around in circles.
But be careful what you say about enough time to make a decision, or you might prove Bell right."
1,3192,Actually in terms of populations we're the same people as the Irish. If you want tyranny try the oppression of the Native Americans. Did you know that the Natives and the blacks were both on the British side during the War of Independence? Amazing how we tyrants command such free support huh....
0,3193,Well it doesn't go against the US constitution...Does it go against the California constitution? I haven't seen much credible evidence for this..then again I don't know much about the California constitution. Do you?
1,3194,Was your pretty graph supposed to convince me that the universe can't be understood? Perhaps I was to intuitively understand that you're right :p
0,3195,You stand up for women..   I stand up for the child who has no choice   Who's being descrimatory here?
1,3196,"But at one time society accepted that slavery was right. 
So, Abraham Lincoln, how dare you try and impose your own personal moral code on me. We have the right to own slaves via the Constitution and various laws of the society, and because it's in the Constitution and protected by laws, it obviously means society agrees that slavery is not wrong. Therefore, slavery is not wrong."
0,3197,"Actually it wasn't sitting somewhere since there was no ""where"" to ""sit"" and ""always"" and ""eternity"" have no meaning outside of time and no ""time"" existed prior to the ""Big Bang"", maybe."
1,3198,"Actually, from where this non-believer sits, Arch is merely repeating what the Christian bible says about who will get into heaven and who won't.
There is a difference...
But, you'd have to actually know what the bible says to understand that...
Which is often something most non-believers don't read...
Of couruse, neither do most self-professing believers.
IMO, taking offense at what the bible says (and many people repeat) is akin to taking offense at a cook book calling for salt in a recipe you'll never eat.
Now, if the cook tries to force you to eat said recipe...then you can take all the offense you want."
0,3199,"It's quite obvious that it's the ID proponents who have issues with definitions, particularly among themselves. Behe has changed his own definition of IC, and Dembski changed Behe's definition of IC."
0,3200,"Sure, but then you get into all sorts of problems of classifications, slippery slopes, and other awkward messes. Arguing whether an embryo or a fetus is a person seems to raise more trouble than it might solve. It seems better to err on the side of caution and devise a pro-choice argument that assumes the embryo or fetus to be a person rather than worry whether they are a person."
0,3201,"The thing is, though, that if marriage is privatized people can have freedom without ""redefining the standard."" It is a way for us to allow all those oddball marriages without putting an ""official stamp of approval"" on them.   Liberals want to expand the government involvement in marriage to include gay marriages, thus putting society's approval on these things (something that gets moralists very angry.)   Conservatives want to continue the statist rewards for straight marriage only - a violation of the 14th amendment.   Libertarians combine the best of both positions. Their position (privatization) creates the freedom to marry, upholds the Constitution, and avoids official approval of gay marriage at the same time."
0,3202,And that is different how? I told johnny to write that I'm infallible. Therefore the book that I told johnny to write proves I'm infallible. There is no difference.   You do realize that there are other religions out there? That science is constantly updating?   Your arguments have been nothing more then false dichotomies assuming there are only two choices despite history laughing in your face.
1,3203,In England we have a sack with a couple of bricks inside it.
0,3204,"http://www.answersingenesis.org/home/Area/isd/jones.asp   When Judge John Jones of Dover Pa. was considering evidence from persuasive evolutionists concerning what should be taught in schools, could it be that he ""hardly knew the field, and didn't have an answer"" that would fit the time constraints of his decision making? Did judge John Jones know what was going on in this country 100 years ago?   Why can't today's ID opposing evolutionists see the mistake religious people made 100 years ago, and be enlightened enough to be more open minded about trying to suppress ideas? Maybe because human nature doesn't improve over the generations - following the money always comes first."
0,3205,"Because the purpose of the US Bill of Rights is to grant or guarantee rights, not to prohibit or curtail personal freedoms."
1,3206,"Nice try. Now, tell me how atheists are paying for ""Christian benefits""? Do Canadians give money to people based on their religion? They surely don't here in the States. I can only collect SS if I pay into the system. My employer AND I pay for my family's healthcare. As for their tax-free status, I would have no problem removing it...just as I'd love to see the ACLU and other crackpot liberal organizations lose their tax-exempt status. emoticonXGood 
"
0,3207,"And how would Bush look if his own people hated him so much that they revolted? That would be very bad publicity, and quite an embarrassment that I wouldn't want as a country leader."
1,3208,"Actually, isn't it creationists who claim that the universe was created from nothing? Creationists even have a magazine formally called ""Ex Nihilo"" (changed to ""Creation"" because creationists didn't know what it meant.)"
0,3209,"The Bible itself says that a believer may do anything and still be saved, it's right there in the Epistles, just that it is not good for us to do certain things. In short, you can murder, cheat and steal, but Christ asks you not to. That is the startling, terrifying thing about grace. Grace is a gift, freely given. Every limit on human behaviour is one we choose to obey (or try to, more often than not), out of loving obedience to God, there is no compulsion."
0,3210,"Because what inspired my argument/debate challange was the Questions for both sides thread, it was full of vague/popular laymans usages of the term, and you cant blame only me for it, since I didn't start the thread, and since I was only about 1/10 of all the broad usages of the term going on in that thread, the rest were coming from evolutionists. Please read its opening post (by an evolutionist)  youre not going to find much about biology there. "
0,3211,Straw man. I am not attacking the achievements of science. I am attacking the notion that you have that scientists are exempt from the catalogue of influences that affect everyone else; with only the slightest admission of a tiny possibility of cultural influence - which was quickly dismissed anyway with the false analogy of comparing evolution to aeronautical engineering.
1,3212,"WHAT??? Jito, are you saying that motherhood is difficult? emoticonXWow Now that's a shock..."
0,3213,"Hmmm... so, barren women can not have a valid point of view nor women in the stage of menopause because it does not affect them personally. Perhaps you should tell the moderator to institute women only Forums, men only Forums, gays only Forums. etc"
1,3214,"That sex is primarily reserved for adults while violence is for everyone. Hooray!emoticonXBouncer
Have ya seen a Sonny Chiba film?"
0,3215,"In that case, your idea is already falsified, because there are too many intermediate fossils to count."
1,3216,"So if you quoted Ted Kennedy when he said to his wife in an event that wasn't even publicized ""Good morning, sweetie"", that would be an answer?"
0,3217,Your wrong. Airplanes and courthouses are gun free zones but these places never have massacres.
1,3218,"Unfortunately for you, that is not shown, the evidence points in one direction, and one direction only. That of evolution and to the fact that the flood never happened."
0,3219,"Well, I did not choose to be heterosexual, I was born heterosexual.   I can not see why it should be different for Gay people"
0,3220,"No it didn't, there's no suggestions for how to enforce background checks to stomp out straw purchases. Stop offering non-solutions."
0,3221,Life evolved over billions of years rather than being created in a few days.
1,3222,I think we should not only allow GAYs to have legal marriage rights but also those who want to practice insist as well as all who want to practice polygamy. Let us not stop there let us sanction union between human and animals. After all I love my Dog and my Parrot. Why stop with GAYs?   By the way where does the term GAY come from for homosexuals.
0,3223,They are not exactly the same. See the examples above. It is not random.
1,3224,"I can see that you're as impressed by PZs propaganda as an infant is with a pacifier Collin, but I'm not. emoticonXFrazzled emoticonXBye"
0,3225,I have noticed he seems content to drop a Ad Hominem neglecting to actually argue.
0,3226,Because there are people who are trying to deny the theory of evolution it's place as a vital part of public school's biology curriculum.
0,3227,"Look over the Heller ruling again. All nine judges agreed unanimously that the Second Amendment protected a right that was wholly individual in nature. The only disagreement was whether the right still applied today.   And no, the individual states and cities shouldn't be allowed to set their own standards for a constitutional right, that flies in the face of the 14th Amendment. And worse, you're arguing for precedent that would basically allow the various states to not respect your other rights; they could ban the shirt you choose to wear because it's offensive to some small, insignificant minority somewhere."
1,3228,"Gee, you're such an example to Americans, CU. Perhaps you, instead of Wendell Potter, should testify to Congress. If you're not laid up in a gutter, God forbid, with a brain tumor. emoticonXRolleyes
"
1,3229,"Alright. Aproximately 0 illegal drug dealers paid income taxes on their drug money. (Unless, of course, they laundered it.)"
0,3230,"As proved above by definition of reason above, it all depends on what premise or starting assumption you have as to what conclusion you will reason out. You are correct that faith does not neccessary require evidence. But there is usually always evidence to support the validity of a particular faith, in this case Christianity."
1,3231,"Forgive me. A few minutes with Google ought to give enough info to refute what he said, so I didn't bother.
"
0,3232,Proof? All I can think to say is that a mind is a terrible thing to waste.
1,3233,"Yeah, I'm sure no one else will. It's just me, 'cause I'm so ""hateful.'
ROTFLMAO!"
1,3234,O.K. lets' play your game. Gun control has worked exactly WHERE?
1,3235,"I always thought that NPR was an acronym for National Propaganda Radio.
I tune in once in a while when my blood pressure is low. emoticonXRolleyes"
0,3236,"You do realize that the rules are supposed to be absurd, to point up the absurdity of a recent court ruling, right?"
1,3237,"Look who's talking - the bird brain who thinks Sodom and Gomorrah morality is (ahem) ""progressive."" What is that - about 1,500 B.C. or so? Yeah right. Mr. Progressive! LOL!
emoticonXChickenemoticonXChicken"
1,3238,You mean that the planets and stars have always existed? Really - so how come we see stars being made in nurseries via the Hubble telescope.
0,3239,"This claim might be true, but do you have any citations about Carl Burgh's fraudulent claims? (ps I note you don't tell everyone else to go look up a book! It's nice to feel special)   I know of this site   http://home.austarnet.com.au/stear/carl_baugh_page.htm   which makes the claim, but I'd be interested to learn more about this alleged fraud"
0,3240,"You said there that you wanted guns in schools so that kids could defend themselves. How is that a misinterpretation?   You're asking for proof of a negative. How many massacres would have occured if guns were common in school? We don't know...   Erm.... You're saying that people don't try to harm one another over those things? I suggest you surf youtube for a bit. Rememeber however, that kids are more emotionally unstable than adults. Hormones and guns aren't a good combination.   I agree that's silly. I'm more worried about your statement that students should carry in class."
1,3241,"AAAAAAANK! Wrong!
""One of ours"" means that he hasn't broken the law. One cannot be ""one of ours"" if he cannot pass an FBI background check. Since murdering numerous people will definately put a crimp in one's chance of successfully passing, he stopped being ""one of ours"" and became ""one of yours""."
0,3242,"You really have flipped over the edge into the desparate area of insanity.   Please Penfold present some STATISTICS to back up your wild accusations. IF you cannot present anything other than the disgraceful 43..... Then shut up   Guns in the hands of law abiding citizens save lives, the statistics back this up from EVERY country EVER to introduce gun control."
1,3243,"Well, if you claim you can give 95% of Americans a tax cut then you'd have to be on par with Jesus."
0,3244,"--------------------------------------------------------------------------
 I do not believe that the supreme court adressed the the problem of convicted fellons having the death penelty reduced to life in prison and going on to kill in prison."
1,3245,"My God! Archy isn't even aware of the centuries of quibbling and waffling and just-so answers that have gone on among theologians about the problem of evil. It seems that he has never read Augustine, Aquinas, and on and on. He isn't even aware that there is even a name for arguments about the problem. It is called Theodicy."
0,3246,"Actually it should be easily to relate to VOR on this: he only argues with emotion. No facts, no evidence, no proof, just emotion."
0,3247,"Actually, I believe it was a Reagan policy continued by both Bushes."
0,3248,"Oh, I suspect my kid likes girls well enough, but most of them aren't any good at football so he finds them relatively useless (unless they are good at video games).Lots of kids were losing it early when i was young, too. I remember it being peer pressure thing, an attampt to be cool. And I also remember sex ed being pretty sad...."
1,3249,"Maybe you can provide an example so I can go to ""school"" on it?"
1,3250,I didn't think you had either the intellectual or logical ability to respond. :)
1,3251,"And you have been refuted time after time. Lies, damn lies and statistics is a starting point. Its the false idea of the more powerless you render yourself the safer you will be. I bet you strongly believe its possible to pick up a turd by the clean end."
1,3252,"A government that respects people's liberties is far worse than one that imposes the majority's version of morality on a resistant and dissident minority?
Humbug! You only say that because you believe you are in a majority on equal rights for gay Americans.
"
0,3253,"Yes the facts speak for themselves, they just don't sing the song you think they do. No biologist will find any need at all to wave any hands in this instance, for as you say the facts DO speak for themselves."
0,3254,So individual cells contract to move cytoplasm around and to transport oxygen within itself?
0,3255,"We know that now, but not because the sun rises every day, because we have identified other evidence that proves heliocentrism.The hypothesis ""the sun orbits the earth"" predicts it will rise and set every day, the hypothesis ""The earth is rotating"" predicts the same."
1,3256,So says a ghoul who delights in digging up the body of a dead man.
1,3257,"In my case, it isn't 'god fearing'.. so much as ""believer fearing'"
1,3258,Of course. What a stupid question! The Gods can do what they damned well please.
1,3259,"I tried.
Again I say, this discussion has nothing to do with my spiritual integrity. I'm amazed that you are able to judge its soundness from the total lack of related information regarding same.
My suggestion is that you request a total refund of all monies you and any of your associates may have spent on tuition. You were robbed! You might also look into punitive damages. emoticonXBye"
0,3260,"I think this is a fair conclusion. I went as far as I did because of what it seems to say about the governor calling for a joint session. I may be wrong, but the text seems to instruct the governor to keep them in joint session until final action is taken. In other words, it doesn't appear that the governor has an option. And it does not seem that the Constitution allows for a legislative session that never ends. I'm not sure how else to square the two except that the legislature should pursue final action. Of course, as you have pointed out, it really is hard to speculate on this one without any historical context of the amended Amendment Process, and/or the relevant legal precedent surrounding it. Any thoughts on this?"
