id,sarcastic_text,non_sarcastic_text,sarcasm_label,confidence
2,It's usually easier to take the immoral path. Stealing's easier than working. Lying's easier than telling the truth. Being a deadbeat parent is easier than being a good parent. The list goes on and on.,A deadbeat parent is easier than a good parent.,Non-Sarcastic,0.9957548379898071
3,"Archie proves, for the umpteenth time, that he is utterly incapable of reading for comprehension.
Oh, and stop with the ""Obama is the antichrist"" rhetoric. You're embarassing yourself even more than usual.",Archie is utterly incapable of reading for comprehension.,Non-Sarcastic,0.9599765539169312
4,"I just bet you thought you were smart just now? I'll go you several... 
How about:
1. Murder
2. Stealing
3. Adultery
4. Rape
Almost every culture since the dawn of civilization has put to death those who have trespassed those basics. But I guess you didn't get that on the Recovery Channel huh? Your idiocy is profound only as your ignorance.",I'll go you several... How about: 1. Murder 2. Stealing 3. Adultery 4. Rape Almost every culture has put to death those who have trespassed those basics.,Non-Sarcastic,0.9925179481506348
6,"So if it can be operated by means other than human control, are you saying a dog can operate it, maybe a monkey, thats something we see everyday. You are trying to split hairs Penfold, for a gun to be fired weather robotically, or training a primate to fire one still requires human intervention, so stop acting stupid because you are not stupid.",A dog can operate it by means other than human control?,Non-Sarcastic,0.9804579615592957
8,"Again, I know what a parable is.
I do appreciate your condescension, though.
",I know what a parable is and I appreciate your condescension.,Non-Sarcastic,0.992465615272522
10,In the thousands of scientific papers that present the thousands of bits of evidence that go to prove evolution beyond all sensible sane and reasonable doubt.,In the thousands of scientific papers that present the thousands of bits of evidence that prove evolution beyond all reasonable doubt.,Non-Sarcastic,0.9955863952636719
12,"If you support Bush, you're most likely not conservative. I doubt you even understand the origin of the world liberal. 
",I doubt you understand the origin of the world liberal.,Non-Sarcastic,0.9933264255523682
13,"Another red herring gay argument. Ever hear of a medical power of attorney? You don't need marriage to have one, you know. emoticonXRolleyes 
",I've heard of a medical power of attorney.,Non-Sarcastic,0.9827766418457031
14,"Oh, right. And what would yours be? ""We the humble people of the human species have decided to break away from Britan rule and form our own bubble community. No one has any rights whatsoever, and we restrict our citizens to living in bubbles because we cherish each life, from skin cells to bacteria to plants to embryos. In fact, we really have no purpose in life, we just life to not kill other lives.","""We need to break away from Britan rule and form our own bubble community.",Non-Sarcastic,0.9854272603988647
17,"Wow, what a group of rude, self important, pompous, pseudo intellectuals who will insult and personally attack a person for one grammatical error. I meant to say the UNIVERSE has aged from 4 to 14 billion years old since I was in school but rather than deduce that you call me dumb and ignorant ? With all of your so called intelligence can you prove the Universe is now precisely 14 billion years old ? Can you prove Neanderthal Man was a human descendant ? because DNA tests dont prove that out and yet PHDs and Masters Degreed scientists insist they are. That's why the bible say's that the wisdom of this World is foolishness to God.",The Universe has aged from 4 to 14 billion years old since I was in school.,Non-Sarcastic,0.9935827851295471
18,You're awfully obcessed with others' foreskin or lack thereof. I think Freud would say that you are suffering from circumsized penis envy. ;),I think Freud would say that you are suffering from circumsized penis envy.,Non-Sarcastic,0.9503750801086426
20,"Hey - you're the one who condones sinful, illicit gay-sex sodomy, which God himself calls a perversion, so you're the one who is spiritually and historically challenged. You're right in step with Satan, though, so you can really feel proud of that. LOL!
Romans 1:26-27","I'm the one who condones sinful, illicit gay-sex sodomy, which God calls a perversion.",Non-Sarcastic,0.9172302484512329
22,"1) It's on Jupiter.
2) It's on some planet we haven't discovered yet.
3) It's in Hawaii.
How do I know this?
Divination
Obstinance
Guesswork
Madness
Absolutism",I'll be able to know this.,Non-Sarcastic,0.9922601580619812
23," as their having guns doesn't serve the state.\""--Heinrich HimmlerFor pledging their support of Nazi ideals  we proudly award \""Yes\"" the Medal of Holocaust and Genocide. Congratulations  you're now a supporter of Hitler."" and you win the PINK PANTIES award!I got news for you PUNK - my family fled the Nazi's on foot in WWII ","""Yes""--Heinrich HimmlerFor pledging their support of Nazi ideals we proudly award ""Yes"" the Medal of Holocaust and Genocide.",Non-Sarcastic,0.9848704934120178
26,"The concealed handgun liscense is irrevelant to the point that all states allow their residents to have guns in one way or another, but are the gun grabbers really dense enough to think that a maniac wont go on a killing spree unless he/she can get a concealed handgun licsense first? Does this maniac think to himself "" I hope I can get that licsense so I can kill a bunch of people"".",The concealed handgun licsense is irrevelant to the point that all states allow their residents to have guns in one way or another.,Non-Sarcastic,0.9899740815162659
27,78.4 years? Well excuse me but I intend to live much longer than that. I was thinking about 112.7 years. Yeah. That's about right.,I intend to live longer than that.,Non-Sarcastic,0.9795896410942078
28,"I believe suicide is murder, no matter how you look at it. It's already illegal, and if you do it, then chances are you're either taking PCP or are mentally unstable.","I think suicide is murder, but it's illegal to take PCP or are mentally unstable.",Non-Sarcastic,0.9872305989265442
29,"First off, kudos on getting the quotes right! It's much appreciated.
Now, what's your actual assertion? If you spell it out than we can put this definition debate in context, and maybe actually get somewhere.",I'll get the quotes right.,Non-Sarcastic,0.9930912256240845
30,You forgot to mention that we would have to change our numbering system so that grasshoppers had 4 legs.,I would have to change our numbering system so that grasshoppers had 4 legs.,Non-Sarcastic,0.9796909689903259
31,"No biggie, right? Typical creationist ""teach the controversy"" stuff. But wait! The ""encyclopedia"" follows this up with it's damning evidence to show the many holes in the ToE! Read on evolutionists, and despair!!","The ""encyclopedia"" follows this up with its damning evidence to show the many holes in the ToE.",Non-Sarcastic,0.9085890054702759
33,"Oops, my bad. You're right of course. Port is an interface on a computer. It's also a harbour, so you're wrong too! :P","Port is an interface on a computer, and it's also a harbour.",Non-Sarcastic,0.9950961470603943
36,Nice evasion. Now how about actually responding to my post above which was a response to your prior attack post!!!,A response to my post above was a response to your prior attack post.,Non-Sarcastic,0.9945434331893921
37,"Unless you're suggesting that the wiggas are getting the sistahs then the question could be construed to presuppose ""black men are takin' our women"" IYGMD. Where have I heard that before?",I've heard it before.,Non-Sarcastic,0.9716356992721558
42,"Yes, again you provide a 'just-so' statement; ""evolution is a fact"", and you've already said you only need a catalogue of evidences totally unconstricted in any coherent manner to actually show how.
But my challenge to you was not this, it was to prove your version of science is science, by science. So, again you simply answer a totally different point. Well done. It must be so easy to construct your arguments this way, you're always able to answer them, unfortunately, they're your own challenge, not mine.",I've already said you need a catalogue of evidences totally unconstricted in any coherent manner to show how.,Non-Sarcastic,0.9706686735153198
43,"Not to speak for Jim, but I'm going to go out on a limb here and guess it was ""Rebuttlickan"". Just a hunch.","I'm going to go out on a limb here and guess it was ""Rebuttlickan"".",Non-Sarcastic,0.9923391342163086
45,"Well, good, I'm glad as heck you have a mom you can tell that to. Mine would've hit the roof, and then hit me on the way back down. Did she flip or was she pretty cool about it?
Just remember (who would we be if not preachy? Us ol' adults, we don't know nuthin') that b.c. isn't one hundred percent reliable or that condoms can break and you can still get nasty bugs all kinds of different ways.","I'm glad you have a mom you can tell that to. Mine would have hit the roof, and then hit me on the way back down.",Non-Sarcastic,0.9902898669242859
46,"<Flush>
Hey - I'm not the one who's going to wind up as Satan's whipping boy for all eternity. So you need to wise up while you can. Here's what you have to look forward to:
The Truth About Hell","Flush> Hey, I'm not the one who's going to wind up as Satan's whipping boy for all eternity.",Sarcastic,0.5524356961250305
47,"He stated that "" statistics show that firearms cause aggression in individuals"", no mention of the word can anywhere in there that I saw.",I saw a word that I could not mention.,Non-Sarcastic,0.9757412075996399
48,"That's deep.
Movement is not matter, I will use that the next time I decide to babble.
Are the particles no longer matter when there moving ?
Your funny.",I'll use it the next time I decide to babble.,Non-Sarcastic,0.9900907278060913
49,Other than the Soldini firearms were purchased legally there is no proof that he had a concealed carry permit. If he had the AP and the rest of the left-tard media (redundancy alert) would still be shouting it from the roof tops. Just because the Brady bunch-VPC says so doesn't make it true. Then what else can we expect from a self confessed torturer of helpless small animals and arsonist?,a self confessed torturer of helpless small animals and arsonist isn't true.,Non-Sarcastic,0.9909510612487793
53,"It's also a noun. But since you're unable but to repeat your self, maybe a few more times will make it 'true'",A few more times will make it 'true'.,Non-Sarcastic,0.9964590668678284
54,"Can cause aggression, does not mean that it will though. Alcohol has a far greater record of this but yall are not trying to ban that. So do women but we arent going to ban them now are we, Sorry but I was in a marriage from hell and just had to throw that in.",I was in a marriage from hell and had to throw it in.,Non-Sarcastic,0.9917688369750977
55,"Regardless of our training in martial arts, the only viable defense against a gun is another gun. If we were all subjected to mandatory martial arts training from birth through adulthood, we'd be not much safer from gun crime than we are right now.",I'd be able to defend ourselves against gun crime if we were subjected to mandatory martial arts training from birth to adulthood.,Non-Sarcastic,0.9922673106193542
60,You sound like a guy who just doesn't like the taste of crow very much.,You sound like a guy who doesn't like the taste of crow.,Non-Sarcastic,0.9825249910354614
61,"So, Steeeeve, I take it you are not for a FAIR society?   Is an unfair society a moral society? Please explain. I find it difficult to comprehend.",I think you are not for a FAIR society.,Non-Sarcastic,0.9923714399337769
62,"i assume you can demonstrate that everyone that opposes or critiques gay rights are personally attacking an individual or group? please, be my guest",I think you can demonstrate that everyone who opposes or critiques gay rights is personally attacking an individual or group.,Non-Sarcastic,0.9909770488739014
65,I am here right now brady. Doesn't look like you are doing so well. All of your claims and propaganda points a simmering ashes just like your .org soon will be. Have you got any useful skills so you can make a living? emoticonXHoho,I am here right now brady. I am here right now.,Non-Sarcastic,0.9903609752655029
66,"Why?
Do you read Chinese? How about ancient Mayan? Since it has no meaning to you, is it not information?
Your ability to understand the information does not affect whether or not it's information.
It's also counter to your non-material entitity stance. How can something non-material have a meaning or a purpose?
Waxy","I'm not aware of the information, but it's important to understand it.",Non-Sarcastic,0.994322657585144
70,"Possibly, I must admit I never tried to gain access to swords whilst over there.",I have never tried to gain access to swords while there.,Non-Sarcastic,0.9283313155174255
72,Can't you come up with your own line? I really did not think you would see the bucket of worms that would be stirred up if gay marriage was lawful but I tried to give you my best shot.............I did not even mention the income tax implications if this was allowed............,I didn't think you would see the bucket of worms that would be stirred up if gay marriage was lawful.,Non-Sarcastic,0.9833142757415771
73,"Sounds like a lot of ***Bull*** to me. bah du bup. BTW, Sammy the Bull spelled his name Gravano, not Grevano. emoticonXRolleyes",bah du bup.,Non-Sarcastic,0.9080150723457336
74,It's also been tested and given very false readings. Would you bet your life on it? emoticonXCool,It's also been tested and given very false readings.,Non-Sarcastic,0.9878584146499634
75,I think maybe you have hit yourself in the head with the Bible a few times too often.,I think you have hit yourself in the head with the Bible a few times too often.,Non-Sarcastic,0.9829868078231812
77,"There is the potential for a human that comes out of many, crude and vulgar things. Some end up on a maxi pad or when a guy reaches for the box of Kleenex. Should I feel a special bond with the conceptions rudely flushed out because they couldn't make it to the uterine wall? They had the potential, the DNA, were once a life too, and made a valiant effort. Life is constantly in motion. We don't value all life, or maybe not all life the same. When it appears to have some aspects of human personhood, this would seem like a logical marker, where we'd place greater value.",I feel a special bond with the conceptions rudely flushed out because they couldn't make it to the uterine wall?,Non-Sarcastic,0.9781821966171265
78,"So now gays don't exist? The anti-marriage side has reached a new low! Denying the existance of a what they are aruging aganist! I didn't think you guys could go that low. I was sadly mistaken. 
",The anti-marriage side has reached a new low!,Non-Sarcastic,0.9961995482444763
79,"So, Clinton getting it on with Lewinsky is a sign of intelligence? You can work for the Obama administration with those kinds of smarts. LOl!!",You can work for the Obama administration with those kinds of smarts.,Non-Sarcastic,0.9956299066543579
80,"Yeah. Funny thing about that.   NONE of what you quoted includes any discussion of money raised...   They organized marches. Yes.   They had phone banks for the purpose of persuading undecided voters. Yes.   But no mention of money raised...   And don't get me wrong. I am against the organizing of marches and the phone banks.   But if we're going to start indicting on that as well, please let me know cause the list of ""guilty churches"" just got a heck of a lot longer as opposed to just listing ones which had generated ""$190,000"" directly, and lots more from individual church members.",I'm against the organizing of marches and the phone banks... They organized marches. Yes. They had phone banks for the purpose of persuading undecided voters. No mention of money raised... And don't get me wrong. I'm against the phone banks.,Non-Sarcastic,0.9949076771736145
81,Seems all the drills would broadcast when they had a leftie. Just could wait for that case of M-1 thumb or the hot one down the shirt.,A drill would broadcast when they had a leftie.,Non-Sarcastic,0.9650940299034119
82,"A rifle! No self-respecting liberal would have a rifle!
Not a liberal threat against Bush.",A rifle is not a threat against Bush.,Non-Sarcastic,0.9933269023895264
85,"Well since Bush took office the mantra has bee ""Local Control"" has it not. Apparently the people of your state want whats happening. Local control in action. Rejoice in your victory.",.,Non-Sarcastic,0.9800575971603394
86,"You're right, I'm not interested in your incoherent ramblings, rather I'm annoyed at the bluster of cut and paste spam you've managed to produce.
I have no problem with the list, my problem is with your use of ""logic"".
Waxy",I'm annoyed at the bluster of cut and paste spam you've produced.,Non-Sarcastic,0.9911307096481323
88,"I don't care for the respect of utter nincompoops. I'm happy to tolerate them, but don't expect me not to laugh at them.",I don't care for the respect of utter nincompoops.,Non-Sarcastic,0.9873145222663879
89,"Seems to me its you that cant take a little humour.
If you think my reply was an insult you should get out more often.",I think my reply was insulting.,Non-Sarcastic,0.9835171103477478
91,"I think we should put to a vote, the right of the religious extremists, to vote at all. What say ye?   If the majority agrees, they have no say in anything anymore. Isn't that the way Steeeeeve says it should be done? Put it to a vote?","I think we should put to a vote, the right of the religious extremists to vote at all.",Non-Sarcastic,0.9930537343025208
92,"I think you're VERY mistaken.
I'm not a republican. Nor a democrat.
Never been registered as anything other than 'independent'.
I'm such because I think.
Unlike a party parrot that you seem to be yourself.
Since I'm neither...who the hell can ""I"" be in the minority?
Must be your biggoted knee-jerk reaction to think that anyone who doesn't think like you and slurp the Flavor Aid is the opposition and as such must be in the 'enemy party'.
And you are a hater because you verbiage is hate filled, caustic and ever insulting. And not in a funny, jestful way but full of vitriol and bile.",I'm not a republican. I'm not a democrat. I'm not a republican. I'm not a republican. I'm not a democrat. I'm such because I think.,Non-Sarcastic,0.9934647679328918
93,"I'm against polygamy, marriages with underaged minors and marriages to livestock as well, so don't feel that you are the only ones not ""accomodated"". 
","I'm against polygamy, marriages with underaged minors and marriages to livestock.",Non-Sarcastic,0.9943572878837585
95,"No it doesn't, all it does is bash Gore and the offset program. It doesn't address the actual credit markets. All it does is bash Gore (Who IMO is a douche anyways like you). Trying to argue that credit markets are bad because Gore is a idiot is like saying that Christanity is a bad religion because Dobson's a horrible person. It doesn't work like that. At least to people who have brains and educations (hint: not you).
",It doesn't address the actual credit markets. It doesn't address the actual markets.,Non-Sarcastic,0.993807852268219
98,"they held a big bash in honor of sluttish welfare queen Ayn Rand:
",Ils held a big bash in honor of sluttish welfare queen Ayn Rand.,Non-Sarcastic,0.9884071946144104
100,Sure keep thinking that way and never mind the millions he put in his pocket. How was someone else put it? A thimble size brain case almost empty.,A brain case is almost empty.,Non-Sarcastic,0.9941095113754272
101,You said there wasn't a pro-choice group before Roe v Wade. However I would have to do my research to dig up a group in 1850. Hold on...,I would have to dig up a group in 1850.,Non-Sarcastic,0.9943438768386841
103,"Your love of assumption is quite amusing (it also highlights your inability to argue honestly). All I did was point out that accidents are a cause of injuries and fatalities dealing with firearms. Nowhere did I suggest banning them in the slightest. Furthermore, I specifically noted that most of the accidents were due to improper gun safety.   So how about you take the stick out of your XXX and stop assuming whatever the **** you want for a change?   You are a joke Isly. About time you admit it.",I think accidents are a cause of injuries and fatalities dealing with firearms.,Non-Sarcastic,0.9930742979049683
105,"Lets have a look at it  a little pause button action, a little jotting down and we have it in writing! Atheist scientists (or Algore) provided me with this technology, not sure which. <--- (one of those smileys Mr Poe enlightened me on)","Atheist scientists (or Algore) provided me with this technology, not sure which.",Non-Sarcastic,0.5981189608573914
106,So you support allowing a 10 y/o to buy an Uzi and carry it into a federal court house or school as long as he does not commit a crime? Wow.   And your logic about taking criminals off the street and then having no gun control concerns would be perfect...if we had a finite number of criminals. We don't. New murderers and theives and carjackers and dope dealers and bank robbers and child rapists are born every day.,So you support allowing a 10 y/o to buy an Uzi and carry it into a federal court house or school as long as he does not commit a crime?,Non-Sarcastic,0.9929391145706177
107,That is a classic post from Easyrider! One of his more assinine attempts at intelligent design.,I'm trying to make a smart design.,Non-Sarcastic,0.9946591258049011
110,"How about other religious theories. What about teaching about the sun god? I don't mean that they believed that, but teach it as a choice because everyone deserves the right to choose in what they believe. Actually let's also teach how the theory of gravity could be wrong and people can choose to believe that invisible fairys pull people down towards the Earth and other massive objects. We should teach the theory of gravity also but we need to give them the choice on what to believe.
","I don't mean they believed that, but teach it as a choice because everyone deserves the right to choose in what they believe.",Non-Sarcastic,0.9919161200523376
111,"So you think it is a good idea for public schools to assume the role of parents? Perhaps you would support a balance then. Given what you say here, you wouldn't think it a bad idea for the New Hampshire School System to take a field trip to the local Catholic church would you? You know, so kids can know what resources, agencies, and organizations are available to them in the event that they may need to interact with them in the future. The School Board apparently gets the message, however. According to the article, it has instructed school administrators to investigate the matter, and determine whether disciplinary action is necessary. I would think it is.",The School Board has instructed administrators to investigate the matter.,Non-Sarcastic,0.98439621925354
112,"He could still call home if he needs someone raised from the dead :)
God sacrifices I get it, he's still being obedient to himself.
",He could call home if he needs someone raised from the dead.,Non-Sarcastic,0.9712793827056885
114,"Well, you're writing from an embryo's point of view, when an embryo doesn't even have a point of view. It would be like writing from a rock's point of view.","I'm writing from an embryo's point of view, when an embryo doesn't even have a point of view.",Non-Sarcastic,0.9941396713256836
115,"**
And you have no idea of what you are talking about. ""Vary-Select-Inherit"" makes a good bumper-sticker, but is otherwise meaningless.","""Vary-Select-Inherit"" makes a good bumper-sticker, but is otherwise meaningless.",Non-Sarcastic,0.9886232018470764
117,"Sleazy, just because your life sucks doesnt mean that everyone else will go to hell to pay for it.","Sleazy, just because your life sucks doesnt mean that everyone else will go to hell to pay for it.",Non-Sarcastic,0.5230456590652466
119,"Gee, I wonder why the liberal left is so quiet? I remember when Bush's DWI from decades previously came out, and you couldn't shut the hypocrites up! 
It's hilarious.",I think the liberal left is quiet.,Non-Sarcastic,0.9954623579978943
122,So your claim that no pre-existing belief is necessary is untested by you. Do you have an example of an actual non-believer having a religious experience that made a believer of them? In my experience God never appears to atheists. Funny that.,I have a religious experience that made a believer of them.,Non-Sarcastic,0.9908181428909302
124,"I know what the OP is
Green was a far better player than either.
Hendrix is overblown .Clapton was better than him and Santana is a shadow of Green
If you think that creating a sound that resembles a cat being tortured is skillful then Hendrix is your man
I cant help it if you are tone deaf and believe hype over quality.
Come on yourselfemoticonXGood",Hendrix is overblown.Clapton was better than him and Santana is a shadow of Green.,Non-Sarcastic,0.9926099181175232
126,"Oh, and please name a terrorist that purchased a weapon from a gun show, and then used it in a crime.",A terrorist purchased a weapon from a gun show then used it in a crime.,Non-Sarcastic,0.9915398955345154
127,"Rather unsurprisingly, the U.S. constitution does not have any bearing on Australian law.",La Constitution des États-Unis n’a aucune influence sur le droit des États-Unis.,Non-Sarcastic,0.9885745644569397
132,"so if right now, i ask god for forgivness, someone kills me, i will go to heaven by default? makes sense to me, i mean, i dont have time to sin...",I will go to heaven by default.,Non-Sarcastic,0.9868894815444946
134,"Confused? First you say you don't believe in killing children unless it's ""absolutly (sic) necessary"", then you say you can't imagine a time that it would be absolutely necessary. Can't you make up your mind?",I'm not sure if you don't think you,Non-Sarcastic,0.9752188324928284
135,"Good to know that sence of humor hasn't completely evaded you. 
Had me worried there for a moment, or two, or three... emoticonXWow","I'm worried there for a moment, or two, or three...",Non-Sarcastic,0.9882630705833435
137,Of course it's solely a product of women's behavior simone. It's the women that has to make the phone call to the stork. The stork doesn't answer calls from men.,"Les femmes doivent s'adresser à la stork, et les hommes ne répondent pas.",Non-Sarcastic,0.9946004152297974
144,"Like they said in the article, you can have a campaign against marrige because it hurts women because of domestic abusers, you can say the baseball hurts men, because many of them get hurt. But most of the time its a great thing. Why then, would you suggest something so abusrd as to abortion hurts women. Most of the time, abortion lets women let go of that big weight thats holding them back and prusue their dreams, and live a happy life. Since when has AntiAbortionists cared about women? Can someone fill me in here?","I think abortion hurts women because it hurts women because of domestic abusers, you can say baseball hurts men, because many of them get hurt. But most of the time it hurts women.",Non-Sarcastic,0.9901601672172546
145,"In other words, Archie cannot show ANY money raised by ""pro-gay churches"", so he's going to ignore that...
emoticonXRolleyes
","Archie is not showing any money raised by ""pro-gay churches"".",Non-Sarcastic,0.9901852607727051
146,"So, if having children isn't a requirement fro marriage, then gays should be OK, right?   If it is what it is all about, if you marry a woman who is incapable of having children, even with scientific methods, then you are not really married?   What about lesbians? They can have childre, with a little help from the local sperm bank. In facst, they can BOTH get pregnant. Does tht mean that a marriage between 2 lesbians is twice as valid?   What if a couple of gay men adopt? Then is their marriage valid?   If I have a vasectomy, am I divorced?   You are confusing me. Please explain.","So, if having children isn't a requirement fro marriage, then gays should be OK.",Non-Sarcastic,0.9936575293540955
147,"Learn to read, dude.
Here, let me quote it to you again, this time adding some emphasis.
","I'm going to quote it again, this time adding some emphasis.",Non-Sarcastic,0.9874603748321533
154,Well you never know cause your pro life and for the death penalty.,You never know cause your pro life and for the death penalty.,Non-Sarcastic,0.9946387410163879
155,"Get a clue buddy. These far-left people are saying that if they can't have things their way (which many gays like you sound like), they will go to Canada. I just extend the offer to them to please move. We really don't need people in this country who feel like they deserve anything they want, and if they can't get it they will move. This is a democracy...the people elect public officials to represent them. You can't win every election or get everything you want, and threatening to commit suicide or move somewhere else is childish and uncalled for.
Sometimes your gayness supercedes any of your logic.",This is a democracy...the people elect public officials to represent them. You can't win every election or get everything you want.,Non-Sarcastic,0.9954001307487488
158,No brother...complete controll of everything you do by a power structure you'll be powerless to stop. Enjoy!,I'll be powerless to stop.,Non-Sarcastic,0.9896618127822876
159,I see you know nothing about the subject...hardly a surprise.,I know you don't know anything about the subject.,Non-Sarcastic,0.9863654375076294
162,"This caught my eye. armor-piercing handguns, cop killer handguns. What exactly is an Armor piercing handgun? And who sells those?   Nothing like making up some stuff to make the problem seem worse than it is. Handgun bullets that will defeat a policeman's vest are already illegal! Nothing like throwing in a few lies~!~","I have a problem with armor-piercing handguns, cop killer handguns.",Non-Sarcastic,0.9888894557952881
163,"Which assumes we(unbelievers) will have traditional Christian Ceremonies, for one I don't ever plan on getting married and I plan to live forever so I see no need to have a funeral.",I plan to live forever and have a funeral.,Non-Sarcastic,0.9938573241233826
165,What is it about the same piece of paper you do not understand?,A piece of paper you don't understand is a piece of paper.,Non-Sarcastic,0.9928848147392273
166,"He was big on ""Turn the other cheek"", the pacifist non-gunner.","I was a big on ""Turn the other cheek"", the pacifist non-gunner.",Non-Sarcastic,0.9935793876647949
168,No more or less than Jebus when he did the same....emoticonXChickenemoticonXChicken,Jebus s'est heurtée à la même chose...emoticonXChickenemoticonXChicken,Non-Sarcastic,0.9875361323356628
170,"and what would that be? Would it be a violation of the laws of physics, whatever that is, if I could think or believe myself into healing a disease or various medical condition?",I could think about healing a disease or a medical condition.,Non-Sarcastic,0.9810283780097961
174,"All science is provisional. For absolutes, we look to your interpretation of your bible. That's always absolute and beyond any correction.
",I'm going to look at your interpretation of your bible to make sure it's correct.,Non-Sarcastic,0.9916573762893677
175,Within one post.   Thanks for proving that creationist are incapable of discussing the original topic and automatically move to change the subject.,I am not able to discuss the original topic and move to change the subject.,Non-Sarcastic,0.9942185878753662
178,"You're the one who needs to get a grip. Lots could get worse, but not for the reasons you're stating.   But I take it you're finally admitting that (actually) 50 million uninsured human beings who could die or go bankrupt is a big problem.",I'm the one who needs to get a grip on the problem.,Non-Sarcastic,0.9924680590629578
180,"Look at Dunblane. Then look at Columbine. Who had the higher death toll?
How often do school shootings take place in Germany?
When was the last time somebody went driving and shooting in a killing spree in America?
Name the last mass public killing in America, in a public place where the number of victims reached double digit territory.
Go on Brady, we're waiting for you to prove that you actually have a point. Don't disappoint us.","In a killing spree in America, the number of victims reached double digit territory.",Non-Sarcastic,0.9948044419288635
182,"But you sure don't hesitate to portray them that way when you use one to bolster the other! Or when you fail to actually (GASP) qualify the matter by noting the differences as well as the similarities. Hey, it's just accuracy, so why get in a fuss over it, huh? emoticonXRolleyes Why not go ahead and invoke the Jewish genocide while you're at it, or call anyone who has a different opinion ""Hitler?"" I mean it's the same sort of generalization.
",I'm not sure why you shouldn't use one to bolster the other.....,Non-Sarcastic,0.9922558069229126
183,"Yes that would solve the problem wouldn't it,worked the first time around,I say that because we (U.S.)are compared to the wild west.   But be they whites,Blacks,Reds,or pi** purple shoot a few that try to detain or threaten you, yeah I think they will back off unless they are prepared to go to war.",I think they will return to war unless they are prepared to go to war.,Non-Sarcastic,0.9750800728797913
184,"Oh, EZ, so this god of yours wants to see ME, does he?
Well and good. Because when I have access to that god he is going to get an earful from me about how his people have screwed over the world.","I have access to that god, he will hear from me about how his people have screwed over the world.",Non-Sarcastic,0.963865339756012
187,"Yeah, those teabaggers are sooo racist. :)
FOXNews.com - Black Tea Party Activists Called 'Traitors'
You're just as bad as MarieAntoinette, anyone who disagrees with Obama is racist. I, for one, am happy to see that there are plenty of people who aren't too mesmerized by the nations first black president to think for themselves. You are not one of them.",Activists called 'Traitors' are sooo racist.,Non-Sarcastic,0.9916509985923767
189,The Fact that you believe there is some sort of salvation in Jebus proves you are the dumb one.. You should stop rejecting reality ....,The fact that you believe there is some sort of salvation in Jebus proves you are the dumb one.,Non-Sarcastic,0.9939524531364441
191,"Maybe it's you who needs to hope for the brain-storm.
Others got the point of my post.
You mock that which you don't get...
But I guess if you've been cornered on most of the issue, there isn't much left for you to really do but try to mock other people, and hope that nobody notices that you lost the actual debate...",I think it's you who needs to hope for the brain-storm. Others got the point of my post. You mock that which you don't get...,Non-Sarcastic,0.9930238723754883
193,"Where's the smileys? This is a joke, right?   My sons have owned their own guns since they were 11 years old. Of course I bought them, but I bought their shoes, too.   Maybe my mind ain't right on this one.",My sons have owned their own guns since they were 11 years old.,Non-Sarcastic,0.9843890070915222
206,"Nice try twisting my words, Simone. My post above was an example to show precedence, but you already knew that.
And for the record, I don't see ALL women as a disease, just the dumb ones. :p","A post above was an example to show precedence, but you already knew that.",Non-Sarcastic,0.9932243227958679
212,"Prickolo
Slyme would be a more appropriate name for you.
Just some parting unfriendly advice
Hooroo emoticonXDonno",Prickolo Slyme would be a better name for you.,Non-Sarcastic,0.9774830341339111
213,"Thats because there are far more heterosexuals.
I cannot take a racist heterophobic serious when he tries to tell me that using certain words mean that a heterosexual man is an abuser or misogynist.
As said, your expertise are firmly on the other side.
As for your nonsense about Univ Houston.
I simply do not believe it.
You have the manner of a school teacher and the wit of railway clerk.",I cannot take a racist heterophobic serious when he tries to tell me that using certain words mean that a heterosexual man is an abuser or misogynist.,Non-Sarcastic,0.9906144142150879
216,"Or possibly your Holy Fathe has resorted to XXXXX-bashing. It's all perspective. Frankly, I don't think that the views on this message board will fuel discrimination and hatred of Popes everywhere around the world, so I think they have less to answer for.",I think the views on this message board will fuel discrimination and hatred of Popes everywhere in the world.,Non-Sarcastic,0.9952125549316406
217,"It's sophomoric remarks like that that hurt the gay cause in America.   God isn't mocked, though. And I doubt the people are either.   And I'm glad California outlawed the sin. The only thing you have left is to hope the far left, spiritually-stunted judges in the US Supreme Court are pro Sodom and Gomorrah.",I'm glad California outlawed the sin.,Non-Sarcastic,0.9902291297912598
221,So in other words your God put you on Earth to stop people from killing so your God could kill them eventually?,Votre God put you on Earth to stop people from killing so your God could kill them eventually.,Sarcastic,0.6143838763237
222,"Yup, I get the drift. You're the sort that is in denial about how he feels about gays; equating tolerance for gays with tolerance for murderers, while pretending you're doing something else. Now I know how you think, thanks!",You're the sort that is in denial about how he feels about gays; equating tolerance for gays with tolerance for murderers.,Non-Sarcastic,0.9931031465530396
223,"Equal doesn't mean good, saved, or even enlightened, preppie.
Try getting out of Hell by telling God you're equal with a Billy Graham.",I'm equal with a Billy Graham.,Non-Sarcastic,0.994248628616333
224,"It is you XXXXX, that can not comprehend. It is not that abortion has no effects, but that the effects are already included in the calculations. Apparently you think of yourself as a scientist. Thats a sad joke. And you sign as J.P. Sartre, a XXXXX like you? Only in America.:p",XXXXXXXXXXXXXXXXXXXXXXXXXXXXXXX.,Non-Sarcastic,0.724806547164917
225,"Yes, I will mark that on my calendar for future reference.....get help man....really...you need it.",I will,Non-Sarcastic,0.9869875907897949
226,Not even let white people in? I can imagine why your teacher suggested a reality check.,I can imagine why your teacher suggested a reality check.,Non-Sarcastic,0.9933369159698486
229,"Yawn, again you keep repeating this. You not only refute yourself by providing an example of knowledge of the unknowable, but you gave an example of what is unknowable, by telling me I'd never be able to know you!
",I'd never be able to know you again.,Non-Sarcastic,0.9818263053894043
234,"Being' immune' and being 'less prone' do not mean the same thing.
I doubt that you will become the poet laureate of Dallas if you do not understand words sweetplums.
You are an old camp fruit and a snivelling bigot .
Are we talking daddies? What does an old fruit like you know of daddies?
I bet he's sure proud of you.emoticonXChicken
I wouldnt be proud of having a mincing bigot for a son..must have set his sights low.
Do white men still leave a bad taste in your boyfriends mouth sweetplums?
You are not married ..",I doubt that you will become the poet laureate of Dallas if you do not understand words sweetplums. You are an old camp fruit and a snivelling bigot.,Non-Sarcastic,0.9913412928581238
235,"Actually, it is quite apparent that you do not. For one glaring example, below you incorrectly state that a dinosaur fossil has been dated by C-14. Another example of you lack of understanding of the topic is your failure to understand why very old fossils are found on the surface and the principles of dating from geologic strata.",A dinosaur fossil has been dated by C-14.,Non-Sarcastic,0.9842401742935181
240,It appears the safety Nazis feel gun free zones should be ran like prisons. Maybe the safety Nazis should take a field trip to their states prison system and ask the guards if guns or any other weapons ever make it into the prisons. Prisons are considered gun and drug free zones. If this was true then how can an inmate get shot by a gun in prison?,Inmates are shot by a gun in prisons.,Non-Sarcastic,0.9914548397064209
241,At least you are aware of your own mental deficiencies.,A person is aware of your own mental deficiencies.,Non-Sarcastic,0.9821316003799438
245,I think he is just disturbed because he didn't get his 40 acres and mule?,I think he is disturbed because he didn't get his 40 acres and mule.,Non-Sarcastic,0.9688284397125244
246,"Exactly my point! After four pages he finally gets it! Give him a hand! There's a brain in that head after all! But my point is, that unless you do disagree with the stats, your argument is irrelevant. 
[QUOTE]What I have been saying for the last three pages is that your question is idiotic, as you're comparing things which are completely different in function. They are not analogous.
","[QUOTE]Your question is idiotic, as you compare things which are completely different in function.",Non-Sarcastic,0.9936908483505249
248,"Of course not. But if you know that the ritz cracker will eventually grow up to look like you and me, I wouldnt eat it. 
",I wouldnt eat the ritz cracker.,Non-Sarcastic,0.9861882328987122
249,"[quote=zsu2357;361600]   Now, now ZSU, we learned from comrade star gazer that GW created the Continental Army. I am sure these gentlemen have some equally illogical and inaccurate 'facts' to scatter around the barnyard",GW created the Continental Army.,Non-Sarcastic,0.9288327693939209
251,"Selective reading huh? Well, there is none so blind as he who will not see.",Less sélectivement ne sont pas blinds.,Non-Sarcastic,0.965175211429596
252,"As usual, you shoot from the lip. I have no illusion of perfection, However I am convinced that as long as you live I will never be the dumbest man on earth. 
",I am convinced that as long as you live I will never be the dumbest man on earth.,Non-Sarcastic,0.9483219981193542
253,It is me I am celebrating I have been singing the munchkin song for the last day and a half.,I have been singing the munchkin song for the last day and half.,Non-Sarcastic,0.9861896634101868
254,"Yet, you want interference by forcing the schools to teach religion in science class.
How ironic.",I want interference by forcing the schools to teach religion in science class.,Non-Sarcastic,0.9914702773094177
255,.. I pointed it out in capitals in the hope that it may help you understand the point...did it work? Who knows,I pointed it out in capitals in the hope that it may help you understand the point.,Non-Sarcastic,0.988860547542572
256,"I'll let you know if or when I'm ignoring you, O Hell-bound spawn of Satan.",I'll let you know if or when I'll ignore you.,Non-Sarcastic,0.9875931143760681
258,"Tell you what-get your math and science skills up to a grade 6 level and I'll consider taking advice from you, 'kay?
",I'll consider taking advice from you.,Non-Sarcastic,0.9886407852172852
260,"Hoooahhhh! The smartest man in the world lives in a failed State and doesn't have the sense to realize it emoticonXGood
Saving California - Michael Reagan - Townhall Conservative
",The smartest man in the world lives in a failed State and doesn't have the sense to realize it.,Non-Sarcastic,0.9941490888595581
261,Oh - so you don't want to force me through pregnancy at any cost to me? You will let me make what decision is best for me? You will actually realize that I am in the best position to know?,I am in the best position to know when I am pregnant.,Non-Sarcastic,0.9961018562316895
262,"Whew, and I thought he had speed and spread copyrighted on this forum. Lets see if you can defend those arguments, one at a time. I used to debate in the same way, but I have since learned.
Would you like me to use similar tactics? I am prepared to nuke you with speed and spread.",I thought he had speed and spread copyrighted on this forum.,Non-Sarcastic,0.9288482666015625
263,"Child alert. Child alert. 
For a 15 year old, I think you need to go back to kindergarten. You are condemning and non-argumentative. I disagree with Silent Poet on most things. However, Poet has been very logical and a staunch advocate of providing evidence to back up claims. As am I.
I am christian and against abortion. You however, are non topical, non argumentative in that you attack with Ad Hominem arguments and no substance. Grow up a bit before you attempt to post on forums such as this. The occasional outburst is one thing, but to attack people with nothing but fluff etc only hurts the pro life position, it does not help it.","I disagree with Silent Poet on most things. You are non topical, non argumentative in that you attack with Ad Hominem arguments and no substance.",Non-Sarcastic,0.935619592666626
264,"Numbers don't lie, unless they come out of the mouth of a Politican.","Les chiffres ne sont pas liquées, et il n'y a pas suffisamment d'information.",Non-Sarcastic,0.9939362406730652
266,No I can't marry them becasue some of them are married. Also none have intent to li ve within Mass.,I can't marry them.,Non-Sarcastic,0.9830069541931152
268,"Now that is funny, the marie troll not knowing its a troll.",The marie troll doesn't know its a troll.,Non-Sarcastic,0.9906774759292603
269,So you are not an American? You believe that your religion should be forced on everyone by the government? Is it OK if I am allowed to teach your children my religion?,I have to teach my children my religion.,Non-Sarcastic,0.9932889342308044
270,"I know this may seem obvious to most people, but it seems to have escaped the notice of creationists. Birds are tetrapods, as are amphibians, reptiles, and mammals. Birds didn't just grow wings. Wings are adaptions of the front limbs that were covered with feathers. Perhaps you are unaware of the evidence that indicates that maniraptors had feathers, probably for thermoregulation. Saying that there is no mechanism for birds to grow wings when they previously had none is like saying that there is no mechanism for mankind to grow arms when he previously had none. You see, mankind's closest relatives are the two species of chimpanzee - they are quadrupeds.","I know this may seem obvious to most people, but it seems to have escaped the notice of creationists. Birds are tetrapods, as are amphibians, reptiles, and mammals.",Non-Sarcastic,0.9937905669212341
271,"What part did your real daddy play in it? Will he be on the island, too?
This is a good example of a scant level of maturity. Your simple out for various arguments is to play the idiot/XXXXX card.
More and more each day I see you as a complete waste of oxygen.",I see you as a complete waste of oxygen every day.,Non-Sarcastic,0.9916220903396606
272,"There were no contradictory accounts on that, just descriptions on a linear timeline. I suppose you see ghosts around every corner too.
Are you a 9/11 Truther too?",I think you see ghosts around every corner.,Non-Sarcastic,0.9811490178108215
273,The horsehoe bend was cretaed by the flood in the image of the immaculate horseshoe. repent heathen!,The horsehoe bend was cretaed by the flood in the image of the immaculate horseshoe.,Non-Sarcastic,0.9949554800987244
274,"Hang in here everyone, Bassman's been reading ""_____""'s posts over and over and they've got him talking about the ""American Holocaust""! emoticonXBanghead 
Until you have been in my exact situation, I wouldn't expect someone like you to understand. I really don't give a emoticonXCensored if you think it is selfish or not - it is not for you to judge.",I don't give a emoticonXCensored if you think it is selfish or not.,Non-Sarcastic,0.9850672483444214
275,"I'm not crying. Maybe if you actually paid attention to posts I made, you would know I am not religious. Also, if you actually read the entirity of the post you quote, you would know it's not just about comments about religious people either.",I'm not crying.,Non-Sarcastic,0.9852932095527649
276,As usual I see youre going to weasel out of replying to my latest post by changing the subject. Typical monty. I should have known by now not to waste my time.,I would have known if I would have gone to weasel to reply to my latest post.,Non-Sarcastic,0.9291738867759705
278,I'm not going to waste my time on someone lining up to be a perennial pit dweller.,I'm not going to waste my time on someone lining up to be a perennial pit dweller.,Non-Sarcastic,0.9896246790885925
281,"Orion, by your own acknowledgment as a pro-evolutionary carny-barker, your own forefathers were large-foreheaded knuckle draggers descended from brainless protozoa, and flat-earth-believing cave dwellers from the pre-bronze age. So please spare us the archaic, Bronze Age prohibitions. OK?","Orion, by your own acknowledgment as a pro-evolutionary carny-barker, your own forefathers were large-foreheaded knuckle draggers from brainless protozoa.",Non-Sarcastic,0.9153425097465515
284,"And if there's one thing I can count on, it's your insistence that we can assume guilt and should make a public spectacle of the matter before even investigating any matter. 
",I can count on your insistence that we can assume guilt and make public spectacle of the matter before even investigating any matter.,Non-Sarcastic,0.8483074903488159
285,"You've said this on other forums as well: you don't have $10,000. You're only making a fool of yourself.",You're making a fool of yourself.,Non-Sarcastic,0.9891073107719421
287,"I could have labeled my post ""TRAP"" and you wouldn't notice. Tell me, are these two contradictory:
","I could have labeled my post ""TRAP"" and you wouldn't notice.",Non-Sarcastic,0.9941778182983398
289,Oh thats not politically kerect and secially wif the chosen one doing the world apology toure I don't see that going down.   Well lay a few on us sin baby. Give us the deal.,I don't see that going down.,Non-Sarcastic,0.979905903339386
291,Are you jealous because they won't let you out of the institution while gansao get's to run all over the place?,I'm jealous because they won't let you out of the institution while gansao gets to run around the place.,Non-Sarcastic,0.9742560982704163
292,It wasn't meant as an insult...just a statement of fact. I likely have as many or more inadequacies than do you.,I've had a lot of inadequacies.,Non-Sarcastic,0.9861335158348083
295,"Ah so you forfeit! YEAH, yea have little faith. Make me understand. Answer my valid questions! Or run and pray, but you'd be better off reading a Physics textbookemoticonXKill","YEAH, yea have little faith.",Non-Sarcastic,0.7618559002876282
296,"So let me make sure I have it right, in order to be a family-man/Catholic, I must be anti-abortion and against the rights of homosexuals. Is this what makes a good family-man/Catholic; denying the rights of those who are different from what is considered by some to be ""normal"", and telling others what to do with their body?",I need to be a family-man/Catholic to be anti-abortion and against homosexuals.,Non-Sarcastic,0.9947056174278259
304,"The point that seemingly escapes you is that not even in the most wonderful country on the planet in all of human history has free speech been considered an absolute right that nothing can limit in any way.
Thank you for comprehending. Not.",La liberté d'expression n'est considérée comme un droit qui ne peut limiter en aucune façon.,Non-Sarcastic,0.9899455904960632
307,"I'd be pretty dumb to buy something from someone who doesn't even believe in what they're selling. Those teachers may teach it, but they don't believe in it.",I'd be pretty dumb to buy something from someone who doesn't even believe in what they're selling.,Non-Sarcastic,0.8850222229957581
308,"But, but, I am a guy. And a hunky one at that.*
*filthy lie","I am a guy, and I am a guy.",Non-Sarcastic,0.9929224252700806
310,"So who do you hold responsible for forcing people to stay at the convention center to die? Lemme guess.
Should they be held criminally negligent? 
I'm sure the ""bipartisan"" commission will find out who is responsible and hold them accountable.",I'm not sure the commission will determine who is responsible for forcing people to stay at the convention center to die.,Non-Sarcastic,0.9838903546333313
312,"What's your evidence that the Gospel prophecies are ""spurious claims""? Seems like you've bought into a scalding case of rational tunnel-vision (or political correctness, if you prefer).","I've bought into a scalding case of rational tunnel-vision (or political correctness, if you prefer).",Non-Sarcastic,0.9940633177757263
313,Who but a creationist would ever make such a laughable claim?,I would never make such a claim.,Non-Sarcastic,0.9645882248878479
315,"I already have, hence the explanation I provided. If you challenge me to show you an error then I will. Did you expect me to try and show something that was true and see if I could convince you it wasn't? 
When you post your evidence it usually has holes in it, not always but the truth is funny that way. It is very difficult sometimes to cover it up.
And stay away from those shrimp, eagles, gays and snowmen
They are all abominations.",I'll show you an error when you post your evidence.,Non-Sarcastic,0.9954262375831604
318,"Why would I want lies , deceptions and superstition? I mean, if believing in Jesus makes people act like you, NO THANKS","I want lies, deceptions and superstition.",Non-Sarcastic,0.9946459531784058
319,"You are aware that words have more than one meaning, right? And that every definition isn't appropriate in every situation? The definition, from dictionary.com, that you should have used is:
To infer or estimate by extending or projecting known information.",A definition that you should have used is: To infer or estimate by extending or projecting known information.,Non-Sarcastic,0.9945935606956482
321,So your biased reading of the Bible coupled with your personal flaws and your misunderstanding of science is the basis of your religiosity? Somehow I don't think that's something you'd really want to brag about...,I'm not sure what's wrong with your reading of the Bible and your misunderstanding of science.,Non-Sarcastic,0.9938659071922302
323,You could probably use it since in all likelihood you know absolutely nothing about it.,You could use it if you know nothing about it.,Non-Sarcastic,0.9920694828033447
326,"You don't want anyone saying gay people are whacked, but you will make it your business to insult someones religion?! You are a hypocrite!! You say,""Don't judge gays!"" But you are judging people by their religon?! I thought you were more mature then that. Hey you live ad learn.emoticonXRolleyes",You are judging people by their religon?!,Non-Sarcastic,0.9735704064369202
328,"come on, everyone knows that uzi's are used for hunting and target practice!   [btw- if you were shooting for french it's ""libert"" but who cares]","uzi's are used for hunting and target practice! [btw- if you were shooting for french it's ""libert""",Non-Sarcastic,0.9909188747406006
329,"I've seen the woman speak, have some of her books, funny, I did not in the least get the impression that the woman was bitter.
She looked pretty happy and assured to me. Besides, she had the classiest designer clothes I had ever seen.","I've seen the woman speak, have some of her books, funny, I did not get the impression that she was bitter.",Non-Sarcastic,0.9751429557800293
333,"Sigma, I was only joking. It hit me this morning though that if I'm willing to talk about abortion without bringing up God, I wonder if the Pro-Choicers could argue their position without bringing up ""women's rights"". ;-)",I'm going to talk about abortion without bringing up God.,Non-Sarcastic,0.9917812943458557
334,I'll give you that one...only because I think by then women will be able to place their fertilized ovums in banks.   But then again they said the same thing about robot servants and flying cars too!,I'll give you that one...only because I think by then women will be able to place their fertilized ovums in banks.,Non-Sarcastic,0.9856438636779785
335,"So you're openly admitting to being ignorant of a standard debating technique? Well, okay!
Here, let me teach you something.
",I'll teach you something about this topic.,Non-Sarcastic,0.9920592308044434
337,Really. Some people would think I'm in cahoots with the creationists. I predict their behavior and then they go and do it.,I'm in cahoots with the creationists.,Non-Sarcastic,0.9928100109100342
339,"Doesn't matter if it is 5 months or 8 months (all of which is done) or 1 month...it is a person inside another...why does that make a difference? I suppose you are a ""cancer"" too? So I guess we assume you comment should read "" Her body her choice so long as she is not inside another person and none of anyone elses business."" Surely is a random thought but I would like to have one of my own. I think that if I kill someone else in my own home then it is no one elses business but my own. Sound weird?? I agree...just like your statement.",I would like to have one of my own.,Non-Sarcastic,0.9826808571815491
342,"So in your own words the police want to go on murder sprees, because they're armed. According to you the military is just waiting for the first convenient excuse to open fire on anyone, be them designated enemies or just innocent bystanders.","I've heard that the police want to go on murder sprees, because they're armed.",Non-Sarcastic,0.9883328080177307
343,"Just to be clear, you first state ""most founders were Deists"" you then change it ""the founders that I think are Deist are mostly Deist"" and claim I'm wrong. You moving the goal posts doesn't make you right.
Oh, and Washington wasn't a Deist...might want to change that one.",I'm wrong.,Non-Sarcastic,0.9893792271614075
344,"You mean the guy who didn't tell his own cabinat he was going to Argentina to go get a little.. and left a power gap because no one knew where he was? You mean that guy?
That is a heck of a lot worse that actually having an affair. Eliot Spitzer at least had the decency to resign when he got caught being a hypocrite. 
I personally don't care about his diddling with some woman.. although it does make him a hypocrite since he ran on the 'family values' campaign. It's that little thing about leaving his duties behind without communication that is the real destruction the public trust.",I personally don't care about his diddling with some woman..,Non-Sarcastic,0.929976224899292
345,I so love it when you have to work so hard to avoid any points I made. I take it as assent to my original post.,I have to work hard to avoid any points I made.,Non-Sarcastic,0.9855048060417175
346,And I didn't have to choose to be homosexual. It is a natural inclination. I chose not to hide or lie about who I am. However you are the one who seems to be under the delusion that being gay is a choice. Once again I ask you if it is just a choice then you choose to be gay this moment.,I chose to be gay.,Non-Sarcastic,0.9918667674064636
348,"I like how you don't defend what you said but merely post some unrelated link on the 2nd amendment. Do you still claim Article V was repealed!?!?!?
I figured you wouldn't respond to the other items...you can only make up so much huh Doc?",I'll post some unrelated link on the 2nd amendment.,Non-Sarcastic,0.9929496049880981
349,"So if you quoted Ted Kennedy when he said to his wife in an event that wasn't even publicized ""Good morning, sweetie"", that would be an answer?   I wouldn't think you'd miss (or ignore) ""anti-gun quote"", which I have emphasized in this post. Your quote was not directly implicitive against guns. It actually was more anti-war than anti-gun, even if it wasn't pro gun. I've explained this multiple times, and you completely ignored me.","I think you'd miss (or ignore) ""anti-gun quote,"" which I have emphasized in this post.",Non-Sarcastic,0.9926880598068237
350,"Okay, so if we only need 10 laws then they must be, without any doubt, the 10 most important rules possible that would serve mankind throughout history. Not coveting your neighbor's oxen made the list? Why is not creating any graven images more important than not enslaving people? That didn't even make the list. If those 10 things were all that God intended to impart on mankind I have to question his mental competance.
",I have to question his mental competance if those 10 things were all God intended to impart on mankind.,Sarcastic,0.5298332571983337
351,"Exactly, to everyone else, ""wascallywabit"" makes much more sense than ""pandion"" who doesn't actually answer any issues, he's too bussy admiring how ""great he is at biology.""
And if you're wondering why I've kept quiet it's because like ""wascallywabit"" said, I can't be bothered with arrogant people who won't listen to reason.","""wascallywabit"" makes much more sense than ""pandion"" who doesn't answer any issues, he's too bussy admiring how ""great he is at biology""",Non-Sarcastic,0.7486825585365295
353,"You've pretty much boxed yourself out of any meaningful method of inquiry with this and the idea of ""resetting telomeres"". If he can ""magic"" away any evidence of age, then he would be indistinguishable from any other 30 year old, so no examination or experimentation would turn up anything out of the ordinary.","I've been able to ""resetting telomeres"" if he can ""magic"" away any evidence of age.",Non-Sarcastic,0.9930667877197266
355,"You're deluded, as usual. Anything that doesn't balance the budget is based on LIBERAL THINKING. And you don't balance the budget with massive tax hikes and gutting the military like the liberals are fond of doing. And you're going to vote for liberals? Obama? His latest budget plan was defeated 414-0 in the House. Not even his liberal cohorts would vote for it. And you vote for Obama? What the hell is the matter with you people?","You're deluded, as usual. You're going to vote for liberals? Obama?",Non-Sarcastic,0.9904507994651794
358,And Sotomayor argued that the American people have absolutely no right to defend themselves. What's your point?,Sotomayor argued that the American people have absolutely no right to defend themselves.,Non-Sarcastic,0.9529891610145569
359,"No, but I can't lose. Either he shows up at IIDB and gets smacked around beyond belief (we have some really well-educated people here, but IIDB is a whole different level), or we get to repeatedly ask him why he won't present his ideas to qualified reviewers.
P.S.: He claims not to be a creationist, only a non-""Darwinist.""",I can't lose my ideas.,Non-Sarcastic,0.9943453073501587
363,"Including the mentally ill, those with previous violent felonies, and children?","Is it possible to include the mentally ill, those with previous violent felonies, and children?",Non-Sarcastic,0.9933839440345764
364,You actually have some full insight into gays and what we have gone through and think were pathetic. Once again insults and a bigoted view Archie. You never cease to amaze me.,A full insight into gays and what we think were pathetic and pathetic.,Non-Sarcastic,0.9967580437660217
365,The critical factor here is punishing women.   Women must be punished. For whatever strikes the fancy of Cybererratus.,Les femmes doivent être sanctionnées.,Non-Sarcastic,0.9941297769546509
369,"You're somehow right despite the fact that all reliable evidence is on our side? What idiocy.
","I've got some idiocy, but it's difficult to find reliable evidence.",Non-Sarcastic,0.9916784763336182
370,Hmmm.... your religious predecessors would have sentenced you to house arrest for something so heretical.,I would have sentenced your religious predecessors to house arrest for something so hetical.,Non-Sarcastic,0.9484104514122009
372,"And you have just described ""creation science."" No application of the scientific method. No testing. The conclusions are known before the judicious quoting of scientific authority has even begun. I notice that you use one of those quotes of a scientific authority below. You show that you are what you decry.",I think you are what you decry.,Non-Sarcastic,0.9913137555122375
375,"And my 8 year old sister thinks there are fairies at the bottom of the garden.
",I think there are fairies at the bottom of the garden.,Non-Sarcastic,0.9927500486373901
376,"The range limit was 150 km and the Iraq Survey group said they flew further than that.
Plus, no comments on the missiles? It couldn't possibly be because you were wrong?",The range limit was 150 km and the Iraq Survey group said they flew further than that.,Non-Sarcastic,0.9877693057060242
382,"Explain that one to the thread starter. He claims he is the victim of age discrimination when he states ""I am a person 15 years of age and I want my gun, yet I can't get one. Why not?""","I want my gun, but I can't get a gun, but I can't get one.",Non-Sarcastic,0.9918105602264404
386,"Not that I am aware of... but I guess it's conceivable that I could have a split personality disorder and not be aware of it.
I am still interested in your thoughts to my questions and comments above, though.",I'm aware of a split personality disorder and not being aware of it.,Non-Sarcastic,0.9945003986358643
388,"perhaps you would like to explain simplistic.
Is the anthropic principle simplistic?
What natural law created natural law?
Where did the information come from?
Is matter creating matter simplistic? Matter creating information?
Here;s a deep thought:
If matter created the Universe what if it changes it's mind! emoticonXRolleyes",Is the anthropic principle simplistic?,Non-Sarcastic,0.9921512603759766
392,"Well he can defend his tax difficulties by claiming he is a creationist and thus cannot be trusted with quantitative processes involving a bit of mathematics. Then again he can tell IRS that GOD will provide and they should contact Bush to get Gods cell number. I am sure that IRS, GOD, and Hovind can work it all out.","I am sure that IRS, GOD, and Hovind can work it out.",Non-Sarcastic,0.9810400009155273
393,"I've always wondered, do toilet cleaners, like yourself, use the same brush for their teeth? emoticonXRolleyes","I've always wondered, do toilet cleaners use the same brush for their teeth?",Non-Sarcastic,0.9781399965286255
394,"Dear Hypocrite,
Do you wish to be a competent poster and actually respond to questions and requests? If so, please answer my request (on the other thread) and I will be happy to answer your questions.",I would like to respond to questions and requests.,Non-Sarcastic,0.9952114224433899
395,"Has the American Medical Association decided to recognize that aluminum, steel and polymer and addictive narcotic substances that can drastically alter a person's mental status?","The American Medical Association has decided to recognize that aluminum, steel, polymer and addictive narcotic substances can drastically alter mental status of a person.",Non-Sarcastic,0.6455107927322388
396,"We're laughing even harder. We don't go to church because of people like you and we're not religious and would rather spend the day ""sinning"" than worshipping something we don't believe in. 
Guess you forgot how God said ""Love thy neighbor""",We're laughing even harder. We don't go to church because of people like you.,Non-Sarcastic,0.9927266836166382
398,"Gansao shines like the sun compared to you.
The only shine you're going to have is the glow from your fat frying in the Pit when you die. emoticonXBouncer","EmoticonXBouncer looks like the sun compared to you, but the only shine you'll have is the glow from your fat frying in the Pit when you die.",Non-Sarcastic,0.9874559044837952
400,I feel a No True Scotsman coming on. Should I even bother to mention Hovind?,I feel a No True Scotsman coming on.,Non-Sarcastic,0.9778817296028137
403,"He was in Indonesia dear. Read his XXXX (my marks)
I thought he was as old as the devil??",I thought he was as old as the devil.,Non-Sarcastic,0.893856942653656
404,"You can take a horse to water. I provided evidence to support my assertion. You provided ............ ""Oh no it isn't!""",I provided evidence to support my assertion.,Non-Sarcastic,0.9773593544960022
405,"Dear Jill:
P.S. Remember, I gave you the morning after pill? Use it! Or hey make a few thousand dollars and donate it to research (cha-ching)!!
P.S.S. Thanks for the herpes! emoticonXGood And you think you have a medical problem, all you have to do is take a pill and you're done with the situation I gave you, but what about the situation you have now given me??? 
What's that (new) quote: All is fair in Love, sex and war? emoticonXKill 
Jack","I gave you the morning after pill, or hey make a few thousand dollars and donate it to research (cha-ching).",Non-Sarcastic,0.9939988851547241
406,"I just linked you to it. (You do understand how amendments work, yes?) Note the ""to lay.""
",I just linked you to it.,Non-Sarcastic,0.9676046371459961
410,"That ain't the way it works slick, nice try anyway.
Hello simone honey emoticonXLove",I'll try it again.,Non-Sarcastic,0.9851698279380798
412,"Not being a jew, I suppose I'll opt for the Christian Devil.",I'll opt for the Christian Devil.,Non-Sarcastic,0.9940004348754883
413,"Interesting.... have you ever been to a schoolyard recently? I think the ""taunts"" are more directed at gays. Like ""f@ggot"" and ""fairy"". What taunts do you get on a daily basis? What... being called out on your negativity towards the rights of a minority? boo hoo.","I think the ""taunts"" are more directed at gays.",Non-Sarcastic,0.9947519898414612
414,So you're stumped again on who your missing link is. Not surprised. OH YE OF GREAT FAITH!!,I'm stumpd again on who your missing link is.,Non-Sarcastic,0.9908060431480408
415,"So you are equating pigs with humans. Pig rights! Yes that is logical. We should value a farm animal the same as your kids.
What basis are you using to rationalise such equality? You did have a point, right?
*
""In 1890 the Supreme Court of the United States, concluding a great contest begun in the District Court of the Territory of Utah in 1887, held that the National Government had ""a perfect right to prohibit polygamy and all other open offenses against the enlightened sentiment of mankind, not withstanding the pretense of religious convictions by which they may be advocated and practiced.""
http://www.barefootsworld.net/consti11.html#c84b","""In 1890 the Supreme Court of the United States, concluding a great contest in the District Court of the Territory of Utah in 1887, held that the National Government had a perfect right to prohibit polygamy and all other open offenses against the enlightened sentiment of mankind.",Non-Sarcastic,0.9820832014083862
417,"You put on ignore before and it didnt even last a single post.
Neither will this prance offemoticonXDonno",You put on ignore before and it didnt even last a single post.,Non-Sarcastic,0.9637869596481323
422,"Bush is a Luddite...Yadda, yadda, yadda..... Bush is the anti-Christ ...Yadda, yadda, yadda emoticonXRolleyes","Bush is a Luddite...Yadda, yadda, yadda.....Yadda, yadda...Yadda, yadda emoticonXRolleyes.",Non-Sarcastic,0.9891605973243713
424,"Like the crusades and the inquisition? How about the Southern Baptist Convention, formed at the end of the Civil War with the express purpose to discriminate against blacks? And of course, the KKK and the Aryan Brotherhood make the same claims as you. Of course, you're going to tell me that you are a christian and they aren't. But when people tell me they are christians you aren't always around so I just never turn my back on them. That way, even if they are follow that strange pull to make a bad decision, I will at least have my eye on my money.","christians aren't always around, so I don't turn my back on them.",Non-Sarcastic,0.9904484152793884
425,We came from apes not created. Why can't people figure that out did any body go to school around here.,We came from apes not created.,Non-Sarcastic,0.9851506352424622
426,"Really? Wow, I didn't know that books with their edjumacational benefits...",I didn't know books with their edjumacational benefits...,Non-Sarcastic,0.9877205491065979
428,"I'd love to know what would constitute ""impartial"" in your view. Btw who'd scrutinize the board?
Why don't you pro-compulsory birthing folks just start a fund and offer to pay women $100,000+ for carrying to term and surrendering the baby. I'd bet you'd have many takers. Can you get a second mortgage on a trailer?","I'd love to know what would constitute ""impartial"" in your view.",Non-Sarcastic,0.9948641657829285
429,I see you missed the entire point of my post. Good job on analyzing the sarcastic opening though.,I think you missed the entire point of my post.,Non-Sarcastic,0.9879543781280518
430,And you know he is NATO's boy how? You get a bit more looney with each post there comic relief. Keep the laffs coming tho.,"I think he is NATO's boy, but it's a bit more looney with each post there.",Non-Sarcastic,0.977605402469635
432,"Because the soundbite ""survival of the fittest"" was coined to explain evolution to the stupid masses.","The soundbite ""survival of the fittest"" was coined to explain evolution to the stupid masses.",Non-Sarcastic,0.9935511350631714
434,"Soooo, um, pregnancies are solely a factor of a woman's behavior, eh?   No males involved?   Um, have you ever been exposed to any level of sex ed?","Les grossesses sont a factor of a woman's behavior, eh?",Non-Sarcastic,0.9872146844863892
436,"You would say that, because you are neither a woman, nor gay. Families were ruled by the husband with a clenched iron fist by the way, and women and children had few rights. The family structure was ""secure"" that way. Yes, the fact that there was lower teen pregnancy outside of marriage, is just such a good thing in and of itself. This meant fewer people burning in hell, which is what is really important.emoticonXRolleyes","The family structure was ""secure"" that way, and women and children had few rights.",Non-Sarcastic,0.9948809146881104
439,"If that were the case, you'd sure know how to recognize it! :p",:p,Non-Sarcastic,0.7561708688735962
442,You would think that you would learn by now that Matthew can't think but in the two extremes. It is as if there is a mental block.,A mental block is a problem.,Non-Sarcastic,0.9929556846618652
443,"Some Hispanics are totally white. Some Hispanics are very black. Many Hispanics are brown. As a matter of fact, there are a number of Hispanics now who are very Asian.
Those damned Hispanics just don't seem to want to play by the rules!
In fact, there are some Hispanics who look very Scandinavian. Just to show you!",Those damned Hispanics just don't want to play by the rules!,Non-Sarcastic,0.9675542116165161
446,You can look as yourself as god if you want...I wouldn't recommend it.,I wouldn't recommend it.,Non-Sarcastic,0.9694762825965881
448,"Hehe... Jesus Christ was conceived by the Holy Spirit yet he ALWAYS addressed God (YaHWeH) as his Father. How come Jesus NEVER (NOT EVEN ONCE) addressed the so-called ""The Holy Spirit"" as his Father huh? Duh! :p emoticonXRolleyes
FYI, the word, ""spirit"" (Greek pneuma; pneumatic; air; wind; breath) is ALWAYS (in the NT) a neuter noun. It (neuter) is a/the gift, and not a/the Giver.
""Your"" English translated Babble screwed you so-called Judeo-Christians big time ROFLMAO! :p emoticonXBye",":p emoticonXRolleyes FYI, the word ""spirit"" is ALWAYS (in the NT) a neuter noun.",Non-Sarcastic,0.9898779392242432
449,"And you, on the other hand, because you are not educated in science in general, and evolutionary theory (why the quotation marks?) specifically, are qualified to correct those of us who spent years in study of the topic.","Vous êtes inconvenient à l’égard de l’éducation en sciences en général, et à l’égard de l’élaboration d’un plan d’action.",Non-Sarcastic,0.9914067983627319
451,I have an entire New Testament. You've got what - a mouthful of denial? When you get to the level of the NT works let us know.,I have an entire New Testament.,Non-Sarcastic,0.9950687885284424
452,"So you being unwilling to back up your AD HOMINEM is somehow like a serial killer being nice?
What a pathetic deflection attempt! 
",A serial killer isn't going to support you.,Non-Sarcastic,0.991717517375946
454,so your saying he was 200% god-man? i'm not a mathematician but that can't be right surley.,I'm not a mathematician but I'm not a mathematician.,Non-Sarcastic,0.9911892414093018
455,So the fact that terrorists board airplanes should be used against people in determining whether they can be trusted or not? My government must not trust an ordinary dirtbag like me because it makes me go through a security check before boarding a plane.,I have a security check before boarding a plane.,Non-Sarcastic,0.9949520826339722
459,A 6ft tall mugger vs an old man. The muggers hands are leathal weapons vs an old man.   Let's see. The criminal got away and the old man is being charged with a crime? Do you see anything wrong with that?,The muggers hands are leathal weapons vs an old man.,Non-Sarcastic,0.9943646192550659
460,"You never bought something you liked? You never went somewhere with someone you liked or went to meet them? 
","You never bought something you liked, went somewhere with someone you liked or went to meet them.",Non-Sarcastic,0.9532383680343628
461,"Yeah, that's probably what Stalin and Hitler said at first too. They were also big fans of 'gun-control'. 'Gun-control' works great.. especially in countries with fewer freedoms and/or socialist governments. I read somewhere that in Japan that the police can (and do) visit you twice a year at your home unannounced to question you about your activities. And yet, people still die at the hands of criminals there like anywhere else.   Sorry, you assume that because the 'law-abiding' abide by these laws that that will somehow affect the actions of those that disobey the laws. Doesn't work that way. You liberals are always quick to blame inanimate objects for the actions of the irresponsible. But then, liberalism is all about excusing the behavior of the irresponsible.",'gun-control' works great.. especially in countries with fewer freedoms and/or socialist governments..,Non-Sarcastic,0.9930210709571838
462,"If the rejecting of the ""lifestyle"" results in death, beatings, job displacement, eviction, insults or inequality, then what would YOU call it? ""Religious moral code?""","A rejection of the ""lifestyle"" results in death, beatings, job displacement, eviction, insults or inequality.",Non-Sarcastic,0.9768378734588623
463,"So you represent something you don't believe exists?
Doesn't this make you a Nihilist?
""Vee beleef in nossing, Lebowski! Nossing!""","""Vee beleef in nossing, Lebowski!",Non-Sarcastic,0.6028620004653931
465," they can refuse any ceremony they want. That it has been \""open to all for years\"" carries no weight whatsoever. It is church property--which is essentially the same as a church saying it doesn't want gay ceremonies in its sanctuary which churches are free to refuse. Maybe churches are imposed upon in such ways in Canada  but not in the US.Given these matters  I'm not sure the HRC is being any more honest than the video they are responding to."" So then if I owned a business or a piece of property I could then refuse to sell or accommodate fundamentalist anti gay Christians and \That it has been \""open to all for years\"" carries no weight whatsoever.\"" It is my property and I don't like the immorality of fundamentalist anti gay Christians."" ",I'm not sure the HRC is being more honest than the video they are responding to.,Non-Sarcastic,0.9926734566688538
468,"I like the Grape Flavored best, But I won't be drinking any KoolAid with you or one of your religious Cult Fanatics... 
And why would I be embarrassed about telling the truth?....",I'll be drinking any KoolAid with you or one of your religious Cult Fanatics...,Non-Sarcastic,0.9871024489402771
469,"Let's see now....you're Christophobic, Biblephobic, Fundie-phobic, steeped in carnal hedonism, you use derogatory rhetoric against God's people, and what else?
Hypocrite!!
And Barney Franks a respectable congressman? ROTFLOL!!!!
You're clueless, Shooter. I shutter to think where you'll wind up. But we'll have to see what develops. It'll probably be negative, since you've lost your focus.","We need to see what develops, because you've lost your focus.",Non-Sarcastic,0.9944686889648438
470,"Wow, you PROVED the Big Bang to be a big dud? I didn't see this clear refutation of a longheld scientific theory written up in any of the peer reviewed scientific journals. I must have overlooked it. Can you give the reference to your article?",I didn't see this clear refutation of a longheld scientific theory written up in any of the peer reviewed scientific journals.,Non-Sarcastic,0.9587464928627014
471,"You mean a strawman logic fallacy, right? Yeah that would require me using a statementnot a question. But at least you tried.",I would need to use a statement instead of a question.,Non-Sarcastic,0.9931408762931824
473,do you go to study hall? probably not. It is a requirement where the athletes sign in and sit in the library with their teams and are monitored to make sure that their studying is getting done.,Les sportifs doivent s’inscrire et sit in the library with their teams to ensure that their studying is done.,Non-Sarcastic,0.9864963889122009
478,"I would just want the woman to ask that question before she spreads her legs.
Dono",I would like to ask the woman before she spreads her legs.,Non-Sarcastic,0.9932373762130737
479,And posts like yours serve no purpose other than to detract from the subject at hand. The subject at hand involves how some people choose to fear the law-abiding and feel safer with the law-breakers. You've done absolutely nothing to dispute these facts and prove them wrong.,I've done nothing to dispute these facts and prove them wrong.,Non-Sarcastic,0.9908924102783203
480,"I knew it. I'm a lesbian. I just crave women. Many women at the same time.
I'm just playing.....just wanted to lighten it up",I'm a lesbian. I crave women.,Non-Sarcastic,0.9946683049201965
481,"emoticonXFrazzled
Like I said. I get the gist of your gripe.
So...are you offering to give up your computer and the electricity that runs it? Do you have a list of those 'consumer goods' that you want to ban from civilization?
You still don't get it - people need jobs and right now those jobs consist of making consumer goods. What % of the population do you want to cull so that the global unemployment rate doesn't create a society of thieving savages?emoticonXDonno",EmoticonXFrazzled Like I said - people need jobs and right now those jobs consist of making consumer goods.,Sarcastic,0.6250209212303162
484,"Considering what you turkeys did to the State of California, with its budget and social depravity, you have no room to talk. I'm surprised the Lord hasn't cast San Francisco and L.A. into the Pacific Ocean yet.",I'm surprised the Lord hasn't cast San Francisco and L.A. into the Pacific Ocean yet.,Non-Sarcastic,0.9907816052436829
485,"So we kill the baby instead? Interesting idea. How about instead we reform the fostor and adoption care system. No, people arn't looking for healthy, white infants, they are looking for infants. This automatically reduces 90% of adoption cases. The so called ""Healthy white infants"" make up 70% of all adoption cases, seeing that 30% of abortion are done by blacks, and latinos and most minorities don't have abortions, but instead keep their children.","Less than 90% of adoption cases are done by blacks, and most minorities don't have abortions.",Non-Sarcastic,0.9879994988441467
487,That is the only purpose it was created for. One must wonder if BS can have several uses to man and ID has but one which is the more valuable?,BS can have several uses to man and ID has but one which is the more valuable.,Non-Sarcastic,0.7479474544525146
488,"So Archie goes back, sees whether this thread is one of the few where he doesn't spew the namecalling, then asks somebody to restrict himself to citing this thread as if it's a representative sample.",Archie cites this thread as if it's a representative sample.,Non-Sarcastic,0.9533786177635193
490,I see. So the Bible is true because you claim it is true.,I think the Bible is true because you claim it is true.,Non-Sarcastic,0.9930498600006104
491,"I do and I was joking around. I'd never actually consider having sex with a Christian.emoticonXCry
Besides, a man your age should have learned the difference between love and sex.",I'd never consider having sex with a Christian.,Non-Sarcastic,0.9726729989051819
493,"So then how do you know that abortion isn't in the plan then? If as you say we have ""VERY LIMITED PERSPECTIVE""",I've been told that abortion isn't in the plan.,Non-Sarcastic,0.991047203540802
494,"Great job straight out of the leftard playbook. Can't refute the message so go after the messenger. Would it matter if it was printed in the NY Slimes, I doubt it.",The message was printed in the NY Slimes.,Non-Sarcastic,0.9806400537490845
497,"Since you seem to know Jebus so well why don't you ask him to make an appearance and tell all of us heathens the error of our ways.. Why not let Jebus tell the world what he thinks about Homosexuals ... Oh wait.. Jebus never mentioned the subject so this is just YOU and YOUR ilk spreading more homophobic paranoia ... 
You've reached a new Low EZridden.. and I never thought you could get any lower ...emoticonXBounceremoticonXBouncer",Jebus never mentioned the subject so this is just YOU and YOUR ilk spreading more homophobic paranoia... You've reached a new Low EZridden.. and I never thought you could get any lower..,Non-Sarcastic,0.9942658543586731
498,"To use WMD's one actually has to have them my neo-liberal friend. But I guess that kind of basic logic just goes way over your head.
*whoooooosh*",I'll use WMD's one to make them my neo-liberal friend.,Non-Sarcastic,0.9926795959472656
501,"Anyone speaking English could well be an illegal from the UK then, right? 
I guess Puerto Ricans better watch out too.",I guess Puerto Ricans should watch out too.,Non-Sarcastic,0.9923015832901001
507,"It probably was a bunny suit that he was supposed to wear. I guess he changed his mind, once again, and decided to wear this suit.",I guess he changed his mind and decided to wear this suit.,Non-Sarcastic,0.9112021327018738
508,"Right off I don't know anyone who doe's believe it,any more so than a society 
that is mandatorily armed (good idea to). 
Well anyhow Comrade I had you figured to be jumping up and down.Its all nonsense right down to encoded ammo,however ifs do make a good topic.http://www.4forums.com/political/ima.../xbanghead.gif
emoticonXBanghead
http://www.4forums.com/political/ima...lies/xkill.gif
emoticonXKill
P.S.plenty of firepower though,probably like most of us.","I don't know anyone who doe's believe it,any more so than a society mandatorily armed (good idea to).",Non-Sarcastic,0.8037517070770264
513,"So theistic evolution is not a belief, not a faith at all? It is simply a humanistic idea that is based on science, using God to fill gaps?","Theistic evolution is not a belief, not a faith, but rather a humanistic idea.",Non-Sarcastic,0.9889872670173645
514,"It's called a dictionary. They're really nice, but of course first you need to open one up and actually read what it says emoticonXGood 
Clickity-click.
",It's called a dictionary.,Non-Sarcastic,0.9862061142921448
515,"Just like I predicted. And I'm pretty sure from your screen name and the way you wrote your OP that you had already made up your mind before you did your first post. You've tried to pull off your little charade here but I had you pegged from the get-go.
Nice try.",I've tried to pull off your little charade here but I had you pegged from the start.,Non-Sarcastic,0.9898219108581543
517,Is there some sort of a symbolic potent phallic aspect to holding a gun in one's hand? Is Sarah Palin being a manly sort when she shoots a wolf from a helicopter?,Is Sarah Palin a manly sort when she shoots a wolf from a helicopter?,Non-Sarcastic,0.9934535026550293
518,"PROJECTION, again.... I'm amazed you can't recognise the amount you do it....",I'm amazed you can't recognise the amount you do it....,Non-Sarcastic,0.9913175106048584
519,"The only thing he has faced has been kangaroos, the mirror and flying springs from the scale","He faced only kangaroos, the mirror and flying springs from the scale.",Non-Sarcastic,0.9912503957748413
521,No more circular than your. Except that your assertions aren't backed up by any evidence.,"I'm not a circular than your assertions, except that your assertions are not backed up by evidence.",Non-Sarcastic,0.9929960370063782
522,"Again he was under attack. Listen to yourself. And talk about a parrot? 
No one is arguing Saddam was a saint. But he wasn't and threat and he wasn't insane enough to commit sucide. You are too busy being a lemming and being led over the cliff with president Shrub (Molly Irvins -- GW is to small to be a Bush). ;)",he was under attack. Listen to yourself. Talk about a parrot? No one is arguing Saddam was a saint.,Non-Sarcastic,0.9822794795036316
527,"And once again (s)he rambles on while responding to nothing said in the prior post. At least you're consistent in your irrational hate speech. BTW, the term sword of truth implies no violence against anyone at all. Except in the mind of paranoid hate mongers, that is. emoticonXGood",I'm consistent in your irrational hate speech.,Non-Sarcastic,0.9947169423103333
528,there is the problem the lack of civilized societies are well.. when you find one come tell me.,The lack of civilized societies are well.,Non-Sarcastic,0.9959730505943298
529,"Thanks for contributing absolutely nothing as you make unfounded claims without supporting them with even the slightest proof. But hey, talks cheap; and you've proven you've got plenty of that since showing up here.",I've been able to prove that you've got plenty of that since showing up here.,Non-Sarcastic,0.9743486642837524
530,"Oh boy,,.. I got ignored with a potty remark. Why is that not surprising?",I got ignored with a potty remark.,Non-Sarcastic,0.9917206764221191
531,Sounds like I got the better deal. Maybe you should have held your pre-printed sign higher so the cameras could read ALL of it. ;),I got the better deal.,Non-Sarcastic,0.9899260997772217
535,"I'm not big on the abortion issue, but are you saying that anyone who disagrees with you is sexist and arrogant? That's a tactic straight from the leftist playbook. Clearly you're the one who's arrogant, if you can make these kinds of baseless generalizations of your opponents. Isn't it you who always accuses conservatives of being intolerant of people who think differently than them? Now that's irony!","I'm not big on the abortion issue, but are you saying that anyone who disagrees with you is sexist and arrogant?",Non-Sarcastic,0.9914166331291199
536,Yawn.. you are so obsessed with gay sex. I am not. Enough said.,I am obsessed with gay sex.,Non-Sarcastic,0.993703305721283
538,"I'm sure the response is that He could. But, y'know, God's a real XXX sometimes... (Besides, who do you think used His uber-complex biochemical engineering skills to create the prions responsible for FFI, anyway?)","I'm sure the response is that He could, but, y'know, God's a real XXX sometimes...",Non-Sarcastic,0.9864184260368347
542,"Referencing the NT in an attempt to justify the NT? The very same NT which was written by Jesus' followers? I see. 
",The NT was written by Jesus' followers.,Non-Sarcastic,0.9807336330413818
548,You telling me that one day I could have claws come out of my hands?........SWEET!,I could have claws come out of my hands one day.,Non-Sarcastic,0.9664955139160156
550,"How mature: all caps screaming and namecalling.
It's no surprise, though; it's all you have, Archie. You come in here making assertions about souls, so when we challenge you to defend your view... you don't. emoticonXRolleyes","Archie, you're in here making assertions about souls.",Non-Sarcastic,0.8557124137878418
551,"This assertion is ridiculous not merely on its face but due to its face. Why would I hold an irrational position in order to claim to be an intellectual? ""Hi, I'm an intellectual because I hold an irrational position!"" Hello? Hello? You really don't even think before you post this claptrap, do you? How pathetic. emoticonXRolleyes 
",I'm an intellectual because I hold an irrational position.,Non-Sarcastic,0.9943124055862427
552,"Actually, that honour is reserved for the usual representations of those who advocate young earth creationism.",Cette honor est réservée aux représentations habituelles des partisans de la création de la jeune terre.,Non-Sarcastic,0.985864520072937
553,Will the Catholics ever elect somebody who is not a complete knob? He speaks just like he knows something about gay relationships. emoticonXRolleyes,He speaks like he knows something about gay relationships.,Non-Sarcastic,0.9592303037643433
557,I'd be happy to be of service in distributing those assets but Alan is probably armed.,"I'd be happy to be of service in distributing those assets, but Alan is probably armed.",Non-Sarcastic,0.9569060802459717
560,"Losing again I see. Don't change the subject. How are supporting 'gay sex debauchery' and lying in any way synonymous?
You have made the accusation. Back it up.
If different words are too much for your miniscule brain to cope with, I suggest you try yelling your hogwash on a street corner, where less people will be able to see how much of a fool you are.","I'll try yelling your hogwash on a street corner, where less people can see how much of a fool you are.",Non-Sarcastic,0.99434894323349
563,"Examined the record? Now it's not even the patient, just the record? Good god man! Many times, only a number of criteria must be met, not all of them. It would be like me saying that there must be gas in your car since it is running. Then you tell me that I must look at the gauge then physically take the tank off to be able to say without a doubt there is gas in it. Flat EEG in the cerebral cortex means no brain activity in cerebral cortex means PVS. There is no reason to test a swallowing reflex, a pain response reflex, or sphincter tone. 
",I need to look at the gauge then physically take the tank off to say there is gas in it.,Non-Sarcastic,0.9063912034034729
565,"Why is it you leftists are incapable of actually staying on topic and responding to what an opponent is actually saying? 
On a side note, it's looking ugly out there for the socialist party. It looks like many americans are doing what I did and voting a straight republican ticket. The Rust Belt is also looking more and more like it's going republican and if that happens, it's all over for the socialists. The Senate will be turned over to a republican majority also, if the rust belt continues to turn right. Good luck to everyone. emoticonXBye
NOT REALLY, only to the conservatives. emoticonXAgree emoticonXRolleyes","On a side note, it's looking ugly out there for the socialist party. The Rust Belt looks like it's going republican.",Non-Sarcastic,0.995396077632904
566,"Well I gotta hand it to you, Matt, you're consistent.","I'll hand it to you, Matt.",Non-Sarcastic,0.9872100353240967
567,"...which -- although a very good point when it comes to refuting creationist claptrap -- is not even the major issue of this forum. Undesirable consequences of an effect do not make that effect false or nonexistent. Gravity ""breeds"" falling deaths, which are bad, so let's maintain that gravity doesn't exist...",...which -- although a very good point when it comes to refuting creationist claptrap -- is not even the major issue of this forum.,Non-Sarcastic,0.9937450289726257
568,"From the threads I see, you would be banned in 10 posts, and everything deleted. The level of discourse over there intelligence over there makes ER looks semi-intelligent.","I would be banned in 10 posts, and everything was deleted.",Non-Sarcastic,0.9901152849197388
572,"Yes, it is. I'm actually considering moving out of the south specifically for that reason. I will miss the largemouth bass fishing....wth is a pike? ;) It's always been that bad though, now that I think about it. It's just I ignored it more when I was younger.
The sticker is moronic IMO. If they label ""evolution"" with that, they should go ahead and label every single book, TV, everyone's forehead, and every object that can hold a sticker in the entire world. Some people thing there is ""openess"" about being correct or incorrect. On some things that are opinion, sure. On reality? Not the case.
I mean, I'm not running around believing John Kerry actually won the election despite the evidence, although I certainly could, if I approached the election results with ""an open mind"". Although I could....hmmm...just have to keep it up for 4 years!
-Mach","I'm considering moving out of the south specifically for that reason. I'll miss the largemouth bass fishing...wth is a pike? ;) It's always been that bad, now that I think about it.",Non-Sarcastic,0.9937472343444824
573,"So this time you are really serious about leaving emoticonXRolleyes 
So now mental existence isn't good enough (as it is not unique which was my point) but human cells is important and something of a human brain. Well what importance are human cells and a human brain? It seems the idea of a human having importance is not just limited to me...you just happen to add another criteria at the end that you feel is important as well.",A human having importance is important and something of a human brain.,Non-Sarcastic,0.9949437975883484
574,"Simone you are a wretched little girl and unitl you can properly organize your thoughts into a comprehensible group of statements that expresses your views conciesly you must not post anywhere a man may run afoul of your devilish whimsical rantings. 
Your befuddlement of these issues of great import will not be tolerated. Do we make ourselves clear young lady? Now off to your room to contemplate the nonsensical mischief and unneccessary consternation we have all suffered due to your blatant disregard of forums ettiquite. emoticonXFrazzled
You sound like a 9 year old trying to get a date. Simone hasd left the building the debate has drifted it isn't the end of the world. The sun will rise tomorrow emoticonXBouncer",You are a wretched little girl and unitl you can properly organize your thoughts into a comprehensible group of statements that express your views.,Non-Sarcastic,0.9943653345108032
575,"I don't know? How about a person from a group known to do almost anything to get money, but also realises the pain they would bring to a child if they had one.",I don't know if a person from a group can get money from a group.,Non-Sarcastic,0.9913755059242249
576,"it is not an addiction but a sexual aberration for sure, an incurable one going by what you say. I feel sorry for homosexual sodomites, it is not their fault to want to insert and be inserted penis wise where penises shouldn't go into. But, s***t happens.","I feel sorry for homosexual sodomites, it is not an addiction but a sexual aberration for sure.",Non-Sarcastic,0.9863749742507935
577,"No, I for one dislike your posts because I know you intentionally write irrational posts to help support your religious cause.   Just for the record montalban, basically every single legitimate scientist is ""pro-evolution"". Creation theory is not taught in public schools, not by chance, but because...*gasp* it's RELIGIOUS MUMBO JUMBO. There is no evidence to support it. Creation fiction has made no progress with it's ""faith-based"" (lackofevidence) with rational people.   And I'll also say that I'd welcome ad hominem over irrational thinking any day. Ad hominem is just a lack of patience, or someone who doesn't care to hide their emotion or opinion. Irrational thinking on the other hand is often only cured by death. Someone guilty of ad hominem can still hold a rational debate. The irrational..well, why bother?   -Mach",I dislike your posts because I know you intentionally write irrational posts to support your religious cause.,Non-Sarcastic,0.9843425750732422
579,"Okay I don't care what you call it, but let's take it back to the human being part. If your brain was transplanted into Steve's body, would the new person have your memory and your life experiences and your reasoning powers? For instance, you believe a human being begins at conception. If Steve believed a human being began at birth, would this new individual believe that a human began at conception or at birth?","I don't care what you call it, but let's take it back to the human being part.",Non-Sarcastic,0.9931446313858032
580,"gooey cute as this reads, how is this relevant to the philosophy discourse?",I think this is relevant to the philosophy discourse.,Non-Sarcastic,0.9954732060432434
582,"Well, you must not be a GOP lawmaker or the President of the United States. They're convinced that the only way to prevent the SCOTUS finding in favor of same-sex marriage is to amend the Constitution.","I'm not a lawmaker, but a president of the United States.",Non-Sarcastic,0.9932171702384949
585,"Use some common sense, would you. And while you're at it, trying reading! I said, and you quoted me as saying:
",I'll try reading.,Non-Sarcastic,0.9859402179718018
587,"And, let's see, when did the job loss actually start? 
Oh yes.. We can trace the troubles starting in 2007, with a big melt down in August/September of 2008. Let's see.. Obama must have been a terrible president to have caused that.. oh WAIT. That wasn't Obama, that was BUSH.. Excuse Me.","We can trace the troubles starting in 2007, with a big melt down in August/September of 2008.",Non-Sarcastic,0.9959433674812317
588,"Umm, don't know about you but I also eject waste through my penis - just don't do it when having sex, just not polite (unless they ask, now there's another fetish I don't get). Isn't it odd if the anus was not designed for a penis its still pleasurable?
","I eject waste through my penis - don't do it when having sex, just not polite (unless they ask, now there's another fetish I don't get).",Non-Sarcastic,0.9877013564109802
589,"Yep, Martha is in trouble and the democrats are panicking. 
I think the strong Independent support for her opponent is due to Martha's own lack of appeal. 
By they way, I have to ask....since ""The anointed one"" was in your neck of the woods, did you get a peek at him? prehaps even wave at him (with all 4 fingers) ;)",I think the strong support for her opponent is due to Martha's lack of appeal.,Non-Sarcastic,0.9919231534004211
591,Good observation! He is very good at presenting fellatious viewpoints and lack of knowledge and content. He is one of the more fellatious people I know and you won't find him taking notice of the Constitution as the Supreme Law of the Land either.,I'm not sure if he'll take notice of the Constitution as the Supreme Law of the Land.,Non-Sarcastic,0.9845440983772278
593,"With a standing president breaking the law to 'protect' you, this should be expected.",A standing president breaking the law to protect you should be expected.,Non-Sarcastic,0.9913927316665649
597,"What part of ""I don't want a penis"" do you not quite understand? 
Is it that maybe you are the one who wants a penis? There are ways to resolve that issue. emoticonXRolleyes","I don't want a penis, but I don't want a penis.",Non-Sarcastic,0.9932671785354614
598,"To the exclusion of all others? I thought you were working for acceptance and inclusion. You are the only one allowed to ""exclude?"" 
",I thought you were working for acceptance and inclusion.,Non-Sarcastic,0.9903382658958435
600,"I never suggested that they shouldn't be. The punishment should equal the crime.
And your welcome.",The punishment should equal the crime.,Non-Sarcastic,0.9951359629631042
602,You're out of your depth here kid. Go and clean your push-bike before you go out on your paper round....it's a disgrace!,A push-bike should be cleaned before you go out on your paper round.,Non-Sarcastic,0.9954360127449036
607,"I avert your gaze. I submit myself to your mercy. Henceforth I shall only respond to your web postings. I shall not respond to postings you make on the web....Wait.....
",I will respond to your web postings.,Non-Sarcastic,0.9935659766197205
608,"Based on your stances, what you want is akin to the old Soviet type communism, Matthew. I'll give you a little hint:
It doesn't work!",I'll give you a little hint: It doesn't work!,Non-Sarcastic,0.9942266941070557
609,"Alexander, I don't give a rat's rectum about King James. emoticonXBanghead",I don't give a rat's rectum about King James.,Non-Sarcastic,0.9912914037704468
611,"So you carry grenades and 75 pounds of gear, all while wearing camouflage fatigues and can call in an airstrike bombing?",I need to carry grenades and 75 pounds of gear while wearing camouflage fatigues.,Non-Sarcastic,0.9928387999534607
612,"lol. Thanks for agreeing with me. I stated as you quoted that it did not work. Where again where you trying to attack me? By calling me illiterate you yourself call yourself illiterate as your statements agree with what I said. 
If you need me, I'll be in the audience. You're arguing with yourself. 
Pray tell, where did I say he accomplished anything? Or are you lying? 
[/quote]
Sure child. They have real religious freedom there[/quote]
Only you would consider Taosim and Buddhism not to be religions. Oh wait, I fogot, you consider all non-extremist christians not be athiests. 
",I'll be in the audience. I'll be in the audience. I'll be in the audience. You're arguing with yourself.,Non-Sarcastic,0.9936872124671936
616,"The fact that YOU could see no alternative except for ALL and EACH shows a shortcoming in YOUR mental abilities, not mine.
Here are just a few alternatives to ALL you apparently didn't know exist.
SOME
MANY
MOST
FEW
It's no my fault your vocabulary and mental abilities are so limited.
",A few alternatives to ALL you didn't know exist.,Non-Sarcastic,0.9957606196403503
618,"This will kill innovation. do you know how many years a start up business might be in the red before it generates a profit? Why bother when you know you are going to be clubbed as soon as you realize a profit? Yep, way to incentivize business there...
",A start up business might be in the red before it generates a profit.,Non-Sarcastic,0.9926425814628601
621,"You call me or a family I may have, a perversion(sorry the word was ""perversity""), but that is not hate? I believe I am probably younger than you, but that doesn't mean I was born yesterday.","I'm probably younger than you, but it's not hate.",Non-Sarcastic,0.9915618300437927
622,"I can't believe that you would attempt to make such an insane assertion. Clearly, God was speaking about homosexual sex, but I'm not surprised that you left out the most unambiguous scriptural references. emoticonXRolleyes",I can't believe that you would attempt to make such an insane assertion.,Non-Sarcastic,0.9549316167831421
623,"Plain with the benefit of hindsight. I love how you're able to determine, not having been there, precisely what was said and precisely where it fell in relation to the law. If it was so clear, we'll see the prosecution for wrongful arrest in due course, I'm sure.",I'll see the prosecution for wrongful arrest in the next few days.,Non-Sarcastic,0.9953880906105042
625,"It truly is sad when an opponent is friendlier than an ally, Mega. At least Ian responded in a friendly way, and me and him don't even agree on this issue.",I'm not,Non-Sarcastic,0.9908201098442078
626,"Oh, really?   Translation: the only amendments that rise and fall are the ones that I want to.",I want to amend the amendments to increase and fall.,Non-Sarcastic,0.9945559501647949
627,I don't think it's a cover-up. I think that it's a conspiracy between the black helicopters and the aliens beaming suggestions to those without the foil-lined hats on. :),I think it's a conspiracy between the black helicopters and aliens beaming suggestions to those without the foil-lined hats on.,Non-Sarcastic,0.9899217486381531
628,"Dear god.You really haven't a clue about what your talking about.Away with the birdies i think.Yousef was responsible for the 93 bombing,and he himself had very broad associations with some of the Al-Qaeda hardcore(Osama said he didn't know him and was in Sudan while Yousef stayed in Peshewer).Osama wasn't responsible for the 93 bombing,he wasn't responsible for Bali and Madrid and i don't care what the world media tells you.But by all means keep spouting your misinformation,i for one find it hilarious.
The Yousef-Osama-Saddam link is a conspiracy theory.",Yousef was responsible for the 93 bombing and was in Sudan while Yousef stayed in Peshewer.,Non-Sarcastic,0.9346657991409302
631,"How strange. It seems that Habbit's definition of the word definition is meaningless. Physicists and chemists can define what they mean by the word ""carbon,"" but according to Habbit that is just their opinion. According to Habbit, carbon can be a chocolate candy meant to be eaten in a car. That may be his opinion and he considers it as valid as specific definitions assigned to words used by experts in any given field.","Physicists and chemists can define what they mean by the word ""carbon"" but according to Habbit that is just their opinion.",Non-Sarcastic,0.898063600063324
633,I guess the European union is a great failure? Is that why the Euro is trending 1.5 dollars as liberalism creats misery?,I think the European Union is a great failure.,Non-Sarcastic,0.995888888835907
634,You draw very interesting conclusions my friend.   If this is your standpoint then what is the purpose of a government?,A government is the purpose of the government.,Non-Sarcastic,0.9894993305206299
638,"So the fact that we still have criminals who choose to kill others, should be used against is in determining whether we can be trusted or not?",Les criminals choisissent de tuer d'autres personnes.,Non-Sarcastic,0.9881672263145447
641,This is a laughable oversimplication of reproduction. Humans don't make copies. Do you reproduce asexually? I know I don't.,I don't reproduce asexually.,Non-Sarcastic,0.9869580864906311
644,"I think it is hilarious that you still think that in order to do a detailed study of evolution, you have to read 10 different books on it and take brainwashing classes from a university. Maybe you just like making yourself feel superior to me...who knows...",I think it is hilarious that you think you need to read 10 different books on evolution and take brainwashing classes from an university.,Non-Sarcastic,0.9926784038543701
647,Horse manure. When did you invent that self-serving rule? Put it back in your ditty-bag.,Inventing a self-serving rule is difficult.,Non-Sarcastic,0.9952166080474854
648,"I get the feeling they have filed under: Plague, Avoid like the.","I feel they have filed under: Plague, Avoid like the.",Non-Sarcastic,0.8893417119979858
650,"Man cannot invent anything that did not already exist in form. Did we invent the wheel, or discover the idea? Did the Wright brothers invent machine powered flight, or was it that they stumbled upon it? In every culture, in every society, man looks to something greater than himself. They simple don't leave it at themselves and be done with it.","In every culture, in every society, man looks to something greater than himself.",Sarcastic,0.7620642781257629
651,"Oh, dear. I seem to have lost you again. 'Peer' just means a group of people holding the same biases.",I have lost you again.,Non-Sarcastic,0.9864296913146973
652,"The surcharge should go on gasoline from ME oil used by 300+Million Americans daily. But wait! That would unfairly burden the working poor that drive gas-guzzlin' hoopdies, so scrap that idea. Let's just soak the rich for the hell of it..... because we can. emoticonXRolleyes",The surcharge should go on gasoline from ME oil used by 300+Million Americans daily.,Non-Sarcastic,0.9810416102409363
655,That is exactly what he is here for. To spread god's.. 'love'.,To spread god's love.,Non-Sarcastic,0.9910394549369812
656,I will think of Jebus...but I don't drink Koolaid anymore. Too sweet and sicky tasting. Yuck. I'm into the hard stuff now. Tap water over ice.,I'm in the hard stuff now.,Non-Sarcastic,0.9940847754478455
657,Really? Can you cite those sources? I am sure that you will be citing the literature rather than creationist web sites.,I think you will need to mention the literature rather than creationist web sites.,Non-Sarcastic,0.9905547499656677
659,"Rather than address my points in the slightest manner, your response consists entirely of this. (Think I'm surprised?) And you somehow think that I'm the one being defeated? But then, with your ""understanding"" of logic, nobody's surprised.",I'm the one being defeated.,Non-Sarcastic,0.9924553632736206
661,"I dont need a sex lesson from a little boy.
Once again you missed the point( getting to be a habit).
We are talking about behaviour that was condemned by the preacher, one of which was adultery..not fornicating but I am sure the preacher would condemn that too
If you read the link you would know.
If homosexuality is condemned by god then they cannot marry in gods eyes..keeping up?
If gays cannot marry then gay sex must be outside of marriage therefore it is fornicating.
You really should try to use your little head more.
'Lets stay on topic' who made you a mod?emoticonXChicken",I dont need a sex lesson from a little boy.,Non-Sarcastic,0.9929953217506409
662,"I did and can. I simply object to it as this is a DEBATE forum and not a ""let me throw my opinion around without support"" forum. 
oops, I forgot, that is what you call debate.
EF",I object to it as it is a forum for DEBATE and not a forum for support.,Non-Sarcastic,0.9888398051261902
663,"So sorry to butt in, but I would think that yes, what the woman wants is all that matters since it's her body and her ...well, this has been gone over a hundred times. It would be 'nice' to consult the man responsible but ultimately it's up to the woman since it's her body, she's the one stuck with the unwanted burden and blah blah...you know.
","I would like to consult the man responsible but it's up to the woman since it's her body and her...well, this has been gone over a hundred times.",Non-Sarcastic,0.9874929189682007
666,"I can't handle the ""truth"" as you fabricate it that's for sure.
You wouldn't know what ""it is"" if Hannity and O'Reilly were yelling it at you.
Waxy","I can't handle the ""truth"" as you fabricate it.",Non-Sarcastic,0.9956600069999695
667,"He did finally figure out how to use the quote function, so there is SOME progress!!",Il a figured out how to use the quote function.,Non-Sarcastic,0.9744020700454712
669,"Odd. I can't seem to find any racial slurs or racist ideology in those sentences. In fact, I don't see any race or races in general even mentioned. You're just one of those people who thinks you can win a discussion by accusing your opponents of being racist. Sorry simone, but in the real world, people can disagree with your leftist views (which are barely existent) without being racist.",I can't seem to find any racial slurs or racist ideology in those sentences.,Non-Sarcastic,0.9544745683670044
671,"The article as a whole never made that argument either.   Lie number.... oh I can't keep track anymore, let's just call it 40.","Lie number... oh I can't keep track anymore, let's call it 40.",Non-Sarcastic,0.9866706728935242
675,When I want the opinion of a spiritually-dead nincompoop I'll call you.,I'll call you when I want the opinion of a spiritually-dead nincompoop.,Non-Sarcastic,0.9918630123138428
677,"Getting nervous?
BTW, I think Anthony Flew is wrong about the Christian God.
Jesus Christ is the very Son of God and God!
I hardly see a ""despotic"" bone in Jesus. Oh, I see, whipping the money changers, I guess some just have no back bone, and can't picture honest for real, righteous indignation!","I don't see a ""despotic"" bone in Jesus.",Non-Sarcastic,0.9936342239379883
678,The egg is now a conscious human? In under 72-hours? Wow.,The egg is now a conscious human.,Non-Sarcastic,0.9941474199295044
679,"Looks like my first response to this was deleted? I'll risk it again since this post was not deleted.
Anyhoo,
This post just wreaks of the emotional and psychological development, maturity, morality, character, and integrity of SOME Republicans/Conservatives. emoticonXRolleyes 
Waxy",I'll risk it again since this post was not deleted.,Non-Sarcastic,0.9918496608734131
680,"EZ is just delusional , you are ignorant.. there's a big difference. You should know considering he's your best friend...emoticonXHoho","EZ is just delusional, you are ignorant.",Non-Sarcastic,0.9875763654708862
681,"If by ""We the People"" you mean a handful of self appointed persons with strong financial intrest in the running of the country... 
The document is largely a copy of the theories of Montesqieu and John Locke.",The document is a copy of the theories of Montesqieu and John Locke.,Non-Sarcastic,0.9926038384437561
683,"So, you think doctors in the US make LESS than those in the UK?   Take a look at this: It's called ""statistics"" not ""wishful thinking and personal anecdotes"".",I think doctors in the US make LESS than those in the UK.,Non-Sarcastic,0.9943076968193054
684,I have no problem with them preaching against gays in their churches and the privacy of thier homes. Its when they crawl out from under their rocks that I have a problem. I also have absolutly no problem what so ever with them talking about Jesus if only they would keep to the subject of Jesus and leave all gay issues alone. Unfortually Paul has replaced Jesus in many churches.,I have no problem with them preaching against gays in their churches and the privacy of thier homes.,Non-Sarcastic,0.9928306937217712
686,"""He who laughs last thinks slowest.""
I think that applies here; what about you?",I think this applies here; what about you?,Non-Sarcastic,0.9949230551719666
687,"Such an argument is irrelevant. Your side has never once explained why magazines that hold more than 10 rounds of ammunition are somehow ""evil"" and unfit for ownership by non-police and military personnel.   Nice try thimble head, but you fail again.   Can you prove even a single example of a criminal being unable to get their hands on a 15 round magazine after they were banned, to back up your argument?   Or maybe you'd prefer to explain why absolutely no honest citizen, who might be a victim of violent crime, doesn't deserve to have access to a magazine that holds more than 10 rounds of ammunition?","A magazine that holds more than 10 rounds of ammunition is ""evil"" and unfit for ownership by non-police and military personnel.",Non-Sarcastic,0.9936097860336304
688,by this stupidity a KKK mob with guns is a militia!,A KKK mob with guns is a militia!,Non-Sarcastic,0.9948273301124573
689,"You would fail to see it. I guess you don't watch enough TV. 
",I don't watch enough TV.,Non-Sarcastic,0.979866087436676
690,"god, this has been argued against a thousand times. by this deffinition masterbation is killing, menstration is involentary manslauter. by this deffinition you kill someone every time you walk by a carrot without eating it.","Deffinition masterbation is killing, menstration is involentary manslauter.",Non-Sarcastic,0.9832889437675476
691,"I guess I'd rather live among them, too, than have a hot poker shoved up my bottom.",I'd rather live among them than have a hot poker shoved up my bottom.,Non-Sarcastic,0.9849357604980469
693,"Since you say I call names, we could have a real simple debate if you like. You copy/paste all the times I've called someone names, and I'll copy paste all the times I've been called names. The one with the most copy/pastes wins. How about if I give you a 5 to 1 ratio on it? I'm a lot more confident I'd win that one, than the 'evolution is atheistic' one. :)","I'll copy paste all the times I've called someone names, and the one with the most copy/pastes wins.",Non-Sarcastic,0.98995041847229
695,###!! You're seriously advocating allowing kids to take guns to school? Don't you have enough greiving parents already without giving kids the option to shoot out a disagreement?,I've been advocating allowing kids to take guns to school.,Non-Sarcastic,0.9817376732826233
696,"Observations? Like the posts I have made? Which would be documented via quotes?....emoticonXConfused You demanded 'links' for your recurring rudeness, I produced them. I demand 'links' for my creationism.",Observations?,Non-Sarcastic,0.9222373366355896
698,And yet the species that exist today are the exact same as the species during the high oxygen content? That makes little sense. It's like saying the world was vastly different before yet perfectly suited for the species that exist today. That is COMPLETELY nonsensical.   Where did all of the oxygen go?,I think the species that exist today are the exact same as the species during the high oxygen content.,Non-Sarcastic,0.9855254292488098
700,"I am just passing on what I seen personally. I am not trying to prove anything. Just sharing an observation. 
PS...from ""our"" point of view? You got a mouse in your pocket? Please explain.",I am not trying to prove anything. I am not trying to prove anything.,Non-Sarcastic,0.989845871925354
701,So they haven't gone into bankruptsy yet? I guess the illegal loans are helping after all. emoticonXRolleyes,I guess the illegal loans are helping.,Non-Sarcastic,0.9941173791885376
703,Talk about a crock! How can you wail on anyone with your imaginary truth stick of no mercy when you wouldn't know the truth if you tripped over it? And you going ballistic like this just proves the exact point I made in that you'll allow my free speech until I say something you disagree with and then you attack me to shut me up. Which is exactly what I said above that precipitated your childish tirade. See?,I'll allow my free speech until I say something you disagree with and then you attack me to shut me up.,Non-Sarcastic,0.9931104183197021
711,"Oh spare me the condemnation ya' XXXX-hard. You aren't interested in saving souls. If you were, you would bother to have payed attention to the countless times you have been told that your abrasive, insulting tactics DON'T WORK. 
Plus an eternity in hell or an eternity with a terroristic God? I think I will stick with being able to live with myself for even today, let alone an eternity.
",I would like to live with myself for a long time.,Non-Sarcastic,0.9901288151741028
724,Too late. I am a child of the 70's. My mind evaporated decades ago.emoticonXDonno,My mind evaporated decades ago.emoticonXDonno is a child of the 70s.,Non-Sarcastic,0.9893508553504944
725,"So it was two AK-47s ""semi automatic machine guns.""Tells you right their the person that wrote the article don't know squat.Guess I got me some machine guns then,even got me a semi-auto .22 that must be a machine gun, after all it shoots flames out the barrel.emoticonXWow
Hey is that an AK-47 laying on the ground?or is it an AR? could be a shadow, but the front sight looks out of place.","I got me some machine guns then,even got me a semi-auto.22 that must be a machine gun.",Non-Sarcastic,0.9534350037574768
727,"<flush>
Just come up with something that discredits the resurrection, if you think you can. Should be easy for you Einsteins, shouldn't it?
But in two years I haven't seen it yet. Not from you or anybody else.
Where's the beef?",flush> Just come up with something that discredits the resurrection.,Non-Sarcastic,0.7737842798233032
728,"Funny, I don't see waves of Christians pounding their beliefs down anyone's throats. They are using the ballot, which is their right. Unless you're against fair elections, too. emoticonXRolleyes 
","I don't see waves of Christians pounding their beliefs down anyone's throat. They are using the ballot, which is their right.",Non-Sarcastic,0.993009090423584
729,"But AA's not responsible for that, because he is an A-rab.","I'm not responsible for this, because he is an A-rab.",Non-Sarcastic,0.9890435934066772
731,"Well, the pill has the ability to not let it implant, which ""God"" already cause for around 60% of its contemporaries. The pill doesn't destroy the ""entity"" at all.","The pill has the ability to implant, which ""God"" already causes for around 60% of its contemporaries.",Non-Sarcastic,0.9864001274108887
733,"I'll put up such a sign up if you agree to put up a sign in your front yard that says, ""As a gun owner, I'm helping to increase my county's burglary rate.""
",I'll put up such a sign up if you agree to put it up in your yard.,Non-Sarcastic,0.9869362711906433
737,"Just out of interest, which particular aspect of ""truth"" are you getting at here?","A particular aspect of ""truth"" is being discussed here.",Non-Sarcastic,0.9962937235832214
739,OH FREE MARKET???? IM goin to take the embryos and fetuses slain in abortion centers and turn it into a new food source and sell it at the grocery store!!!!!!!!!!!!!!!!,IM goin to take the embryos and fetuses slain in abortion centers and turn it into a new food source.,Non-Sarcastic,0.9954332709312439
740,Well that lets out most of the supreme court when RvW comes up! And of course 1/2 give or take of the voters would be disqualified if relevant issues come up to a vote. Perhaps we should start an effort to amend the constitution to incorporate your idea!,I would like to consider the constitution to incorporate your idea.,Non-Sarcastic,0.9934914708137512
742,"Not really the ball park is too wide. The place you live would be older than the earth. Take egypt. If Moses wrote Genesis the country he lived in was documented as older than his creation. It can't be 6-days.
Angry Black Man Xqs me I mean Angry African American (AAA).",Angry Black Man Xqs me I mean African American (AAA).,Non-Sarcastic,0.9438106417655945
745,Do you have to work at becoming so scientifically illiterate? What ever happened to the creationist chant about evolution being a product of pure chance? You seem to chant all of the other creationist tripe.,"I am a scientist illiterate, and I am a scientist illliterate.",Non-Sarcastic,0.9927692413330078
747,"Bang your head long enough, it might knock some sense into it. How about Palin's self imp...appointed defenders answer the valid questions?
Isly proved nothing.",Isly proved nothing.,Non-Sarcastic,0.5324602723121643
749,"What is the reasoning behind one gun a month? So that way you can't fully arm a monkey all in one day (a gun in each hand, a gun in each foot, and a gun on the tail)!","A monkey can't arm a monkey in one day (a gun in each hand, a gun in each foot and a gun on the tail).",Non-Sarcastic,0.992778480052948
750,"Interestingly everyone but 'the left' can assimilate what is being said, however, the left is notorious for their ever-present attitude that everyone else is mindless. You don't got no brownie points.....",The left is notorious for their ever-present attitude that everyone else is mindless.,Non-Sarcastic,0.9677560329437256
751,"Well, you got that one exactly right. I didn't bother to watch your video. It was pretty predictable coming from you - personal attacks on creationists. I quoted YOU because of what YOU said.",I didn't watch your video because it was predictable.,Non-Sarcastic,0.9869251251220703
755,"Don't forget that he's the anti-Christ and wants to starve Seniors and ""babies"". That's part of the DNC mantra too. emoticonXRolleyes","I think he's the anti-Christ and wants to starve Seniors and ""babies"" that's part of DNC mantra.",Non-Sarcastic,0.9922969937324524
758,"I do recognise the truth, but you know nothing of it.
When I hit the other side I'll be in the ground, rotting just like you will be, though I suspect the earth round you will be somewhat more bitter.","I'll be in the ground, rotting just like you will be, though I suspect the earth round you will be somewhat bitter.",Non-Sarcastic,0.9886759519577026
766,"Then maybe you could take him!
He was the president of the church who preached against gay sex but did it just the same, maybe he will fit right in with your church, maybe your church would give him a position of minister but I doubt it!
",He was the president of the church who preached against gay sex but did it just the same.,Non-Sarcastic,0.9829707145690918
767,"And, I'm sure you ask yourself that very question before you unzip your fly and whip out your pecker, right?",I'm sure you should ask yourself a question before you unzip your fly and whip out your pecker.,Non-Sarcastic,0.9930087327957153
771,"No, think about what you just said. A cancer cell doesn't mutate, it attacks healthy cells and causes the destruction of healthy tissue. Kinda like liberals in a healthy society - they are the free radicals of the body politic, huh... go figure.","A cancer cell doesn't mutate, it attacks healthy cells and destroys tissue.",Non-Sarcastic,0.9881718754768372
773,"It's a look....ad hominem all you got? Evidently. Where's your picture at so we can make fun of you? What's the matter? A vasectomy got you shooting blanks? And by the way, if one of your cronies ""outed"" me, then he was no buddy of mine. Evidently, he is intimidated, also. You should hear how they talk about you at TPA. LOL.",You should hear how they talk about you at TPA.,Non-Sarcastic,0.995169460773468
774,"My article say's this. it needs to be noted the alleged evidence for extensive history assumes uniformitarian geology. Because of this fact, this response adds up to: Your theory doesn't work under my theory, so your theory is wrong. Of course you don't want to consider that fact, do you?","I think your theory doesn't work under my theory, and your theory is wrong.",Non-Sarcastic,0.9938005805015564
779,It might be telling that super heroes typically don't use firearms. That I'd prefer my crowds to have few if any guns concealed within hardly makes me pro-crime. Nor does it make me a pacifist. I'm a big fan of violence. The hands on kind.,I'm a big fan of violence.,Non-Sarcastic,0.9905866980552673
781,"I thought you'd be happy. I mean, hell, it'd mean we were in church, no?",I thought you'd be happy.,Non-Sarcastic,0.9701784253120422
783,"I once walked into Halbergs office in an effort to borrow a big XY plotter his group had available. Before I left he overwhelmed me with an extended lecture on chronobiology and his current work as well as a large sheath of reprints and reviews. A very vocal advocate of his field (and it WAS his field) and quite a character. Of course I met him in the morning and perhaps he was on a chronobiological peak at the time who can say. Anyway I did get access to the plotter for some chemical work I was doing, and I learned a bit about his work and interests. Productive meeting.",I met him in the morning and he was on a chronobiological peak at the time.,Non-Sarcastic,0.986620306968689
784,After reading that I had to go talk to Ralph on the big white telephone.,I had to talk to Ralph on the big white telephone.,Non-Sarcastic,0.9776206612586975
791,"That ""somebody"" was a Jesuit priest, the idea met some initial resistance because of it's religious overtones. But the overwhelming evidence in favor of it carried the day. You should study some history too.",The idea of a Jesuit priest met some resistance because of its religious overtones.,Non-Sarcastic,0.9926181435585022
794,"And I'd hate to let you sneak across your dishonesty, distortions, disingenuous, and unsupported false assertions.",I'd hate to let you sneak across your false assertions.,Non-Sarcastic,0.9906402826309204
796,And if the majority supported banning Christianity would that be ok just because the majority supports it? Civil rights should not be up for a vote ever no matter what.,"Les droits civils ne doivent pas être a vote, ni ne doivent être a vote.",Non-Sarcastic,0.991054117679596
798,"Public policy? Takes waaaay too much thought. Now one can go to ballpark here and pay $8.50 for a half pound hot dog, smothered in thick layers of chili, cheese and grilled onions (2,200 calories, 55 grams of saturated fat, 1,600 milligrams of sodium). That's a no-brainer (literally).
Dono","A half pound hot dog is smothered in thick layers of chili, cheese and grilled onions (2,200 calories, 55 grams of saturated fat, 1,600 milligrams of sodium).",Non-Sarcastic,0.9886916875839233
800,"All you have said is there are two apples. I noticed you said describe, I can describe what a chair is, but that description is not the chair itself. Are the apples the ""law of non-contradiction""?","I can describe what a chair is, but that description is not the chair itself.",Non-Sarcastic,0.9933852553367615
805,"But if this was a republican program, you'd have no problem with it. You are a rightwing hypocrite, Archie Baby.","I'm a right-wing hypocrite, Archie Baby.",Non-Sarcastic,0.986539900302887
807,"I love to go to the playground and watch the children jumping up and down. They don't know I'm firing blanks.""",I love to go to the playground and watch the children jump up and down.,Non-Sarcastic,0.9939707517623901
809,"No, the liar is he who claims to follow Jesus Christ, but is the antithesis of his reported teachings. Try looking in the mirror.
I am not lying, therefore I am not a liar, despite what your book of fairytales claims.","I am not a liar, but I am not a liar.",Non-Sarcastic,0.9943333864212036
810,"Translation: No. we of the hard right religious radical fringe are not ready to discuss this. 
We can explain away anything our rightie candidate has done - from selling out his country and his buddies in exchange for sheets and morphine in Hanoi to the Keating 5 to being part of creating the mess he says he now wants to reform.
As a veteran of a certain type, we all know he's entitled to a funeral at government expense. The people won't have to pay for his. McStain's so crooked he can just be screwed into the ground.",Translation: No. we of the hard right religious radical fringe are not ready to discuss this. We can explain away anything our rightie candidate has done - from selling out his country and his buddies in exchange for sheets and morphine in Hanoi.,Non-Sarcastic,0.9786302447319031
813,"Yes, socialist. Check the definition. I don't watch Fox. Is that the best you can do?",I don't watch Fox.,Non-Sarcastic,0.9885801672935486
816,"But didn't you know? The USA is a CHRISTIAN NATION and all other beliefs are subservient to that. They don't get it, they actally believe that they're doing good and are also doing it for our own good as well.   It isn't terrorists, or any other outside force which are a threat to American rights and freedoms, it is those like the Christian right who you truly have to fear. Those like Pat Robertson, or Jerry Falwel who have influence and many others as well like your President. How many other Judges feel and believe the same as Judge Moore in Alabama did?","The USA is a CHRISTIAN NATION and all other beliefs are subservient to that. They don't get it, they actally believe that they're doing good and doing it for our own good as well.",Non-Sarcastic,0.9932500123977661
817,It is impossible to read something that can't be found.,It's impossible to read something that can't be found.,Non-Sarcastic,0.991111695766449
818,"Crammed with them, sure, why not? It's easy, only a few million light years. The scientific method is used in weather forecasting too.",The scientific method is used in weather forecasting.,Non-Sarcastic,0.9918022751808167
822,"And if the state decides to keep abortion legal? Then you don't care if these ""gifts from God"" have a chance or not?","I'm not sure if these ""gifts from God aren't",Non-Sarcastic,0.9808016419410706
823,"What a shame.
Or maybe this is all too complex for you? What if I simplify things? I'll ask you to answer only a single question that is purely substantive and applicable to Divine Command theory:
From where does the invisible man get his morals?",I'll ask you to answer only one question that is substantive and applicable to Divine Command theory.,Non-Sarcastic,0.9880853891372681
825,"I was in a restaurant and as I left, the waitress said that I was supposed to leave 10%
""I was hungry"", I replied emoticonXAngel","I was in a restaurant and the waitress said that I was supposed to leave 10% ""I was hungry"".",Non-Sarcastic,0.9898749589920044
826,"I not pushing this on you from a male chauvinist pig stance, but can you imagine the wrath of this woman would slay the largest dragon if turned toward effective argument techniques.
I'm wondering who he was wanting to call...or was he just trying to bring the phone bill within budget?emoticonXAngel","I'm not pushing this on you from a male chauvinist pig stance, but can you imagine the wrath of this woman would slay the largest dragon if turned toward effective argument techniques.",Non-Sarcastic,0.9953317046165466
827,And you remind me of the people in the year 1900 who said man would never be able to build a flying machine.,A flying machine would never be able to build.,Non-Sarcastic,0.9886829257011414
828,"So, no actual source. And Hannity and Colmes? Yeesh, you might as well quote Limbaugh or Coulter or O'Reilly. They're all equally ""fair and balanced"".
And the kindergarten ""sex-ed"" was age appropriate. Congrats, you've bought a lie. 
","So, no actual source. And Hannity and Colmes?",Non-Sarcastic,0.9327506422996521
829,"When the pro-life movement began in the early 70's, being pro-life meant you were 100% opposed to any and all abortion. In the early 80's, that standard was watered down to include those who had rape, incest, and the life of the mother exceptions. Now in the 90's, things have declined so rapidly that someone who is only opposed to partial-birth abortions can sell themselves as pro-life.""- Pastor Matt Trewhella   How does that crow taste?","In the early 70's, pro-life meant you were 100% opposed to any and all abortions.",Non-Sarcastic,0.9848946928977966
831,"The evidence that has so far been presented would suggest that he doesn't have the intellectual capacity to plan a p!ss-up in a brewery.
Smiley",Smiley has the intellectual capacity to plan a p!ss-up in a brewery.,Non-Sarcastic,0.9921557903289795
832,"Well, if someday you have a real answer, feel free to post it.
Oh, and don't worry about me. I won't be holding my breath.",I'll be holding my breath.,Non-Sarcastic,0.9935467839241028
833,"Well looky here, the troll shows up after almost 4 weeks; the last time you posted was on 03-31-2010, only to beat his chest and start making demands as if he's some authority figure around here. And he's not even old enough to buy a legal beer yet. emoticonXSmilie emoticonXRolleyes emoticonXSmilie","troll shows up after almost 4 weeks; the last time you posted was on 03-31-2010, only to beat his chest and start making demands as if he's some authority figure around here. And he's not even old enough to buy a legal beer yet.",Non-Sarcastic,0.6593809723854065
835,"You'd think that to be safe they'de let the fetus live. But no, they kill it. Smart.","I'd think that if the fetus is safe, they'll let the fetus live.",Non-Sarcastic,0.9894183278083801
836,"But that is how creationism works - half truth. Evolution is a theory but don't make it quite clear that in science the word theory doesn't mean half-assed guess, as it does in creationism. Check out that little piece of **** that was added to the bottom of the Patterns of Cumulative Change paragraph on page 7. That is pure YEC. And you aren't a YEC?","YEC is a YEC, and you are not a YEC.",Non-Sarcastic,0.9906062483787537
837,"It depends. Do you feel the same way about the Yeti? How about the Lock Ness monster?   You can make the statement 'Based on the current available evidence, I do not believe in the existance of any god/gods.'   I think it is intellectual fence sitting myself. I feel the same way about God as i do about fairies, the yeti, alien abductions, and 'psychic powers'. There is no evidence that any of these exist, so based on the evidence, I don't believe they exist. Should new evidence be forthcoming, I will reevalutate my position based on that evidence.","I don't believe in the existance of any god/gods, so based on the evidence, I don't believe they exist.",Non-Sarcastic,0.9856346249580383
839,"Oh, you didn't read the part where he distanced himself from atheism? The one where he explained that evolution is compatible with theism? I guess you missed it... It was only, you know, the vast majority of the book.",I think you missed it... It was only the vast majority of the book.,Non-Sarcastic,0.9908469319343567
840,You your qualifications in logic allow you to judge that? I suspect that you are talking out of your elbow since I haven't seen any evidence that you know what logic is. Mostly I see hysteria and superstition in your posts.,I've seen no evidence that you know what logic is.,Non-Sarcastic,0.9873879551887512
843,"I don't think that Bill Clinton has to ""force"" himself upon women. It's more like fighting off the women who want to leap into bed with Bill Clinton.
Ted Kennedy has spent a lifetime repenting of his drunkenness and has proved himself a valuable public servant to the American people.
Now, when are you going attack doddering old, near-to-death Robert Byrd and castigate him for something he'd done when he was a young and naive young man?","I don't think Bill Clinton has to ""force"" himself upon women. it's more like fighting off the women who want to leap into bed with Bill Clinton.",Non-Sarcastic,0.9950169920921326
844,And so goes the fact you're more than willing to let rapists and murderers go free.,I'm more than willing to let rapists and murderers go free.,Non-Sarcastic,0.9939576387405396
845,"Ok genius, explain to me how come it is that I dont believe in monsters, in ghosts,in luck,the tooth fairy, the easter bunny, and so many other things that a lot of people believe in, but yet I believe in God. Do I have some deep seated delusional fantasy or something like that. You seem to be wise and all knowing( maybe all powerfull as well). Yep, im convinced you are a legend in your own mind. You believe what you will, and I will do the same, and in the end we will see who is right and who is not.","I don't believe in monsters, in ghosts,in luck,the tooth fairy, the easter bunny, and so many other things that people believe in.",Non-Sarcastic,0.992495059967041
846,"I thought that the most commonly accepted date for the alleged birth of Jesus was in 4 B.C. Assuming the current calendar really were keyed on the birth of Christ, how could Christ have been born Before Christ?",I thought that the most commonly accepted date for the alleged birth of Jesus was in 4 B.C.,Non-Sarcastic,0.9739019274711609
848,"So what you're saying is that a man can rape, rob, steal, molest children, reject God and Christ, start a major holocaust and wipe out 10 million people in the cruelest of ways, and a hundred other nasty things, and he gets a free ticket to heaven?","A man can rape, rob, steal, molest children, reject God and Christ, start a major holocaust and wipe out 10 million people in the cruelest of ways.",Non-Sarcastic,0.995037853717804
849,Aww... The poor widdle babies. The evil gun just jumped into their hands and turned them into mindless killing machines.,The evil gun just jumped into their hands and turned them into mindless killing machines.,Non-Sarcastic,0.9794113039970398
850,"You are like, so totally noble and sensitive! I really admire your pro-humanity stance. That is going out on limb.",I really admire your pro-humanity stance.,Non-Sarcastic,0.9892009496688843
855,Nothing I have stated is incorrect. If I did you would get specific.,I have stated that nothing is incorrect.,Non-Sarcastic,0.9877362847328186
857,"The slaves, of course, were sentient humans, not mindless collections of tissue. certainly, horses, cattle etc have mre sentience than a fetus, yet you are not calling them ""slaves.""
So once again, hyperbole is the PL answer. Nice going.","The slaves were sentient humans, not mindless collections of tissue.",Non-Sarcastic,0.9887626767158508
858,"No, actually, we don't.   I suppose it's pointless to ask someone who would speak for God to not tell me what I know.",I'll ask someone who would speak for God to not tell me what I know.,Non-Sarcastic,0.9773998856544495
862,"Who is this god you speak of? Can I call him? I have some things I'd like done and he can just say them while on the phone I'm hoping.
-Mach",I'd like to call him if he's on the phone.,Non-Sarcastic,0.9777970314025879
864,"""That's your problem, you're a sanctimonious putz who thinks that because you say something, it must automatically be accepted as the gospel for some reason, without supporting anything you say with actual evidence."" 
Sorry for the language but I wanted to quote you accurately.
You are truly the King of Irony.","""That's your problem, you're a sanctimonious putz who thinks that because you say something, it must automatically be accepted as the gospel.",Non-Sarcastic,0.9311048984527588
865,"I think, perhaps, they are sending the message to the priests that molestation of little boys is totally unacceptable. Stick with little girls.
Yeah....that's the ticket. emoticonXClown",I think they are sending the message to the priests that molestation of little boys is totally unacceptable.,Non-Sarcastic,0.990898072719574
866,What I marvel at is that you say the bolded as if it's a fact. You are in for a rude awakening my lost friend. emoticonXBanghead,I'm in for a rude awakening my lost friend.,Non-Sarcastic,0.9925743341445923
867,That's an attempt to argue that one can't know the truth. The mere fact people disagree doesn't meant that there is no correct answer. I'm amazed you would come up with such 'logic'.,I'm amazed you would come up with such 'logic'.,Non-Sarcastic,0.9932352900505066
869,"So, if your mother had marched a string of one-night stands into her bedroom while you were growing up, that would have been OK to you? And you would want us to believe that it wouldn't have a lasting effect on your views of sexuality and relationships? Come on now. Not only wasn't I born at night, but it certainly wasn't LAST night. emoticonXRolleyes","I was born at night, but it wasn't LAST night.",Non-Sarcastic,0.987913191318512
870,"
I know, maybe the American criminals will just import guns in with their Mexican illegal drugs. I don't know for sure but I believe the Mexican Drug gangs wouldn't mind another revenue stream. Net results, Zilch, nada, zero. But you know that! emoticonXSmilie Gun control is nothing but a scam!",I think the American criminals will import guns in with their Mexican illegal drugs.,Non-Sarcastic,0.9932408332824707
871,"Sorry did I say pacifist?I meant yellow bellied pacifist.However if its any consolation, I meant anti's in general not just you Sinj.sorry if it sounded that way.",I mean anti's in general.,Non-Sarcastic,0.9564955830574036
873,goodn't be kool if people on rebate 4ums were required to pass an eye Q test?? emoticonXRolleyes,I would have to pass an eye Q test if people on rebate 4ums were required to pass the test.,Non-Sarcastic,0.9915374517440796
874,"And of course, the theory of gravity isn't ""physically"" proven either. Neither is the heliocentric theory or atomic theory or the germ theory of disease. However, evolution has been observed to occur and the current theories are the best explanations that we have for the observations. As far as your mangling of the ""Out of Africa"" theory, it would be nice if you actually learned what you are talking about before you babble such nonsense.","I think the theory of gravity isn't ""physically"" proven either.",Non-Sarcastic,0.9948151707649231
875,"Yes, he did avoid the issues important to me, but then, America's electorate contains a lot of religious bigots, so I was not really surprised. I think he was pretty clear where he stood on abortion rights, though. No chance of another bunch of Romish Supreme Court justices, I think.
And if you think Obama is a conservative, can I sell you a bridge in Brooklyn? He's not as liberal as some, and he certainly isn't left wing -- and no, dear, liberal and left are not synonyms, for all you reactionaries like to make the claim they are -- but look at his voting record. It would make you cringe and me applaud.
","I think he's not as liberal as some, and he's not left wing.",Non-Sarcastic,0.9856783747673035
877,"And I challange you to find just one instance where he's ever claimed that ALL fossils have ALWAYS been found at precisely the right depth. And then link to it, of course. It will be amusing to see how you misinterpreted whatever was actually said.",I'll try to find just one instance where he's ever claimed that ALL fossils have ALWAYS been found at precisely the right depth.,Non-Sarcastic,0.9408999085426331
878,"You're right, why not simply kill these people in the shortest amount of time possible. I got it! We can advertise each killing (hanging, rock slaying, Guillotine, etc.) weeks in advance, kinda like moves, and show it on pay-per-view. You can buy tickets to watch the show live as well. I mean c'mon, if we're going to have the death penalty we might as well utilize in the most gruesome, cost efficient, and swift method possible. Right? That is how punishment was executed a few centuries ago.   Honestly, how you feel is how a lot of people culturally conceive such offenders. In regards to the death penalty debate, it falls along a continuum between morality and scientific reasoning.","I got it! We can advertise each killing (hanging, rock slaying, Guillotine, etc.) weeks in advance.",Non-Sarcastic,0.9953441023826599
879,"but you too are a figment of my imagination, and you only think you are a giant alien dreaming about this world because i imagined you as such. you cannot disprove this either.",I imagined you as an alien dreaming about this world.,Non-Sarcastic,0.983700692653656
882,What a shock. None of this has anything to do with what I wrote.,I wrote about my writing.,Non-Sarcastic,0.9929602742195129
883,"ROFLMAO!
We elect these guys to write that legislation in the first place...
emoticonXRolleyes
And the whole point of reading the legislation (I know it must be incredibly tough to read anything when you have a job emoticonXRolleyes ) is to be able TO KNOW EXACTLY what it is you're supposedly opposing...
So, to summarize ...
You praise Wilson for speaking out and claiming ""Liar"", but you haven't actually read the legislation TO HAVE ANY KNOWLEDGE as to whether or not Obama was actually lying in the first place...
emoticonXRolleyes
",We elect these guys to write that legislation in first place... emoticonXRolleyes And the whole point of reading the legislation is to be able to KNOW EXACTLY what it is you're supposedly opposing...,Non-Sarcastic,0.995142936706543
884,"Only if in the same way, this 'straight' group could meet the flag flying criteria, as the gay group has done over and over.","Ce groupe'straight' pourrait satisfaire aux critères de flag flying, comme l'a fait toujours le groupe gay.",Non-Sarcastic,0.9925548434257507
886,"How bout $500,000 for a slaughterhouse that kills thousands of innocent animals just sitting in a line? What's your point? That we shouldn't eat meat?",A slaughterhouse kills thousands of innocent animals just sitting in a line.,Non-Sarcastic,0.9792959690093994
888,"I have done a lot of reflecting...
'For god so loved the world'...that he (supposedly) destroyed it all because he was XXXXXX off. I don't need that kind of 'love' in my life. Obviously, you do.
'Love' has nothing to do with it.
It is the Christian commandment that:
24 Now as the church submits to Christ, so also wives should submit to their husbands in everything. 
You have yet to admit that this verse exists but, it seems that you are justifying it on the condition that 'love' is involved.
What you mean to say is, 'Women are to submit to their husbands in everything because their husbands supposedly love them.'
Or, are you saying that men are to love their wives and submission is optional?
That's not what the bible says.
Of course, that's not a problem for the Christian women, is it, because they agree.emoticonXFrazzled",I don't need that kind of 'love' in my life. I don't need that kind of 'love' in my life. I don't need that kind of 'love' in my life. 'Love' has nothing to do with it.,Non-Sarcastic,0.994366466999054
893,"they are never wrong when they can keep AK 47's and full auto Usi""s out of the hande of 1st graders, oh, wate, the law they want to renew is only for what it looks like. it must be to stop all those drive by bayanetings.   nothing that might limit what a ""gun-nut"" can buy is wrong to the gun-grabber.","a ""gun-nut"" can buy is wrong to the gun-grabber.",Non-Sarcastic,0.9950438737869263
895,"I'd be curious if Berkowitz studied whether a sword or club produced the same effect as a firearm?   Short of castrating all boys at the onset of puberty, I'm afraid boys will be boys.",I'd be curious if Berkowitz studied whether a sword or club produced the same effect as a firearm.,Non-Sarcastic,0.9877227544784546
896,"Does this seem a little ironic to anyone else? Either becoming intoxicated is acceptable or it isn't, why does the method make one acceptable and practitioners of the other ""losers""? For the record I don't drink, smoke or partake of illegal drugs.","I don't drink, smoke or partake of illegal drugs.",Non-Sarcastic,0.9834223985671997
897,"What is incredible is that this is probably the most enlightened response I can expect from this crowd.   I know that schmuck, that's the point. The Egyptians were trying to preserve the bodies and under the best of circumstances look how they deteriorate. Now ask yourself this genius, how long does it take for a bone to fossilize? And does a fossilized bone become immune to the elements and deterioration over millions of years when even steel corrodes from the alkali in the earth?",I've been able to get a response from a crowd of people who were trying to preserve bodies.,Non-Sarcastic,0.9904240965843201
898,"It bounces off me like bullets off Superman emoticonXClown
Seriously, this is your rejoiner? To make fun of my title? lol, how that stings... I think I have to go get a tissue before I reply ;)
If you care to try and back up your statements, then we might have a debate.
",I need to get a tissue before I reply.,Non-Sarcastic,0.9851922988891602
899,"I can neither confirm nor deny at this particular juncture that I may or may not be either male or female. :)
",I can confirm or negate at this particular moment that I may or may not be either male or female.,Non-Sarcastic,0.9824168682098389
900,"Where is the government in this? Clinicians made a clinical decision, and hid behind a non-mandatory guideline, which was set by other more senior clinicians, expert in their field. Assuming the woman's very detailed recall of the stressful series of events is accurate, perhaps it was God's way of telling this unmarried mother that after five previous miscarriages, she still wasn't getting the message.",I think the woman's recall of the stressful series of events is accurate.,Non-Sarcastic,0.9931946992874146
901,"I think he smiles from a job well done and then says to those looking , ""What are you looking at?!!!"". 
""No I'm not smiling! It wasn't a smile! I had an itch that's all!""....lol","I think he smiles from a job well done and then says to those looking, ""What are you looking at?"" ""No I'm not smiling!",Non-Sarcastic,0.9662190079689026
903,"So if a jew tells a big nose joke, he's saying that all jews have big noses? This is a joke thread; I posted a joke, get over it.",I've posted a joke on this thread.,Non-Sarcastic,0.9927898049354553
905,"Really. If that's being ""saved,"" I prefer to go down with the Titanic.",I prefer to go down with the Titanic.,Non-Sarcastic,0.9930654764175415
906,"You call this a discussion? You're on here, continually talking about how we need to pass laws that're already on the books, laws that haven't been proven effective or even useful, and you refuse to address the potential shortcomings that we're pointing out to you.
This isn't a discussion, this is our group beating up a mental cripple.
","I'm talking about laws that are already on the books, laws that have been proven effective or even useful.",Non-Sarcastic,0.9907384514808655
908,"First off, no one says that if there is evil, there can't be a God. They say that if there's evil, then God can't be omnipotent and all benevolent. Let's keep the topics straight. Also, I see no way in which the existence of good bolsters the argument that God exists. I could posit the existence of a God of popcorn, and then say ""look, here's some popcorn, my God must be real!"" Somehow, I don't think that would convince you.",I think the existence of a God of popcorn can't be a God.,Non-Sarcastic,0.9908115863800049
909,"Hey, I'm from Joisey. Youz guys better watch what you say about us or you'll be sleeping with the fishes. emoticonXKill",I'm from Joisey and I'm from Joisey.,Non-Sarcastic,0.9822231531143188
911,And Anarchy. Am I allowed to kill someone if I feel like it ?,I am allowed to kill someone if I feel like it?,Non-Sarcastic,0.9514927864074707
912,"Are you telling me liberals have jobs? You sure can't tell it by all the anti military/war protests, the flag burnings, you saw prior to the start of the war and by all the libs that post here 24/7........They are either unemployed or 12 year old kids out of school for summer vacation..........",I'm telling me liberals have jobs?,Non-Sarcastic,0.9796923398971558
913,"Pure conjecture on your part. As a father of three, I have as much vested interest in my kids as my wife has. To suggest otherwise is BS. But, maybe you don't understand that because you haven't walked a mile in a father's shoes. emoticonXRolleyes",A father of three has a vested interest in my kids as my wife has. To suggest otherwise is BS.,Non-Sarcastic,0.9891381859779358
914,"Um, of course, it was too much to expect murderers to shell out for burying their victims. I keep forgetting I'm in Dick Cheney's America.",I'm in Dick Cheney's America.,Non-Sarcastic,0.9931907057762146
915,"So I take it you don't accept my challenge on the basis that it is impossible? Why is it impossible? Or better yet, why don't we al just evolve into perfect, anti-sinning creatures with 500 IQ points a piece?
",I've been challenged by a team of experts who have 500 IQ points.,Non-Sarcastic,0.9938856959342957
916,"Wow, Archie actually admits that angels do have free will. That makes a change.
But then he goes and spoils it again by saying that they don't really have free will, but describes grace instead. He has a habit of redefining stuff.
And I thought he was actually going to admit his mistake. Silly me.",Archie actually admits that angels do have free will. But then he goes and spoils it again by saying that they don't really have free will.,Non-Sarcastic,0.506949245929718
917,"Well, this guy is so bad ad arguing and so good at alienating people that if we sent him into the abortion forum, it is likely, he'd be so ineffective at defending his pro-life position thathe'd actually be contributing to the pro-choice position...","I think this guy is so bad ad arguing and good at alienating people that if we sent him into the abortion forum, he'd be so ineffective at defending his pro-life position.",Non-Sarcastic,0.9875786900520325
921,"If our erstwhlle allies would merely begin to see the world as it truly is with evil unimagined since the Nazis nearly overran all of Europe, I would be a happy man.",I would like to see the world as it is with evil unimagined since the Nazis overran Europe.,Non-Sarcastic,0.9954506754875183
922,"Steeeeve?
Do yourself a favor and stop fantasizing about my opinion, 'mmkay?
I don't believe you are like that.
This junk you do where you refuse to address what I DO say and make up strawman arguments gets you nowhere...
I understand you're getting angry, but YOU are MAKING YOURSELF angry over a position I do not have...
Let me repeat that. Hopefully it will sink in?
YOU are MAKING YOURSELF angry over a position I do not have...
With that said, I return you to your delusions...
",I'll,Non-Sarcastic,0.988544762134552
924,This is begging so many darn quesions it's boggling my mind!,I've been begging for so many darn quesions.,Non-Sarcastic,0.9732321500778198
925,"But you are the accuser. I've read the Bible and I have studied religion, more than you can imagine. I have also studied biology, performed experiments and reached conclusions. The problem is that you seem unable to think for yourself.","I've read the Bible and studied religion, more than you can imagine.",Non-Sarcastic,0.9918501377105713
926,"Hi Archie! How's the fact checking going? Same as usual?
Look at Cash's posting history. You should recognize it, it's similar to yours. I even outlined it above for you.
Oh, so he didn't insult Pandion in this specific instance, so I was therefore wrong to say that his usual repertoire consists of insulting those who disagree with him? No, I don't think that's the way it works.",I'm wrong to say that his usual repertoire is insulting those who disagree with him.,Non-Sarcastic,0.9773252010345459
931,"Very simple. Among all the information about how genetics and hence evolution work, was the claim that the Central Dogma of Molecular Biology is out-of-date. It's SOP. Take one sentence out of a whole publication that opposes your theory, misinterpret it, and declare victory. Helped by the terminology. Evo dogma dethroned!!! Well, that's the end of it, when the dogma is gone, there is nothing left.   Because he thinks we think like him, where if the Creation myth in Genesis falls, then all of religion and morality fall with it. Or in our case, all of secularism and immorality fall with the CD of MB. Because thinking the way scientists or non-Creationists Christians do is incomprehensible and evil, and what else is there?","The dogma is gone, and there is nothing left.",Non-Sarcastic,0.9956156015396118
932,"You can believe what you want, your beliefs are not relevant to the issue.","Vous pouvez croire à ce que vous voulez, vos beliefs ne sont pertinentes.",Non-Sarcastic,0.9714823365211487
936,"And because this man said it, it must be true? A simple appeal to authority.",A simple appeal to authority is necessary.,Non-Sarcastic,0.9959303736686707
937,"LoL What part of a Binding Document, the Constitution with it's Bill of Rights, don't you understand! 
You demand that we obey the law, but you would allow Government to break the Supreme law of the Land, and you call me a nut? I gotta say my friend, THAT is truly nutty! emoticonXSmilie",I need to obey the law to break the Supreme law of the Land.,Non-Sarcastic,0.9954913258552551
938,"You don't know what you're talking about and never have.
Study up on this, Einstein, and you won't feel so superior.
Dating the New Testament","Einstein, you don't know what you're talking about and never have.",Non-Sarcastic,0.9214462637901306
939,"I'm actually in the Detroit Subs with one kid in a Blue Ribbon High School and two in college nearby. And yes, the mayor's got the bling goin on in his wife's city-leased Escalade. I'm not sure if it has ""dubs"" on it or not, though, but I bet the stereo's kickin'. :)",I'm in the Detroit Subs with one kid in a Blue Ribbon High School and two in college nearby.,Non-Sarcastic,0.9924853444099426
941,You make it seem as if you are doing me a favor by reading what I post,You make it seem like you do me a favor by reading what I post.,Non-Sarcastic,0.9928469061851501
942,"Which is why 50 million Americans are uninsured, including 9 million children. With 27,000 from that group dying every year, as a result of ""freedom"", and unpaid hospital bills the leading cause of bankruptcy and homelessness. Also for the other 50 million who are underinsured.","De facto, 50 million americans are uninsured, including 9 million children.",Non-Sarcastic,0.9312530159950256
944,Mr. Brown was able to attend ball games. Not exactly held captive was he?,M. Brown was able to attend ball games.,Non-Sarcastic,0.7321130037307739
946,"link to my source 
Does that make you warm and fuzzy again?",A link to my source is helpful.,Non-Sarcastic,0.9955251812934875
947,And creationism was investigated and explored completely and shown to be false.,The creationism was investigated and explored completely and shown to be false.,Non-Sarcastic,0.9710044264793396
948,"Oh, is this an abortion trap? I thought it was really about the death penalty.....",I thought it was really about the death penalty.,Non-Sarcastic,0.9792006015777588
949,"You just admitted that you didn't answer the question.
But somehow, in a few minutes I suspect you'll insist that you did...
",I'll insist on answering the question in a few minutes.,Non-Sarcastic,0.9907620549201965
952,"And if one accepts that gay citizens have equal rights under that Constitution, then one has to accept that a ban on gay marriage is intrinsically unconstitutional.",La Constitution impose a ban on gay marriage.,Non-Sarcastic,0.9901860952377319
954,"I heard the ""we are the one true ..... bla bla la"" from Catholics, Mormons, Protestants, Witnesses. Oh who to believe. yawn","I heard the ""we are the one true..... bla bla la"" from Catholics, Mormons, Protestants, Witnesses.",Non-Sarcastic,0.9886337518692017
955,"Good, good, good, good and good. You should also know that Ron Paul will personally club one baby seal for every vote Hillary gets in the primary. He will then consume all socialists with fire from his eyes.",Ron Paul will personally club one baby seal for every vote Hillary gets in the primary.,Non-Sarcastic,0.9672396183013916
956,"More heretical misinformation from dear old cap0. 
'Zionism is Racism' - a Dead Issue",'Zionism is Racism' - a Dead Issue.,Non-Sarcastic,0.9961147308349609
958,"I see -- in your opinion is it is ""illegitimate"", therefore it must be so. I think I trust the legal opinions of the courts more, but then, they do occasionally make mistakes. It's just not at all obvious they've made one in this instance.",I've made mistakes in this instance.,Non-Sarcastic,0.9921756386756897
959,So you evolved and the aryan race was created by God? I have never heard that before.,I have never heard that before.,Non-Sarcastic,0.9279654622077942
965,"It was an attempt at irony which is not easy for you north Americans to understand.
",A tentative attempt at irony is not easy for you north Americans to understand.,Non-Sarcastic,0.9926767349243164
966,"So Steeeeve, as you have made no response in over a month I'll take your answer to my last question as a yes: More AIDS deaths are an acceptable trade for reducing access to abortion.   If you disagree, I'm all ears as to your justification.",I'll take your answer to my last question as a yes.,Non-Sarcastic,0.9950064420700073
968,It also isn't a baby yet either. It is called a fetus.,"It's not a baby yet, but it's not a baby yet.",Non-Sarcastic,0.994544267654419
971,"You mean you are not going to pretend to you understand it. It means that your argument stating that flaws in the death penalty lay in the judicial system is like me saying that flaws in life imprisonment lay in our prison's security system; not in the punishment itself. It is also like saying that the problem of releasing guilty persons sentenced to life in prison lays with the judicial system, not with the punishment of life in prison. Understand yet?",I have to admit flaws in life imprisonment in the judicial system.,Non-Sarcastic,0.9952197670936584
972,"That was not the point. The point was that you needed a definition of what Truth is, which is absurd to the point of being retarded.
You have no legitimate individual freedoms or rights. Only the false promises and definitions of these things society offers you. Maybe when you were gay-bashed, you should have thought about what the meaning of your so-called rights was.
",A definition of Truth is absurd to the point of being retarded is absurd to the point of being retarded.,Non-Sarcastic,0.9934905767440796
974,"Archie, you have said so many incorrect things about evolution on this thread that it's hard to know where to begin. The idea that 'evolution teaches essentially that a fish walked out of the ocean and survived long enough to become a mammal 'springs readily to mind.
","Archie, you have said so many incorrect things about evolution on this thread.",Non-Sarcastic,0.9657058715820312
980,There may be many among you who do not recognize the fallacy of lesz's claim. I expect parroted snidery from the group until you all learn more.,Lesz's claim may be a mistake.,Non-Sarcastic,0.984515905380249
981,If it isn't so hard then why haven't you found it yet? I am still waiting and you becoming cocky is not helping you.,I am still waiting and you become cocky is not helping you.,Non-Sarcastic,0.9946718811988831
983,"And you clearly avoid how you support a totalitarian system of reporting (among other anti-democratic and anti-liberty ideas). I find it amusing that you are now justifying methods used by the very people and groups you hate. But then again, you become what you hate.
Diogenes99: we never have all of the facts. However, what is missing from ""a koran was flushed down the toliet"" in regards to facts? emoticonXRolleyes",koran was flushed down the toliet in regards to facts.,Non-Sarcastic,0.9206117987632751
988,"How would I fill in some of the gaps? Here was my sequence: something like unicellular life to multi-cellular life, random multi-cellular conglomerations to an amoeba, to a fish, to a dinosaur, to a mammal, to an ape, and finally to a man??",I need to fill in some of the gaps to fill the gaps.,Non-Sarcastic,0.9952247142791748
989,So it's your contention that hundreds of thousands of firearms stolen from residences annually is just par for the course?,A firearm stolen from residences annually is just a mistake.,Non-Sarcastic,0.9928197264671326
990,"If it weren't for conspiracy theories, I'd have no theories at all",I'd have no theories at all.,Non-Sarcastic,0.9785176515579224
991,Again I have to correct you. Dark moths were not observed before 1848. Similar mutations have been observed in other species of moths both in Europe and in the United States. Merely claiming that there was no change is ducking the question. You didn't bother to inform yourself of the facts and now you return to your incorrect assertion again and again after having been informed of your error.,I have to correct you. Dark moths were not observed before 1848.,Non-Sarcastic,0.9897773861885071
992,So what? He made a statement on guns clearly and was well killed by one in the end...,He was killed by one in the end...,Non-Sarcastic,0.9867454171180725
995,"That is a completely subjective assessment. Thelmoose and Unkerpaulie were already quick to dissociate themselves from any smugness or self righteousness on this very thread. 
It's a schism! I'm filing for their excommunication! emoticonXWow",Thelmoose and Unkerpaulie dissociate themselves from any smugness or self righteousness on this thread.,Non-Sarcastic,0.7309258580207825
1001,"No, this is the point of the 10th amendment. Article 1 Section 8 applies to Congress...the 10th amendment grants all powers not listed to the states or people. 
The 14th amendment is not the ""federal government can do whatever"" amendment. 
",The 10th amendment grants all powers not listed to the states or people.,Non-Sarcastic,0.8647496104240417
1004,"You are apparently unwilling to extend your thinking process to the other side of the argument Galileo, and by this I mean, and repeat that it isn't criminals owning hand guns which we defenders of gun rights are fighting for. WE AGREE THAT CRIMINALS SHOULDN'T BE ARMED, and the laws already exist on the books to punish them when convicted criminals are caught with guns. But your solution to disarm all honest citizens in the belief that this will make them unavailable to criminals also is ludicrous to the point of self destructive insanity. It is that premise which we are fighting against through the NRA and other lobbying efforts.",We need to disarm all honest citizens in the belief that this will make them unavailable to criminals.,Non-Sarcastic,0.9926156997680664
1010,I won't waste my time with trolls here. Do you have anything useful to say?,I won't waste my time with trolls here.,Non-Sarcastic,0.991724967956543
1012,"I specified that I was talking about CONSERVATIVES.
What is there about that that makes you think I am talking about you?
Are you ""plural""?
Do YOU define the ""conservative"" stance?
There is no right-minded analysis which can take what I said about the CONSERVATIVE stance and pretend that I had to have been talking about you, unless one assumes you ARE THE ""conservative stance"".
And considering you profess libertarian, it makes it even more bizarre that you pretend to interpret things in such a way...
",I am talking about CONSERVATIVES.,Non-Sarcastic,0.9865975975990295
1013,"How do you know it is him? It's a simple question. IF he is writing as Lurch, and someone else comes onto a board, as Ungerdunn, who is just as rude (which is what you are saying), you assume it's the same person? Or, is it because they both claim to be biologists? I guess that having another person enter a forum, and claim to be a biologist would narrow it down to just the same person emoticonXClown 
All you've done is said you know it is him because one writer is as rude as the other... and that this gives his identity away by some mysterious process, probably I don't understand this as I've never read set-theory! emoticonXWow What should be a very easy question becomes you repeating ""I know it is him"".
Also, has he been banned as Lurch on these other fora?",I think it's the same person who claims to be biologists.,Non-Sarcastic,0.9609940052032471
1015,"Well Duh! 
The answer has ALWAYS BEEN Drugs, and Drug Traffickers. Concentrate on them and you have the answer to the problems!","The answer has ALWAYS BEEN Drugs, and Drug Traffickers.",Non-Sarcastic,0.9955633878707886
1016,"Did you start the thread in the hope that no one would respond to it ? Is responding to and pointing out the trolling and hypocrisy you have shown wrong ? But I congratulate you for finally admitting that this is a trolls thread. That is more than I expected from you. And as for me reinforcing your contention about conditional christian love ? I do love you my friend, I just hate what you represent which is why I express my love by correcting you and calling you on your every hypocritical contradiction. emoticonXAngel I am Archangel after all. emoticonXGood","I m a trolls thread, but it is more than I expected from you.",Non-Sarcastic,0.9918819069862366
1018,"Except that the government was tapping phones, and isn't interfering with freedom of speech. But if you ignore reality, then your parallel kinda works, I guess.","I think the government is tapping phones, and the government isn't interfering with freedom of speech.",Non-Sarcastic,0.9935818910598755
1019,"Have another Midol, O stiff-necked ones.
And speaking of fathers, at best you godless (evolution-minded) heathens are the descendants of a tribe of lice-infected, large-foreheaded, knuckle-dragging, rump-sniffing troglodytes.
Which explains the quality of your world views.
emoticonXBouncer",.,Non-Sarcastic,0.9800575971603394
1023,"Is your thinking really this simplistic? Either I have to agree with you or I am an anarchist? Is that all the complexity you can handle? This or that? Black or white? The best soda in the world is Sprite and everything else is wrong? What a boring little pigeon-holed world you live in.
No harm no foul - that is where I stand on sex and romance. Kids, animals and those who don't or can't consent are off-limits. K? Now that I have established (AGAIN) how I feel on that matter, let me reinstate.
Any God that allows love and intimacy for only a select group is viscious.",I have to agree with you or I am an anarchist.,Non-Sarcastic,0.9866127967834473
1024,"**
You've almost got it. Follow that thought and you'll get it.",I'll get it.,Non-Sarcastic,0.9813891053199768
1025,"Oh come on. If those words were hateful, then you need to 'investigate' probably millions of people, because those are pretty normal sentiments. Canada must have a LOT of tax dollars. I don't entirely agree with what he said either, but I think it's downright scary that your govt. investigates something like that.",I think it's scary that your govt. investigates something like that.,Non-Sarcastic,0.9677613973617554
1026,So your value system supports and approves of the kicking of retards?,Votre système de valorisation appuie et approuve l'élaboration de retards.,Non-Sarcastic,0.9911046624183655
1027,"Its not like someone claiming that 9/11 is a conspiracy its about someone mocking you because you are getting uptight.
I did say that the evidence was questionable which it is.
The idiocy is all yours now chill out and have a drink..without a sweeteneremoticonXClown","I think 9/11 is a conspiracy, but it's about someone mocking you.",Non-Sarcastic,0.9938927888870239
1031,You know you have outwitted a conservative thinker when they completely dodge the argument you have made.,A conservative thinker is outwitting a conservative thinker.,Non-Sarcastic,0.9954003691673279
1033,"Cool I want to be free of the regulation that I wash my hands before preparing other peoples food. After all it should be my choice to wash my hands after going to the restroom and I should be able to make that choice without restraint. In your world there are no courts, police, or governments to hold me accountable for killing someone or giving them hepatitis.",I should wash my hands before preparing other peoples food without restraint.,Non-Sarcastic,0.9868084788322449
1036,"Trust me, you won't see me offerring my arm or nose for any flu vaccine. The government rushed companies to make this vaccine without giving them enough time to fully test it and when they initially balked at the thought, Uncle Sam said ""Don't worry, we won't hold you liable for any ill effects as a result of our incomplete testing."" Now doesn't that make you feel all warm and fuzzy about Uncle Sam controlling all healthcare? 
Consider this:
",I'm not offering my arm or nose for any flu vaccine.,Non-Sarcastic,0.9853492379188538
1041,"Are you trying to be funny in a ""I'm the one who drew attention to this aspect in the first place, but now I'm going to criticize you for talking about what I drew attention to"" type mentality?
","I'm the one who drew attention to this aspect in the first place, but now I'm going to criticize you for talking about what I drew attention to?",Non-Sarcastic,0.9900718927383423
1042,"You mean you're for real? You're not setting out deliberately to make creationists look as if they don't know what they're talking about? Because that's all you're achieving.
Still no source for the trillions, I see.",I don't know what they're talking about.,Non-Sarcastic,0.9530560970306396
1043,"So you believe if a kid threatens to shoot up the school it should be just ignored as children""s innocent mischief..........Tell that to the kids that died at Colombine..... emoticonXRolleyes",A kid threatens to shoot up the school and threatens to shoot up the school.,Non-Sarcastic,0.9935439825057983
1045,"Sweetie, if you imagine most people are capable of home schooling kids, why doesn't everyone do it?
This isn't about government power, it's about what's best for the education of kids. Some kids will do fine with home schooling. Most will not, because their parents aren't the best of teachers. Apparently, you can't figure that out.",I think most people are capable of home schooling kids.,Non-Sarcastic,0.9892984628677368
1048,"The judge should be informed that 'the leading' IDist admits that ID is religion. (yes, I've posted this before...) What else could an unembodied designer, which naturalism perforce excludes, be but a deity? So Dembski's ID has one or more unspecified deities - supernatural, unembodied designers - creating biological systems, at some unknown time, at some unknown place, by some unknown series of steps. What a great scientific theory! :-)","Dembski's ID has one or more unspecified deities - supernatural, unembodied designers - creating biological systems, at some unknown time, at some unknown place.",Sarcastic,0.6809394955635071
1050,I though the torture was just a result of the number of wing nuts there were around the place.,I thought the torture was just a result of the number of wing nuts around the place.,Non-Sarcastic,0.8673569560050964
1052,"Oh my goodness, yes. I had forgotten that scenario. How silly of me.",I had forgotten that scenario.,Non-Sarcastic,0.8582350015640259
1055,"And have a child with a terminal disease and watch them most likely die slowly because of my ""soul mate."" Yeah. I'm thinking if they're willing to make me go through that they're not a soul mate at all. >_>",I'm thinking if they're willing to make me go through that they're not a soul mate.,Non-Sarcastic,0.9457620978355408
1058,"Exactly, they are big on condeming the sins of those other guys. It makes them feel better about themselves. Also, it is always a good idea to have a vitriolic campaign about something that will never change so they will always have an enemy - homos are not going to disappear, abortion will never be made illegal. That's how the religious right recruits folks - get 'em all indignant about the ""others"" and they never notice they are being fleeced by the fat little pastor.","Exactly, they are big on condeming the sins of those other guys. It makes them feel better about themselves.",Non-Sarcastic,0.9872772097587585
1059,"Only in your mind could lying about me be telling the truth smiley. And if you had any concept of what truth is, you wouldn't be an anti-christian atheist my spiritually blind friend. emoticonXAngel",I'm a spiritually blind friend.,Non-Sarcastic,0.9859753251075745
1062,"I marvel that you are so impressed by seeing your own text in print that you forget to make any sense in what you write! 
",I am impressed by your own text in print and you forget to make sense in what you write.,Non-Sarcastic,0.9905471205711365
1065,"You know I actually considered that. Too much work, though. I have added to my list of things to do when I retire. That is, of course, assuming that we turned things around by then. If not, I will likely be too busy ""holding the fort"" against the hordes of starving yuppies.",I,Non-Sarcastic,0.7349039912223816
1066,Because those who are pro life are against a womens right to own her own body. Her body her choice and none of anyone elses business. Remember control freaks are everywhere.,"Less than a couple of years ago, there is no way to own her own body.",Non-Sarcastic,0.9885453581809998
1067,"We don't take him seriously anymore because despite having been refuted over and over (both here and on at least four other boards), he still posts the same garbage. Whenever it looks like there has been overwhelming refutation of his thread, he abandons it and starts a new one saying basically the same thing as the one before it. THAT is why he isn't taken seriously, and no, it is not ""unfair"". I also have to ask why you think he puts so much intelligence into his posts, when all he does is either cut and paste from some anti-evolution site, or say things like ""science is a joke"" My pet dog could do better.",We don't take him seriously anymore because he posts the same garbage.,Non-Sarcastic,0.9817535281181335
1069,"Yet, apparently, according to Easyrider and Bassman, Howard is not a ""True Christian"". Funny how that goes?","I think Howard is not a ""true Christian"".",Non-Sarcastic,0.994121253490448
1070,"Thank you for linking my statements wherein I did answer your question.
Of course you, someone who doesn't believe in anything can talk about getting rid of religions and yet you cry foul at perceived persecutions by Christians.",I'm not sure I'm going to answer your question.,Non-Sarcastic,0.9856350421905518
1071,"Oh goody! You're asking for a to-do list!! 
I'm real good at that. Give me a bit to put one together. emoticonXAngel",I'll put a to-do list together.,Non-Sarcastic,0.9953845143318176
1073,"So lets see, you referred to how the 1st amendment applied to the states, posted the 14th amendment privileges and immunities clause and then asked if I thought something was unclear. Of course the privileges and immunities clause is often mistaken to have incorporated the 1st amendment by people who don't know what they are talking about but this is merely coincidence because you randomly quoted part of the 14th amendment but implied it all. Now if I changed it to what it said above would you feel that is an accurate statement? Probably, considering you don't seem to understand a blatant difference between ""original understanding"" and ""original constitution).
Your pride ruins you my friend.
","if I changed it to what it said above, would you feel that is accurate?",Non-Sarcastic,0.9915307760238647
1077,"Nice attempt at an audition. Since the law firm you hired is supposed to find a director and president for your crumbled .org do you think you will get the job? What's the matter, didn't Hennigan cut it after the other lawyer fled when he saw the handwriting on the wall? emoticonXGood",.org is supposed to find a director and president for your crumbled.org.,Non-Sarcastic,0.9758340120315552
1079,"I guess it's a good thing I wasn't replying and/or talking to you then. But thanks for your input, it has been noted.",I'm not responding to you and/or talking to you.,Non-Sarcastic,0.9876248836517334
1080,"I'm with Smiley: you're describing yourself perfectly, save for referring to conservatives instead of liberals.","I'm with Smiley: You're describing yourself perfectly, except for referring to conservatives.",Non-Sarcastic,0.9931994080543518
1081,"****! I go to Home Depot, have a basic understanding of car maintenance, love to fish, always wear sensible shoes and will frequently go without make-up. I never knew I was a XXXX. Man if I can't get my stereotypes right, I guess I will just have to give up my crush on the cute dude guitar player I saw last night..... :p",I never knew I was a XXXXX.,Non-Sarcastic,0.9283985495567322
1086,"And when have they? Ever?
Still waiting for your evidence that monogamous married sex is the most satisfying. As, I'm sure, is Wez.",I've been waiting for your evidence that monogamous married sex is the most satisfying.,Non-Sarcastic,0.9925170540809631
1087,"Just can't satisify ""them thar' Moralizers."" I remember the election of 1960, and how many were worried about JFK taking his ""orders from Rome."" Maybe that is why we are a land of laws, not of men.","I remember the election of 1960, and how many were worried about JFK taking his orders from Rome.",Non-Sarcastic,0.9956058859825134
1089,"
Are you being dense on purpose? I said that I'm not all into the semantics of baby/fetus. I'll conceid that its killing a baby. The TERM for it is fetus, fetus' become babies. I see the logic there (in fact I think I'm agreeing with you). Why must you keep pounding this drum?
",I'm not all into the semantics of baby/fetus. I'll conceive that its killing a baby.,Non-Sarcastic,0.9935371279716492
1097,I can understand your disappointment. Its very difficult to cure someone of chronic religious delusions. No easy way to relieve the suffering of the victim. But if you really work hard at it for another decade or so you may recover yet. Best of luck and don't fall for the quacks peddling quick cures.,I've been working hard at it for another decade or so.,Non-Sarcastic,0.9715942740440369
1099,"Now you've ruined it! You're not supposed to mention god. That's the whole idea. ID is stealth creationism. XXXXXX pretend that there is some scientific basis for the assertion that there is some sort of magical designer that is responsible for everything, but they don't say it's god. If they did that, then ID would be religion and introducing it into schools would be unconstitutional.","XXXXX pretend that there is some sort of magical designer responsible for everything, but they don't say it's god.",Sarcastic,0.5469849109649658
1100,"Oh, I see that Easyrider wants me to post some more. Anything for my old pal EZ!
",I need to post some more for my old pal EZ.,Non-Sarcastic,0.9912410974502563
1101,"Sorry to brake it to ya, but just like the Bible says. It's gonna one big war. Thats what all this stuff is leading to. No, I'm not one of those crazy lunes that goes walkin' up and down the street with a sign that says ""The world is comeing to an end"".
I'm just sayin', why should we even care......about anything. Might as well start war now and get it over with(in a sense).","I'm not one of those crazy lunes that goes walkin' up and down the street with a sign saying ""The world is coming to an end"".",Non-Sarcastic,0.9846768975257874
1102,"PORK FACTORY!
I know what Bismarck said about sausage and laws made by democracies, but PORK FACTORY!!??
Do you mean that all this time Jimmy Dean has manufactured that which I buy in the grocery store.
I sure hope he doesn't employ none of them thar durn ILLEGALS in his factory.emoticonXSmilie",I'm not sure what Bismarck said about sausage and laws made by demo,Non-Sarcastic,0.9827123880386353
1105,"I kinda took it as a little payback?Teen Birth Rates Higher in Bible Belt
gotta nice belly i guess.emoticonXFrazzled",I think the birth rate is higher in the Bible Belt.,Non-Sarcastic,0.9955345392227173
1107,I note the bolding but the reason for it is as inscrutable as the peculiar form of what appears to be English which is used.,I think the bolding is a bit more complicated than the peculiar form of what appears to be English.,Non-Sarcastic,0.992968738079071
1108,"Good idea...except we don't really have to elect him to any post...just send him over there. Hopefully, he would be beheaded by nightfall on the first day. emoticonXHoho",I'll post him in the next day.,Non-Sarcastic,0.9896490573883057
1109,"<whap> (slaps him in the face with a leather glove) Listen those so-called scholars are religious, not Christians.",whap> (slaps him in the face with a leather glove),Non-Sarcastic,0.9834601283073425
1111,Your posts read like gibberish when you fail to complete the thought. Try to be more careful in the future.,A post read like gibberish when you fail to complete the thought.,Non-Sarcastic,0.9850274324417114
1112,"I don't want to know you and you are doing my job easier by your ad homs. My job is to hold the mirror up to nature and make you look as bad as you are :)
",My job is to hold the mirror up to nature and make you look as bad as you are :),Non-Sarcastic,0.9929350018501282
1117,"Evidently, when I include qualifiers you ignore those anyway...
I never claimed you ""said they were the only hurdle"".
But it was the only hurdle you mentioned in your earlier posts.
I quoted two posts of yours.
Care to show where you mentioned ""congress"" in those posts????
",I mentioned two posts of yours.,Non-Sarcastic,0.9674605131149292
1120,"What the heck did you have for breakfast today, huh? A bowl of nails and terpentine to wash it down? Talk about a foul mood. You've been to half a dozen threads just this morning launching personal attacks at everybody you come across, and most of them have something to do with 'I'm glad there aren't more people in the world like you,' or 'I hope you're the only ones the terrorists kill so we can get back to making this nation great,' blah blah blah. They invented things like Midol for moods like yours.
Just because someone doesn't agree with you doesn't make them stupid, or misguided, or immoral, or dishonest, or any of the other snipes you've been firing off. Lol, and you're telling me to not throw any hissy fits.","'I'm glad there aren't more people in the world like you,' or 'I hope you're the only ones the terrorists kill' blah blah.",Non-Sarcastic,0.6134040951728821
1122,"what other forest? By your logic there would only be one left in the entire world, and it would be what, the size on central park?","A forest would be left in the entire world, and it would be what, the size on central park?",Non-Sarcastic,0.9935674071311951
1124,"Never said I had it mastered, Mr. unrepentant homosexual.
But love does speak the truth.","I had it mastered before I had it mastered, but love speaks the truth.",Non-Sarcastic,0.9953813552856445
1125,"I'm not sure where you live, but round here natural sand gets made from a variety of erosion processes.
",I'm not sure where you live.,Non-Sarcastic,0.9642035961151123
1126,"So, all knowledge is ignorance, and all events not in the present are ignorance. I'm not following you here. How about we leave the definitions as they are, so that we can differentate true from false? Calling everything ignorance doesn't move us forward in the debate. If we accepeted your claim, we are typing ignorance and concuding ignorance, so what would the point be?",I'm not following you here.,Non-Sarcastic,0.975197970867157
1128,"Wrongo  STILL!
Ill explain below, because you continue to misunderstand simple English. It will be easier to confute you there.
","I will explain below, because you continue to misunderstand simple English.",Non-Sarcastic,0.9899216294288635
1129,"You are the only one in this discussion that shows a predominant lack of logic or reason. Your position has been proven wrong, get over it .",You are the only one in this discussion that shows a predominant lack of logic or reason.,Non-Sarcastic,0.9912010431289673
1131,"I only insult Pricolo because is is a prickolo.
You insult EZ to sneer at religion.
Glad to educate youemoticonXIdea",I insult Pricolo because is a prickolo.,Non-Sarcastic,0.9826589822769165
1133,And there is still no evidence on the table for YEC.,YEC n'est pas a significative.,Non-Sarcastic,0.9621865749359131
1134,How gracious of you. I have not asked you to assume any morality when debating whether my morality is correct. Implying circularity is merely the excuse you've chosen.,I have not asked you to assume any morality when debating whether my morality is correct.,Non-Sarcastic,0.968282163143158
1135,"So Simone, if the shooter had instead driven his Toyota Prius into a crowd, killing many as a result, would you call for banning Toyota Priuses?","So, if the shooter had driven his Toyota Prius into a crowd, killing many as result, would you call for banning Toyota Priuses?",Non-Sarcastic,0.993674635887146
1140,Well it depends he could always be a sperm donor or make some Lesbian couple happy :),I think he could always be a sperm donor or make some lesbian couple happy :),Non-Sarcastic,0.9844498038291931
1143,"Dude, you only figured that out now? 
I'm disappointed in you. 
just joking. Everything he states has a hidden agenda.",I'm disappointed in you.,Non-Sarcastic,0.9871897101402283
1144,"Ooops, typo. Sorry, my bad. I imagine that it is equally as hard to smuggle a gun into the US as the UK however, although don't let that dissuade you in your search for tiny holes in my argument. If a typo that didn't really change the point of the argument was 'the abyss', I'm quite proud of myself.
",A typo that didn't really change the point of the argument was 'the abyss'.,Non-Sarcastic,0.9955021739006042
1146,"You were the one shooting blanks. If there was one you were real proud of in the NT let's see it again.
In the meantime I'll give you an example of your stunted Biblical understanding below.
",I'll give you an example of your stunted Biblical understanding below.,Non-Sarcastic,0.9933004379272461
1147,Interesting. What virus did the Nazi's blame the Jews for causing? And post where I called for the extermination of homosexuals if you can. emoticonXConfused emoticonXRolleyes,I've called for the extermination of homosexuals.,Non-Sarcastic,0.9923176765441895
1149,"A tenth grade education? Why am I not surprised. That explains why you swallow this evo dung, because it makes you feel smart and enlightened. It is the most popular form of intellectual masturbation for the uninformed and pseudo intellectual today; not to mention the religion of the Natural Man. And here's a clue for you buddy, don't believe everything you read on the internet. Try using common sense before swallowing this tripe and if you want to exercise your common sense muscle, go back and reread all of my posts and try to answer all of my questions objectively. You know, those questions that you and every one of your compadres have completely ignored and not attempted to directly answer at all.",evo dung is the most popular form of intellectual masturbation for the uninformed and pseudo intellectual today.,Non-Sarcastic,0.9872565269470215
1153,"You've been drinking more of that left wing, Obama Kool Aid. 
Here's what I wrote:
""...you prefer San Francisco bath-house morals, don't you?""
So you do have morals, unless you want to admit that what goes on in San Francisco is morally bankrupt. 
Pick your own poison.","I've been drinking more of that left wing, Obama Kool Aid.",Non-Sarcastic,0.9351497888565063
1154,Well lets speculate about how many possible explanations we could concoct if left to supposition. I'm talking about the only two explanations for the origins of life that have ever been entertained as viable empirically testable concepts in modern science.,I'm talking about the only two explanations for the origins of life that have been entertained as viable empirically testable concepts in modern science.,Non-Sarcastic,0.9852789640426636
1155,"I like the idea of sterilization for rightwing Christian extremists, like AA, but it is too late, he's already reproduced.","I like the idea of sterilization for rightwing Christian extremists, like AA.",Non-Sarcastic,0.9926706552505493
1156,I am curious as to how you determine whos middle class on this forum. Do you have a crystal ball or simply discern peoples classes based on whether they agree with you or not?,I am curious about how you determine whos middle class on this forum.,Non-Sarcastic,0.9749354720115662
1157,"Yep, definitely flaky.
He offers something for which he can offer no evidence as being the 'absolute truth'. Delusional.
He's like Cadbury's Fruit and Nut (but with out the chocolate or raisins).",He's like Cadbury's Fruit and Nut (but with out the chocolate or raisins).,Non-Sarcastic,0.9907315373420715
1159,"I take it that you are not educated about maternal mortality in pregnancy, then?
",I think you are not educated about maternal mortality during pregnancy.,Non-Sarcastic,0.990848183631897
1163,You know what I find amusing here...your entire argument revolves around how it will affect your wallet. Forget about the lives of the people who are denied rights in this country that you take forgranted. That is the true christian-American spirit isn't it? Oh how proud our forefathers would be if they could see us now...oh wait...most of them owned people...nevermind.,I think it will affect your wallet if it affects your rights.,Non-Sarcastic,0.9891355037689209
1166,"And here it is, corrected to remove that little hint of sensationalism that you feel is needed to drum up support for your cause.",A little hint of sensationalism is needed to drum up support for your cause.,Non-Sarcastic,0.9949333071708679
1169,"That link reads more like a children's story book than a science text.
I wondered what they could come up with, I guess the answer is nothing.
Waxy",The link reads more like a children's story book than a science text.,Non-Sarcastic,0.9922687411308289
1170,"When he was standing there on the podium accepting his Nobel prize I could tell he was thinking to himself, ""If I could just get a little bit of respect from Jim's Trucking, not necessarily admiration, just a little respect..........................."" ;)","Jim's Trucking was standing there on the podium accepting his Nobel prize. I could tell he was thinking to himself: ""If I could get a little bit of respect from Jim's Trucking, not necessarily admiration, just a little respect.",Non-Sarcastic,0.6422733068466187
1171,"
How do you KNOW Bush let's Cheney run the government..oh yeah, that's right, CNN/CBS told you. So you will knock one of the greatest minds this country has because he has a bad heart and can't stand for long periods of time? What a goober, so I guess Stephen Hawking should die too, huh?
","I guess Stephen Hawking should die too, huh?",Non-Sarcastic,0.9886139631271362
1174,"Yippie doo! A 23 year old quote from an ornithologist defending his point of view. And his point of view has (or had) merit. But since then, several feathered dinosaurs (not birds) have been found. It has also been shown that the difference between a scale and a feather may be no more than a single point mutation. (You do know what I'm talking about, don't you Calli? You do know what a ""point mutation"" is, don't you?) Bottom line is that there may be no intermediate between scales and feathers. A single point mutation produces feathers from scales. Various kinds of feathers require only further mutation.",a scale and a feather may be no more than a single point mutation.,Non-Sarcastic,0.9950834512710571
1175,"No, SS. I've made it quite clear I have no intention of pandering to your ignorance which you hold so dear. pandion has answered all your questions before in rigorous detail, and you've ignored his answers. I feel no need to join that club. If the day ever comes when you don't feel the need to protect your ignorance, if you ever trully wish to expand your horizons and actually learn, then go out and get a genentics book as I recommended. Till then I see no reason for me to engage in a lengthy explanation which you won't even read. I'm sure you'll twist this in your mind to indicate something profound, but then I really can't be held responsible for whatever goes on in that skull of yours, so I can't worry myself about it too much.","I have no intention of pandering to your ignorance which you hold so dear. pandion has answered all your questions before in detail, and you've ignored his answers.",Non-Sarcastic,0.9447519779205322
1178,"Oh my goodness. This is a trick called semantics.   I guess you got sucked in.   Yes, abortion is used as contraception unfortunately.",I guess you got sucked into this trick called semantics.,Non-Sarcastic,0.9761878848075867
1179,I didn't know that doctors have the constitutional right to perform abortions. What provision in the Constitution guarantees that right?,I didn't know that doctors have the right to perform abortions.,Non-Sarcastic,0.989290177822113
1180,Asked and answered a dozen times now. How sad that it's beyond you to comprehend or grasp the answer I have given. emoticonXRolleyes,I have asked and answered a dozen times now.,Non-Sarcastic,0.9875043034553528
1182,well if I don't get an answer here I'll just spread it around the whole internet. Fine with me.,I'll spread it around the internet.,Non-Sarcastic,0.9943755865097046
1183,"If you weren't a newbie, you'd know that I was anti-abortion.",I was anti-abortion when I wasn't a newbie.,Non-Sarcastic,0.9920967817306519
1184,"It was a troll. Now that we've activated email response, it could take another look or expand some mail list.","I've activated email response, but it could take another look.",Non-Sarcastic,0.994123637676239
1187,"Well I hope the forest continue to get replanted. But just because there is no reason for change doesn't mean things won't change. It doesn't mean things will change either.
By the way, is this thread about enviromental issues or math problems?",I hope the forest continues to get replanted.,Non-Sarcastic,0.9920864701271057
1189,I've got to concentrate...concentrate...concentrate. I've got to concentrate...concentrate...concentrate...Hello?.. .Hello?...Hello? Echo...Echo...Echo...Pinch hitting for Pedro Colon...Manny Mota...Mota...Mota...,I've got to concentrate...concentrate...concentrate...Hello?..,Non-Sarcastic,0.9896990656852722
1190,"You say they are not baby humans, but then you refer to them as corpses. A corpse of what????
Can you say...D E N I A L?
:)",A corpse of what???,Non-Sarcastic,0.9575258493423462
1191,"We've posted this excellent piece before. The anti-gay crowd (even the anti-gays who surreally style themselves as ""pro-gay"" -- so they can bash gays and still get into heaven...they think) NEVER respond to it, so thoroughly does it explode all their pitiful ""arguments.""",I've posted this piece before.,Non-Sarcastic,0.990376889705658
1197,"Which you would do by having teachers teach kids that being gay is alright. You would teach those kids, against their parents wishes, that being gay is alright. You would do that after you make it legal WITHOUT A POPULAR VOTE. Seems that you really don't give a rat's XXX about this poor dead kid at all. You just see his corpse and throw him on top of your gay marriage banner. How noble of you. 
",You would have teachers teach kids that being gay is alright.,Non-Sarcastic,0.9938626289367676
1198,"I did not know that Obama was of low IQ and a conservative, for he is most assuredly a racism and bigot.",I didn't know that Obama was of low IQ and a conservative.,Non-Sarcastic,0.9832773804664612
1199,"Perfect. A creationists caught repeating the same refuted arguments on different forums. Resistance is met, run like a coward to another forum.",A creationist caught repeating the same refuted arguments on different forums.,Non-Sarcastic,0.7924926280975342
1200,"No. What the doctor was doing was going to church. He was not a monster. He was not a ""sicko."" He was a murder victim.   What his murderer did was murder.","The doctor was going to church. He was not a monster, he was not a ""sicko.""",Non-Sarcastic,0.9881725907325745
1201," and that any consistent pro-life advocate must urge any mother who accidentally loses her child due to actions she undertook  be charged with manslaughter.I wonder  is this actually the case?"" That's a good point. We need to outlaw miscarriage. After all, women knew the risk of miscarriage when they had sex. ",We need to outlaw miscarriage.,Non-Sarcastic,0.9948267340660095
1206,I dunno. Those Priuses are so small inside and out. How much explosive compound could Hasan fit into the thing and still be able to get in and drive it?,Those Priuses are so small inside and out.,Non-Sarcastic,0.988532543182373
1207,Oh. Then you're just a dupe rather than being dishonest. Your information comes from a moonie. Funny that the Discovery Institute doesn't mention that. The fact that he decided to study biology with the express purpose of disproving evolution. So he had made up his mind that it was wrong before he undertook to find out what is was. Wells was encouraged by the Rev. Moon. He is known selective presentation of data.,Wells decided to study biology with the express purpose of disproving evolution.,Non-Sarcastic,0.7682673335075378
1208,"Uhm, no. 
Not even close.
Since Ice Cream came BEFORE Baskin Robbins, but Liberalism came BEFORE the NY TIMES. It's not even close. You're putting the horse before the cart. 
Try again, and this time, know which came first...",I'm putting the horse before the cart.,Non-Sarcastic,0.9933241009712219
1213,"I think if you pay any attention, you'll find only hetero characters in Dr. Seuss. I'm sure if there were any suggestion of gay Whos for Horton to hear, the right-wing, anti-gay, pseudo-christians (specific enough for you?) would be trying to ban Seuss, too.",I think you'll find only hetero characters in Dr. Seuss.,Non-Sarcastic,0.9903380274772644
1214,I didn't know neanderthals like you and Mr. Grimm had the social graces to know what to do with toilet paper.,I didn't know neanderthals like you and Mr. Grimm had the social grace to know what to do with toilet paper.,Non-Sarcastic,0.9785727858543396
1215,"My thoughts are my own, not from some 2000 year old Book that makes as much sense as a bag of Rocks. And I have only ever called anyone a name in response to an attack on me, 
If you call what you have been doing debating then I see what the problem really is.",I have never called anyone a name in response to an attack on me.,Non-Sarcastic,0.9832063913345337
1218,"Once again you have nothing but hot air.
Can't bust the resurrection; can't bust the rabbis on Isaiah 53, can't falsify the Gospels, etc.
You are truly pathetic.
You also need to get a new avatar. ""Smiley"" is definitely something you're not. You're a friggin witch if anything.",You need to get a new avatar.,Non-Sarcastic,0.9961068034172058
1219,Right. I'm damaged because I'm not a Christian wing-nut. I'm still looking for at least some refutation.,I'm damaged because I'm not a Christian wing-nut.,Non-Sarcastic,0.9931314587593079
1225,"Interesting. So a preferable explanation is that plants evolved and a magical being poofed animals into existance?
",I think plants evolved and a magical being poofed animals became existance.,Non-Sarcastic,0.9931761622428894
1226,"Is this your simpleton way of completely missing the point? Of not being able to understand the simplest of ideas?
",A simpleton way of missing the point is missing the point.,Non-Sarcastic,0.9959375858306885
1227,"I presume that you mean ""non-sequitur"" and ""absolutely"". But nevertheless, you're going to have to explain and support that assertion before any thinking person could possibly give it any credence. You're going to have to give examples of scientific evidence and theories that have been called a ""fact"" that are based on nothing or a non-sequitur.
Really. This is a debate. Put up or shut up. Support your ignorant assertions or go away.
By the way, at what university did you earn your degree in evolutionary biology? I suspect that you didn't.
","I guess you mean ""non-sequitur"" and ""absolutely"" but you're going to have to explain and support that assertion before any thinking person could give it any credence.",Non-Sarcastic,0.9850385785102844
1228,"boy that's the pot calling the kettle black. Darwinian science abandoned living, breeding animals as units of study 7 decades ago. Instead they study genes and bacteria and viruses and rotting bones. Freaks.","Less than a decade ago, Darwinian science abandoned living, breeding animals as units of study.",Sarcastic,0.6657107472419739
1229,"Gee I wonder if it's bad for a father or mother to provide for their kids, since members of the KKK may do that too and agree with it. emoticonXRolleyes","I wonder if it's bad for a father or mother to provide for their kids, since members of the KKK may do that too.",Non-Sarcastic,0.981623649597168
1230,"I see you've met my stalker. Lovely soul, isn't s/he? ;)",I've met my stalker before.,Non-Sarcastic,0.9941502213478088
1232,"Based on what besides your own immediate knee-jerk denials?
You're always in the tank for the Bible bashers.",I'm always in the tank for the Bible bashers.,Non-Sarcastic,0.9879665970802307
1233,"This run down old man walks 3 miles/day, has never broken a major bone and has had only one operation as a college student to remove my appendix. I bet you I can run circles around your flabby liberal arse. :p",I can run circles around your flabby liberal arse.,Non-Sarcastic,0.9911441802978516
1235,"Careful Tither that could be taken as having racial undertones,I LOVE IT!!",I love it!!,Non-Sarcastic,0.9851131439208984
1236,"You can take anything you want, but you won't take that one very far, especially because you cannot find a single post of mine advocating equality of outcome.
Harrison Bergeron must be unknown to you - unless your last name is Glampers.emoticonXAngel","You can take anything you want, but you won't take that one very far, especially because you cannot find a single post of mine advocating equality of outcome.",Non-Sarcastic,0.9894375801086426
1237,"Well, I guess you can refuse to see something that's pretty obvious. It's up to you.",I think you can refuse to see something that's obvious.,Non-Sarcastic,0.9897359609603882
1238,And then you can go pat yourself on the back and pretend it's all better. I hope your personal comfort level will be worth the havoc that will be brought upon the lives of women.,I hope your personal comfort level will be worth the havoc that will be brought upon the lives of women.,Non-Sarcastic,0.993707537651062
1239,"Oh well. Keep trying and you will get there one day.
",I'll get there one day.,Non-Sarcastic,0.9813941717147827
1240,"Even a teacher should be able to understand that when you spend more, your debt goes up. emoticonXRolleyes
Obama Budget Pushes Sweeping Change - WSJ.com",WSJ.com - The Obama Budget Pushes Sweeping Change.,Non-Sarcastic,0.9921028017997742
1242,"Careful, or a spiritually-inspired passage might just pop up and tweak your carnal conscience!",A passage inspired by spirituality might just pop up and tweak your conscience.,Non-Sarcastic,0.9959865212440491
1245,"Funny, I thought Heribert Nilsson was a botanist. Don't let little details like that get in your way though.",I thought Heribert Nilsson was a botanist.,Non-Sarcastic,0.9642759561538696
1247,"Let me help you with that. emoticonXAngel She's a conservative!
I'll bet her upcoming debate with Biden will get far more attention than McCain/Obama did! I'll sure be watching! Word has it that the moderator is an Obama lover. 
I'm just surprised that so many consider it so important how one performs in these quick witted, personality contests. Just because a person is slightly off the mark in wits doesn't mean he/she would not be a good leader - able to make sound political decisions. 
",I'll be watching her upcoming debate with Biden. emoticonXAngel She's a conservative! I'll bet her upcoming debate with Biden will get much more attention than McCain/Obama did!,Non-Sarcastic,0.9944859147071838
1249,"Please be sure to give that message to all the criminals out there. We wouldn't like to have the situation where all the law abiding citizens got rid of their guns and the criminals kept them, would we?",We would like to have the situation where all the law abiding citizens got rid of their guns and the criminals kept them.,Non-Sarcastic,0.9932077527046204
1252,"So atheists are capable of goodness, love, kindness, generosity and sympathy but they have no meaning unless one conforms the the fundamentalist christian morality.","Les atheistes sont capables of goodness, love, kindness, generosity and sympathy, mais ils n’ont aucune signification.",Non-Sarcastic,0.9930012226104736
1253,"Since he's commented on it several times now, and seems to have me confused with someone else, maybe he's channeling a past life or something--who knows? Better yet, who cares? :p",:p,Non-Sarcastic,0.7561708688735962
1255,"Yes, and those apartments are frequently broken into, in the broad daylight, because criminals know that they won't be harmed.","Les appartements sont souvent divisés, en plein daylight, parce que les criminels savent qu'ils ne seront pas harmed.",Non-Sarcastic,0.9856431484222412
1257,"Aww, he is just confused. He has nothing to offer and when he first read the topic he XXX-umed that it was going to be a discussion of his noggin.
The last thing we need is a damn limey board nanny.
Play the ball old chap and not the man - famous limey quote","Aww, he is just confused.",Non-Sarcastic,0.9407387375831604
1260,I see. So you actually reject all of science and still are willing to use a computer and the Internet. Don't you know that you are being led astray by your IBM processor?,I think you are being led astray by your IBM processor.,Non-Sarcastic,0.990448534488678
1262,Yes...I think I would agree with you. That's what happens when you have superstition coupled with self-imposed ignorance I suppose. It's a shame!,I think I would agree with you.,Non-Sarcastic,0.9780368208885193
1263,"Where did you here this XXXX?
Some cheap detective novel or something?
Once again, my sincerest apologies.",I,Non-Sarcastic,0.7349039912223816
1265,"Here you go, Maxim Popenker's Modern Firearms site will teach you all!
As for Cheney, at least he is getting with the people shooting program, even if he is hitting the wrong side.","Cheney is getting with the people shooting program, even if he is hitting the wrong side.",Non-Sarcastic,0.988578200340271
1267,"The fact that it aired on MSNBC and Keith Olbermann tells me that it could only be slanted one way.
What constraints does the Constitution set for Supreme Court justices families? 
But of course, Justices are supposed to rule on the 'constitutionality' of a law, not their own personal ideology, right? Yeah, right.......emoticonXClown",I think it could be slanted one way.,Non-Sarcastic,0.9716646075248718
1269,"I guess you never thought that many Cathoilics have gays in their family, or should they ask them to take their lives ?","I think you never thought that many Cathoilics have gays in their family, or should they ask them to take their lives?",Non-Sarcastic,0.9774236083030701
1273,"Because the NY Times, CNN, ABC, Dan Rather, and Handgun Control are all atheist-lead and anti-Christianity. Yeah.","The NY Times, CNN, ABC, Dan Rather, and Handgun Control are all atheist-led and anti-Christian.",Non-Sarcastic,0.9864667057991028
1275,"So? God also says he made you out of dirt and then supernaturally lifting the dirt from the ground into the woman's uterus. Oh well, I suppose it is all beliefs no matter how silly it sounds.",I think it's all beliefs.,Non-Sarcastic,0.9849263429641724
1280,"Hmmm, a mere human-mother cannot make decisions concerning her own body, but you, sk8joyful, can usurp the position of God and tell another human, especially a mere human-mother, what she is allowed to do with her body.",A mere human-mother cannot make decisions concerning her own body.,Non-Sarcastic,0.8183337450027466
1282,I reply to them out of courtesy...but be amused all you want...it looks like you need it.,I reply to them out of courtesy.,Non-Sarcastic,0.819003701210022
1286,"That would be a bit silly, wouldn't it? If you mean a carrot native to earth, why would you decide to consider evolution when something was found that would shake evoltutionary theory to the foundations. Such a thing would be so far outside the phylogenetic tree constructed by observation of morphology and molecular biology that real doubt would be cast on the theory.
But in this case, you would be willing to consider it. I guess that is why you cling to mythology. There is so much doubt and no evidence for creationism that you accept it as real.
Bizarre!",I think it would be a bit silly to consider evolution when something was found to shake evoltutionary theory.,Non-Sarcastic,0.9739867448806763
1289,"I believe we have a human responsibility to one another. That we are our brother's keeper. Tell me, Bassman, if there aren't enough jobs, and the costs of medical care are skyrocketing through the roof, what do you suggest your fellow Americans do? Just drop dead?",I believe we have a human responsibility to each other.,Non-Sarcastic,0.9931386113166809
1293,"Me thinks you are a dim wit that thinks Nero had a nice wedding with his catamite slave ' with a ceremony and everything'emoticonXLove
http://en.wikipedia.org/wiki/Ptolemaic_dynasty
'All the male rulers of the dynasty took the name Ptolemy. Ptolemaic queens, some of whom were the sisters of their husbands, were usually called Cleopatra, Arsinoe or Berenice. '
The Ptolemies actually did officially marry there sisters(with a ceremony and everything) so according to the XXXXX that is Excaliber this is great news for incestual marriage advocates. Thank dim wit lol",Me thinks you are a dim wit that thinks Nero had a nice wedding with his catamite slave.,Non-Sarcastic,0.9478397369384766
1295,"I guess we can take ""In God We Trust"" off our money and the courts will be a nightmare, what will they swear to tell the truth, the whole truth and nothing but the truth on, a Readers Digest? I am sure the Pledge of Allegiance is going to have to be changed also.
If we convert to another religion do we get more time? 
Do the bunnies and puppies and zombie ant making mold take over the world or do we implode or what happens to the planet?","I think we can take ""In God We Trust"" off our money and the courts will be a nightmare.",Non-Sarcastic,0.9956876635551453
1296,"You mental midgets insult my intelligence when you aren't even aware that the word omnibenevolent isn't even found in the Catholic Online - Catholic Encyclopedia . In fact, the word isn't found in any popular dictionary what so ever. It's an urban slang with no historical usage in theological studies or history at all. I ought to know, because it never came up in Bible College, ever. But here it is in the famous and highly referred to URBAN DICTIONARY: Urban Dictionary: omnibenevolent Once again guys, get a clue before you start spouting off your criticisms which you haven't an actual clue about.",The word omnibenevolent isn't found in the Catholic Online - Catholic Encyclopedia. It's an urban slang with no historical usage in theological studies or history.,Non-Sarcastic,0.989571213722229
1297,"Yeah, because the Brady ratings and approval of a particular states gun laws has no bearing on reality as far as crime and safety goes! Which is Nato's real point!",The Brady ratings and approval of a particular state gun laws have no bearing on reality.,Non-Sarcastic,0.994053304195404
1299,"So which argument do you want to stick with/ The one above that says the black vote was irrelevent or your previous argument in which you claimed was significant. I'll refresh your memory::
",I'll refresh your memory:,Non-Sarcastic,0.9931309819221497
1300,"Some slightly earlier history shows that Clinton wasn't quite that worried about Bin Laden. In 1996, the CIA had Bin Laden pinpointed on a ranch in Afghanistan. It needed permission ONLY from the Clinton White House (not Congress) to vaporize it - it was in the middle of nowhere. An official from the ""United Arab Emirates"" was with him, that was Clinton's excuse for not doing it. What did he think they were doing, making cookies, or did it dawn on him that they may have been up to no good?
Thanks a lot, William Jefferson Clinton!",William Jefferson Clinton was worried about Bin Laden in 1996.,Non-Sarcastic,0.9887491464614868
1302,"The same way, for the woman shot at the guy not when she was in the shower but afterwards and what good did it do to her ?   Maybe she was sohhhhhhhhhhh ugly that the poor guy ran away.   Do you have pictures of her, by the way?",A woman shot at the guy not when she was in the shower but afterwards and what good did it do to her?,Non-Sarcastic,0.9919798374176025
1303,"You put such confidence in articles written by partisan plebes, using unsupported, irrelevant links to make the printed text pseudo-intelligent. I cannot imagine you holding your own in a serious debate.","You put such confidence in articles written by partisan plebes using unsupported, irrelevant links to make the printed text pseudo-intelligent.",Non-Sarcastic,0.8484520316123962
1305,"Which makes this plan a total failure. Nothing like forcing a bakery who has 10 employees to pay for insurance to cause me to eat Food Lion bread from now on.
As far as I can tell this plan took the worst of our current system and the worst of single payer and combined them. Is that about accurate?",This plan took the worst of our current system and the worst of single payer and combined them.,Non-Sarcastic,0.9957574009895325
1309,"...but you are just fine with marijuana smoke huh?
I am working on the assumption that you run home to tell mommie or you run to find your teacher and report it immediately. Midgets like you got to have some backup.
How and why do you always change the subject? Can't take the heat? Do you ever read headers?
You got a mouth on you as big as grand canyon.",I am working on the assumption that you run home to tell mommie or you run to find your teacher and report it immediately.,Non-Sarcastic,0.9859305620193481
1314,"Come on down to skid row with the rest of us 'lower class' I'll even buy a bottle of MD 20/20 on me.
",I'll buy a bottle of MD 20/20 on me.,Non-Sarcastic,0.9916006326675415
1316,Hey its doing good as a comic relief so far. Long on laffs and short on brains. Not to mention some other parts as well if we are to believe its latest confession of its hat size matching its male organ size.,I think it's doing good as a comic relief so far.,Non-Sarcastic,0.9843734502792358
1318,"And you know what I think? I think that everyone who doesn't have sex 24 hours a day 7 days a week is denying human beings life every second. I'm sure some of those sperm would love to have the chance to breathe the air that you are breathing in vain because you don't think they should live [/sarcasm]. Why don't you think this? Why embryos? Embryos are the one thing that have great potential to cause harm in a woman, and you just so happen to choose them as human beings. Very suspicious...",I think everyone who doesn't have sex 24 hours a day 7 days a week is denying human beings life every second. I think that everyone who doesn't have sex 24 hours a day is denying human beings life every second.,Non-Sarcastic,0.9787279963493347
1319,I would be scared about a huge segment of society that considers me a clever ape.,I would be scared about a segment of society that considers me a clever ape.,Non-Sarcastic,0.9916360378265381
1320,"Um, Bassman, so you, the one person in the world who is as ""pure as the wind-driven snow,"" is the one who may judge others, including Democrats. Um, for the record I grew up on the prairie and saw a goodly bit of ""wind-driven snow"" and it was not particularly pure. A feeble and laughable metaphor.","I saw a good bit of ""wind-driven snow"" and it was not particularly pure.",Non-Sarcastic,0.9926409125328064
1323,"whatever happened to the unborn baby? No consulting him or her I guess. Even though the unborns body is being is the one being torn apart.
",I guess the body of the unborn baby is broken apart.,Non-Sarcastic,0.9934163093566895
1330,"You of course have documentation of Darwin laying out his plan as to how to weasel evolution into classrooms to oust theism, right? No? You're making it all up? Shocking.
",Vous avez bien entendu la documentation de Darwin laying out his plan on how to wease evolution into classrooms to oust theism.,Non-Sarcastic,0.9545625448226929
1332,"Thanks,... 
But I really don't need your persmission or encouragment.
And I had a great father's day. 
Thanks for your concern.",I need your persuasion or encouragment.,Non-Sarcastic,0.9911824464797974
1334,"No! No! No!
The extreme right wing religionists create gods in their own corrupt image so you can't expect them to have any decent standards.",Les religionistes de l'extrême droite créent des gods in their own corrupt image.,Non-Sarcastic,0.9939269423484802
1336,"No, its not. Thats a strawman. I have never stated anything of the sort. You just cannot debate honestly. I never said that since one argument is wrong, that all are wrong. I am saying that I can prove all the arguments wrong independantly. Not that I have to. Now, any of you able to give even a hint of an intelligent answer to the OP? Or does that shatter your delusion that you dont support murdering children?",I can prove all the arguments wrong independantly.,Non-Sarcastic,0.9935672879219055
1337,"That's right, a broken clock tells the right time twice a day, and gun hating hoplophobes are never right.","A broken clock tells the right time twice a day, and gun hating hoplophobes are never right.",Non-Sarcastic,0.994987964630127
1338,"Ahh but what if all the shirts have only american flags on them. Would it them be a group of patiotic americans and their children? I mean you do tend to see american flag wear, including tee shirts, everywhere. Would it still be considered a protest if all of them had american flag shirts on them.
AHHHH Joe I it hit me of course this is like Ghandis' salt march.",I mean you tend to see american flag wear everywhere.,Non-Sarcastic,0.9702427387237549
1340,I am un-aware of a conservative nazi party. Did Howard Dean tell you this?,I am not aware of a conservative nazi party.,Non-Sarcastic,0.9894453883171082
1341,"Eighty-nine times. Still quite a junior partner. I must admit that he doesn't like to be slighted though, as evidenced by Luke 12:10. One can say some nasty things about the Son of Man, and all's fine. But say one off-colored comment about the Holy Ghost and it's lakes-o-fire time. He needs to get thicker skin, IMO. Do ghosts have skin, BTW? 
","I must admit that he doesn't like to be slighted though, as evidenced by Luke 12:10.",Non-Sarcastic,0.9422901272773743
1343,"I do find it amusing that the website you posted leaves out rather important details from the stories it cites. 
http://en.wikipedia.org/wiki/Deluge_(mythology)
The Ojibwe is a massive distortion. 
Ojibway Flood Myth
Huh. 
I do like how your site for its religious sources doesn't cite actual anthropology sources.
And the secular sources do not match up with the stories.
Flood Stories from Around the World",Ojibwe is a massive distortion. Ojibway Flood Myth Huh. I do like how your site doesn't cite actual anthropology sources.,Non-Sarcastic,0.9913665652275085
1345,"But on the other hand, Genesis isn't a scientific document. No wonder. Why would a bronze age nomad from the Levant be aware of at least 3 tailless species of primates, or even the tailed primates from Africa, South America, and even Madigascar. If they aren't mentioned in the Bible, do they exist?",A bronze age nomad from the Levant is aware of at least 3 tailless species of primates.,Non-Sarcastic,0.9871550798416138
1347,And yet here we are and neo-Darwinism continues to have empirical support right and left with no sign of it being falsified in sight as of yet. Why might that be? And you Bertvan do not exist since you are so highly improbable. Therefore I can safely assume that your post above just happened without your existense.,I can safely assume that your post above just happened without your existense.,Non-Sarcastic,0.9333577752113342
1350,"Really? What book is that, because I have seen no quotes or links to any source of any info at all from you anywhere above on this page. So once again accipiter, what in the world are you referring to? You and the obvious child oughta get along fine since you both offer nothing more substantial than personal attacks which are based on your own warped beliefs and corrupted interpretations of that which you disagree with.   Here's my original post again, I challenge you to explain how these alleged stone age sheep herders whom you scoff at and mock described contemporary living creatures which paleontologists today identify as dinosaurs, from skeletal remains?",I have seen no quotes or links to any source of info from you anywhere above on this page.,Non-Sarcastic,0.6600319147109985
1352,NOOOOOOOOOOOOOOOOOOOOOOOOO just because I stated that some presidents....cough.... Clinton.......don't get experience in one term doesn't,I've stated that some presidents...cough.... Clinton.......don't get experience in one term doesn't.,Non-Sarcastic,0.9847160577774048
1353,So you are saying that we determine our DNA? Do you actually think before typing?,I think we need to determine our DNA before typing.,Non-Sarcastic,0.9920631051063538
1354,"The truth hurts archangel, but the fact of the matter is, you don't get degrees from Harvard or Yale with those ""different explanations""...
Waxy","The truth hurts archangel, but the fact is that you don't get degrees from Harvard or Yale with those ""different explanations""...",Non-Sarcastic,0.9951764345169067
1360,"You say some of us are lying and then you say you apologize ""if"" we're ""somehow"" offended. Gee, that's mighty white of you.",I've been lying and apologized for being offended.,Non-Sarcastic,0.9901140928268433
1362,"If I thought you'd understand in the least bit why it's important to scrutinize possible occupants of the White House, I'd explain how I feel about. However, you are a hopeless case.",I'll explain why it's important to examine possible occupants of the White House.,Non-Sarcastic,0.9954372048377991
1363,"If your to blind to see, me telling you won't help. 
","I'm blind to see, but it's difficult to see.",Non-Sarcastic,0.9921243786811829
1364,I don't think that Paul was actively gay. He was so odd about having anykind of sex at all that it was pretty warped.,"I don't think Paul was actively gay, but he was so odd about having sex at all.",Non-Sarcastic,0.9638143181800842
1365,"Just because you don't hold the same beliefs as we do, does not invalidate our belief. I feel sorry for you if all you have to believe in is a small petri dish of algae. You do need absolute proof if your going claim it as the only possible way of creation.",I am sorry for you if you have to believe in a small petri dish of algae.,Non-Sarcastic,0.9903792142868042
1366,"You're citing another crappy movie by Michael the Hutt? Man, it doesn't take an addicted researcher kept up two weeks by a thousand cups of coffee to know that Michael Moore is one of the most left-wing, anti-gun, troop-bashing producers in Hollywood. And what does that fat ignoramus have? He's ignorant. All he has is an opinion, just like you and I do. The fact that he is a celebrity does not make him any more knowledgeable than anyone else, especially when you consider that he thinks that he's the divine prophet of the universe, and that everything will be fine and dandy if you do what he says we should do.",He's ignorant. He's ignorant. He's ignorant.,Non-Sarcastic,0.982862651348114
1369,"If I may respond to that as well.
Every time a child is born, it's different than both parents. That's evolution. Change. Are you suggesting some mythological god had a role, or are you you a little more advanced and understand how human reproduction works on a basic level?
Bacteria, a better example, can actually swap genetic material, and ""evolve"" rapidly, without even needing to go through a sexual reproductive cycle.
Just do a simple web search and I'm sure you'll learn some science..i.e. facts about reality.
http://uanews.opi.arizona.edu/cgi-bi...ArticleID=3669
",I'll do a web search and learn some science.,Non-Sarcastic,0.9948556423187256
1370,Most of the laws of the Peoples Republic of Kalifornia are aimed at rendering the citizens into prey. You can't point to many that don't. Self defense is not allowed there I am afraid.,I am afraid that self defense is not allowed here.,Non-Sarcastic,0.9848278760910034
1371,"That's what I thought. You can't back up your pathetic lies. 
Get thee behind me, 'O Spawn of Beelzebub.","I thought you can't back up your pathetic lies, you can't back up your pathetic lies.",Non-Sarcastic,0.9659165143966675
1374,"Apparently not. The poster Justine responded to has won the ""most posts per day"" award for some months now... and this after only posting since last November. Can you say ""obsessed""? I knew that you could. :)","The poster Justine responded to has won the ""most posts per day"" award for some months.",Non-Sarcastic,0.9943503737449646
1378,"Well, if history were binding we would still have slavery...and abortions being illegal for that matter. Something being done for a long time doesn't mean it makes it in the constitution. I don't know which part of the constitution has a ""preserve history"" clause.
","I don't know which part of the constitution has a ""preserve history"" clause.",Non-Sarcastic,0.9913522005081177
1379,"I was being sarcastic to a gargantuan degree. Why you little rebel, you! Are you proposing that individuals should choose the spiritual dicta we agree with and toss those that don't make sense?",I was being sarcastic to a gargantuan degree.,Non-Sarcastic,0.9550564289093018
1381,"So now you're advocating a gun for self defense? Funny how when it comes to killing, a gun is just as effective as any other tool. But when it comes to defense, a gun suddenly becomes a superior and more effective tool.",I'm advocating a gun for self defense.,Non-Sarcastic,0.9933927655220032
1382,"I have. Yet I can`t seem to be able to do the creative math that will show that europe will become pre-dominatly muslim in any near future.
",I am a predominant muslim.,Non-Sarcastic,0.9897727370262146
1383,"
Sure he did. Then why didnt he simply have his military kill the revolutionists?You want some evidence that Carter abandoned the Shah?http://rescueattempt.tripod.com/id24.htmlI would print parts of that link but there are just two many FACTS presented. Read a few and see if you can dismiss them with something like you did before.",I would print parts of that link but there are only two FACTS presented.,Non-Sarcastic,0.9865595102310181
1384,"Yeah, so catholics in Mass. will ignore everything that Jesus Christ and the RCC teaches...............
I can tell your not a Catholic and know nothing about the RC religion............",I can tell you are not Catholic and know nothing about the RC religion.,Non-Sarcastic,0.9855846762657166
1387,"The way I read it is that he has disdain for wars which could possible be avoided. It's interestng that one side of the thought process is patriotic, the others have disdain for life, liberty and the pursuit of happiness.
Will we never think above a 1st grade level?",I think he has disdain for wars which could be avoided.,Non-Sarcastic,0.9676443934440613
1388,"So you deny that this man is a victim? Realize that the gunshot drew attention, and attention is something criminals don't want. Maybe without that gunshot, the guy would've been beaten to death. But I suppose you'd be happier, because at least the old man wasn't a gun owner. Or I suppose you think he should've let the criminal have the money; all that is needed for evil to triumph is for good men to do nothing.","A gunshot drew attention, and attention is something criminals don't want.",Non-Sarcastic,0.9952337145805359
1392,You obviously don't read many posts. Why is this relevant?,I've read many posts.,Non-Sarcastic,0.9857414960861206
1393,It's hard to build up a pile of bodies in the carbine of an airplane. It's very tight quarters onboard.,A pile of bodies is hard to build in the carbine of an airplane.,Non-Sarcastic,0.9953784942626953
1396,Absolutely. Because atheists are spiritually constipated and are too dumb to realize God and Christ are real.,A lot of atheists are spiritually constipated atheists are spiritually constipated athe,Non-Sarcastic,0.9832383394241333
1398,"Actually what sank that debate was a bunch of paleontologists from K state who started arguing for punctuated equilibrium. That was pretty much the end. I remember one board member was quoted as saying ""These are public schools. We are luck if we can teach the kids to read""","I remember one board member quoted as saying ""These are public schools. We are luck if we can teach the kids to read""",Non-Sarcastic,0.8266220092773438
1399,"You're pulling my leg, right? I've been hiring scientists for well over 20 years now and you're going to pull up a wiki reference, that I can edit myself, to prove me wrong? emoticonXWow
Tell me, have you ever met an engineer or a scientist? Have you ever seen the curricula that they take or do you just pull statements from your posterior?
",I've been hiring scientists for 20 years now and you're going to pull up a wiki reference to prove me wrong?,Non-Sarcastic,0.992526650428772
1400,"And the scientific papers don't. The problem here is that creationists don't read the scientific papers. In fact, most can't even understand them.","The scientific papers don't read, but they don't understand them.",Non-Sarcastic,0.9922730326652527
1402,"your ""minds""? How many do you have? Oh, and ""I wanted to see what inferior it was""? Nice example of your supposed superiority.",I wanted to see what inferior it was.,Non-Sarcastic,0.9691001176834106
1405,"But I thought it was the easy gun laws in the U.S. that made Mexico's cities a shooting gallery? Same as L.A. and less than D.C.?   Amid Drug War, Mexico Less Deadly Than Decade Ago",I thought it was the easy gun laws in the U.S. that made the cities a shooting gallery?,Non-Sarcastic,0.9896111488342285
1407,I've been a fan ever since your first fake hairflip goodbye. emoticonXGood,I've been a fan since your first fake hairflip goodbye.,Non-Sarcastic,0.9884541630744934
1411,"I don't understand your outrage. McChrystal's your boy's general now. Are you saying that you disagree with ""the Great One""?",I don't understand your outrage.,Non-Sarcastic,0.9885820746421814
1413,Wasn't there some genius that wanted firearms locked up as a manditory model posting here? Gee if they can steal from the police station what punishment can we mete out for us unwashed working slobs for not locking up and reporting stolen firearms? Got them into Chicago even with its strict gun laws. Wonder if they complied with the IL gun laws? Yea right.,Wasn't there some genius that wanted firearms locked up as manditory model posting here?,Non-Sarcastic,0.5412705540657043
1416,"Oh you can can you? I of course forgot that your statements are by default right and mine are by default wrong or else I wouldn't have made such a silly assertion :p
",I would have made a statement about your statements by default.,Non-Sarcastic,0.9847105145454407
1417,"You haven't posted a challenge yet. Including this post.   Would I fit the bill?   Sure, but about what? What's your resolution?   For instance, you might say ""Resolved: Creation and Evolution are equally valid interpretations of empirical evidence"".   Now, personally I'd say that's still too vague because 'creation' drags in all kinds of issues that evolution doesn't speak to (eg abiogenesis, cosmology etc), and 'evolution' could mean common descent, the theory of evolution, etc etc.   So we might kick the idea around for a bit and narrow it down to ""Resolved: Hypotheses of special creation of species and common descent are equally well supported by empirical evidence"".   Or, perhaps it's the age of the earth you want to focus on: ""Resolved: all available evidence is consistent with a 6-10,000 year old earth""   I can't do this for you, feindslayer; make up your mind and present a proper challenge.","'creation' drags in all kinds of issues that evolution doesn't speak to (eg abiogenesis, cosmology etc), and 'evolution' could mean common descent, the theory of evolution etc.",Non-Sarcastic,0.9874782562255859
1418,"You are not a conservative, you are hated by both the conservatives and the liberals.
The conservatives hate you because you make them look like mor ons.
What you are is an incredibly screwed up militant religious zealot that nobody wants around, except us.
We want you around because we think you are fun.","You are not a conservative, you are hated by both the conservatives and the liberals.",Non-Sarcastic,0.9944480657577515
1420,Be careful! I didn't mean to get you hurt. Maybe you should not drink when reading.,I didn't mean to get you hurt.,Non-Sarcastic,0.9551337957382202
1422,So I pray to chance every night before I go to bed?,I pray to chance every night before I go to bed.,Non-Sarcastic,0.9794732928276062
1428,"How about, ""I think it's a good idea""?
As Jito said, maybe YOU can't, but I guess that's your problem.",I think it's a good idea.,Non-Sarcastic,0.9911276698112488
1432,"Thanks for that little ad hominem! Shall I share with you my guesses about your motives?... But I digress.
",I'll share with you my guesses about your motives.,Non-Sarcastic,0.9916239380836487
1435,"So what you're saying is that by mentioning both in the same post, I'm saying that unless someone is a YEC then they aren't a christian? Because that is what you attributed to me. Yet you have yet to post evidence of me saying that to anyone. Nor have you supported your original claim here, you said this: Last I checked, no credible fossil fuel firm hired YEC geologists. Prove this assertion since you researched it thoroughly enough to start a thread about.","I'm not a YEC, but I'm not a christian.",Non-Sarcastic,0.9918939471244812
1436,"Ah yes, the 'Let's pull a smug and self serving quote out of context from the bible and use it as in insult, therefore god exist' routine. That arrogant method of using self congratulatory bible quotes to insult and denigrate your opponent is neither an effective debate technique, or does it help convince those people on the boarder line to convert to Christianity. It does drive them away, so please, be my guest and keep on trying to use it. I figure the ratio of people you drove away from Christianity to those people who were converted to Christianity from you must be way lop sided.",I'll try to use the arrogant method of using bible quotes to insult and denigrate your opponent.,Non-Sarcastic,0.9951193332672119
1437,"Dear smiling, friendly, forgiving Archangel:
I would be quite happy to respond to you if you could organize your incoherent mental states into logical, debatable points. Please refer to Chester's Questions for Bible-thumpers for guidelines.
As for staying on topic: since there is no God, it is rather pointless to have religious ceremonies in any case, isn't it?
As for my nom de Web, you have missed the point altogether. Either you are not quick on the uptake and/or you are completely ignorant of the Japanese language. Hint: surely you have seen the starry emblem on all Subaru cars?
To end on a conciliatory note: I entirely agree with the last sentence of your posting [except the punctuation].
-","I would be happy to respond to you if you could organize your mental states into logical, debatable points.",Non-Sarcastic,0.9801979064941406
1439,"Wow, what a great argument! We can use the same ""logic"" for rabbits: take their current population and doubling rate and ""prove"" they didn't even exist 100 years ago!   I love those ""common sense"" arguments.","I think rabbits have the same ""logic"" as rabbits.",Non-Sarcastic,0.9952818751335144
1440,"Taking away peoples right to an abortion is a great idea !!   People are confused and don't really know they want a kid, they just think they don't. It will all be alright after the kid arrives, .. they will discover we know best and keep and love and shelter these kids in a nurturing way. We know best and we know that none of them will ever just end up in a trash can or droped off at the local childrens home to join the thousands of other unwanted kids. None will ever become a pawn in a divorce situation, nore will any of them be sold into child slavery or prostitution.   How do we know all this ? .. We just know people who don't think they are ready for or want a kid really do !!   They will love and nurture it and all will be well.",Taking away peoples right to an abortion is a great idea!!,Non-Sarcastic,0.9959887862205505
1441,"You should use the same quote when whining about use of partial quotes, and not introduce different ones. Nozza made a false assertion and was refuted with his own words. You introduce a different false assertion and fail. Epically.",Nozza made a false assertion and was refuted with his own words.,Non-Sarcastic,0.9786917567253113
1443,And you simply can not rely on what you hear on MTV or the radio anymore. They play what's marketable - not necesarily what's good. Clear Channel would not know good music if I shoved it up their XXX and lit it on fire.,I'd like to hear what you hear on MTV or the radio.,Non-Sarcastic,0.9937439560890198
1444,You'll never have that problem comic relief. You'll always be young mentally.,You'll never have that problem comic relief; you'll always be young mentally.,Non-Sarcastic,0.9948946237564087
1445,As long as we cut off the privates of the fathers as well.,So long as we cut off the privates of the fathers.,Non-Sarcastic,0.9936655163764954
1446,"You should really think about what you say before you say it. I have heard this before and its garbish, I have been around and owned guns my whole life and I have never, not even once, had the thought of getting a gun just because someone ###### me off. I would never use a gun on a person unless that person were a viable threat to my life, such as coming at me with a knife for example.",I would never use a gun on a person unless it was a viable threat to my life.,Non-Sarcastic,0.9860618710517883
1447,"http://www.4forums.com/political/sea...induser&u=5142 Here you go TQ, I have written over 10,000 posts here @ 4forums. Go ahead and check my grammar and sentence construction. Only a second grader would stoop to the level of meeting you in the mud where you feel most comfortable.
","I have written over 10,000 posts here @ 4forums.",Non-Sarcastic,0.9808109402656555
1448,"Oh, I get it. So you believe, but you don't exactly ""believe"".",I don't think you don't necessarily think.,Non-Sarcastic,0.9867212772369385
1449,"The Book of Genesis is either secular or observed history? Somebody get marc a dictionary, please. (And I'd link him to a long list of observed instances of speciation, but he'd ignore it yet again.)",The Book of Genesis is either secular or observed history.,Non-Sarcastic,0.9856114387512207
1450,"Kudos to Dubya! I thought that Brown was, well I don't know, INCOMPETENT!",I thought that Brown was INCOMPETENT.,Non-Sarcastic,0.9672139883041382
1451,"You are riddled with a serious case of projection, considering the fact that your teabagging hero, Dick Armey of Freedomworks, has suckled the teat of the nanny state's taxpayer subsidized government plans his entire adult life, not to mention your bailed out bankers and health insurance and pharmaceutical companies.
Your real tune is, when poor old big corpo the whorpo wants his bottle, they better bring him his bottle! emoticonXCry
I say leave him in his crib, close the door for a couple of hours, and let him cry it out!","You are riddled of a serious case of projection, considering the fact that your teabagging hero, Dick Armey of Freedomworks, has suckled the teat of the nanny state's taxpayer subsidized government plans his entire adult life.",Non-Sarcastic,0.99418044090271
1452,"I was not dead in the 70s but I was not living in the States.
I was under the impression that Abba was not successful in the States but did not have the advantage of the world wide web to ask my American cousins if this was the case.I could not afford to fly over there either.
I was also under the impression that Diana Ross was not popular in South America maybe Winston will read this post one day and tell me I was dead in the 70s and 80s.",I was not dead in the 70s but living in the States.,Non-Sarcastic,0.9918397665023804
1453,"Where? I don't see it. My monkey brain's fine but my eyes aren't what they used to be.
I'm guessing we're through discussing the legality of armed self-defense in Australia given the flurry of OT links?",I don't see it. My monkey brain's fine but my eyes aren't what they used to be.,Non-Sarcastic,0.9914790987968445
1455,"My first thought on reading this was ""What is Comfort thinking?"".... Then I remembered he has faith instead.","My first thought on reading this was ""What is Comfort thinking?"".",Non-Sarcastic,0.942588746547699
1457,"Hmmmmm. Reaction Formation much?
Wow. I didn't know refuting an analysis was possible by religiously adhering to the concepts you are trying to prove nonexistant.",I didn't know refuting an analysis was possible by religiously adhering to the concepts you are trying to prove nonexistent.,Non-Sarcastic,0.7894552946090698
1462,I'll give you His phone number and you can call yourself. It's 1-333-NOS-ODOMY. emoticonXAngel,I'll give you His phone number and you can call yourself.,Non-Sarcastic,0.990884006023407
1463,"Well hey, if you want the analogy, ya gotta live with where it bites ya ... emoticonXGood",Ya gotta live with where it bites ya... emoticonXGood,Non-Sarcastic,0.9511563181877136
1468,sure just as soon as you give me some for spontaneous generation and macro-evolution.,I'll give me some for spontaneous generation and macro-evolution.,Non-Sarcastic,0.9955835938453674
1470,You don't view infants as people either? What form of beast are you?,"I've seen infants as people, but I don't see them as people.",Non-Sarcastic,0.9922707080841064
1471,"Crouching Libertarian, Hidden cost. Can't pay extra expenditures get's ya penalized! No special education requirements (they are't unders state or federal control!) No requirement to moniter student progress...that seems safe.",I've been penalized for extra expenditures.,Non-Sarcastic,0.9883434772491455
1474,"True until proven otherwise eh? Xcaliber and you must get along great.
You have things backward and you are probably being confused by the 'experiment to falsify a theory', that is a tenet of science based on the generalization that untrue theories are easily disproved.
No logician (and by extension no good scientist) would ever hold a lack of disproof as proof.
Oh right theories are never proven, so in fact your definition of theory would go something like this -> 'an idea that is not disproved which we assume is true'.
",Xcaliber and you must get along great. You have things backward and you are probably being confused by the 'experiment to falsify a theory'.,Non-Sarcastic,0.9959113597869873
1475,"You mean pseudo-science, or faith-based science.
You'd have to be a XXXXX to dismiss all of the science done out of hand.","You mean pseudo-science, or faith-based science; you'd have to be a XXXXX to dismiss all of the science done out of hand.",Non-Sarcastic,0.975037693977356
1479,I see. Sounds too nebulous to stand up to scrutiny in the US. I'm guessing that the SCOTUS would strike down such as law as being too vague.,SCOTUS would strike down law as being too vague.,Non-Sarcastic,0.9670252203941345
1481,"I guess since he said so it must be true... poor daewoo, just remember only whiners point out logic fallacies like ad hominem and argument by dismissal.","I guess since he said so it must be true... poor daewoo, remember only whiners point out logic fallacies like ad hominem and argument by dismissal.",Sarcastic,0.5587673783302307
1483,so..   eh??   hows this sound?   will it fly with conservatives and progressives?   I think so.   -Mosheh Thezion,-Mosheh Thezion is a conservative and progressive leader.,Non-Sarcastic,0.9923100471496582
1484,"I get what you are trying to do but it doesn't work. You might as well say ""let's print a bunch of money...pay off the debts...and then force people to burn it!"".",I get what you are trying to do but it doesn't work.,Non-Sarcastic,0.9903802871704102
1486,"Said like a lazy, ignorant person who would rather live off the sweat of others than go out and earn for himself.","Said like a lazy, ignorant person who would rather live off the sweat of others than earn for himself.",Sarcastic,0.9331278204917908
1487,The VPC has a political agenda. The FBI? That is like saying I believe Coke taste better than Pepsi because the Coke commericial says so.,"I think Coke tastes better than Pepsi, but the Coke commericial says so.",Non-Sarcastic,0.9817731976509094
1488,"Congratulations, Hunter. You have just accepted the 5 primary tenets of fundamentalism. So I guess that makes you a fundamentalist.
",A fundamentalist is a fundamentalist.,Non-Sarcastic,0.9718218445777893
1491,Duh? I'm referring to the left wingers right here on this forum as well as the left wing media and left wing congress and left wing Teleprompter of the United States (TOTUS).,"I'm talking about the left wingers right here on this forum, the left wing media and left wing congress.",Non-Sarcastic,0.9950103759765625
1492,"Based on your irrational rants, you are most definitely the sockpuppet you proclaimed yourself to be in the post above. 
",I think you are the sockpuppet you proclaimed to be in the post above.,Non-Sarcastic,0.9821422100067139
1493,"Wow, you are high on Christ...Scary...I haven't seen this addiction up close emoticonXRolleyes",I haven't seen this addiction up close.,Non-Sarcastic,0.9904690384864807
1496,You have a lot of screwball theories that you will be taking to Hell with you when you die.,You have a lot of screwball theories that you will take to Hell with you when you die.,Non-Sarcastic,0.9930506944656372
1501,"Obviously sarcasm escapes you....if you did not understand that remark about gun control working in Europe during the 1930's.
Report me? My knees are trembling already.
I believe Steeve was expressing his right to free speech.",I think Steeve was expressing his right to free speech.,Non-Sarcastic,0.9795473217964172
1504,"Yes, mulitculturalism is wonderful. You know what else is wonderful? Fact checking:
Archie swallows own foot again
It was the second link when I googled his name. At least try to not look like a jackass every time you post.
",I googled Archie swallows own foot again.,Non-Sarcastic,0.7808438539505005
1507,"Was that so hard? Anti gay Christians do want gays to oppose their, marriages, discriminate against them, oppose christians from being able to adopt, and practice thier religion. Since anti gay christians are doing all these things to gay people then that is how they want gay people to treat christians.","Anti gay Christians want gays to oppose their, marriages, discriminate against them, oppose christians from being able to adopt, and practice thier religion.",Non-Sarcastic,0.9394370317459106
1509,So this singularity that appeared out of no were became a greater singularity which took on perfect balance and form?,A singularity that appeared out of no were becoming a greater singularity which took on perfect balance and form.,Non-Sarcastic,0.9937310814857483
1516,"You mus think you're pretty smart huh? Well guess what? You're confusing common, most common, majority, and norm. Lefthandedness is considerd common and the norm. You're using a superstistion from 300 years ago to qualify left handedness as deviant. Good try though.
Also left handed is genetic. It's not a gene but it's genetically related to the person's physical characteristics.","You're confusing common, most common, majority, and norm. Lefthandedness is considered common and the norm.",Non-Sarcastic,0.9957354068756104
1518,"Once one is adept at finding evidence after a conclusion is presumed, all sorts of ""proofs"" reveal themselves. What's next, Nostradamus?","Nostradamus: ""I'll find evidence after a conclusion is presumed.""",Sarcastic,0.7523047924041748
1519,"Somehow I think most people are going to be a lot more comfortable with their kids seeing people in African atire with long hair than with scantily-dressed (or topless) people simulating sex acts. emoticonXRolleyes 
",I think most people are going to be more comfortable with their kids seeing people in africa atire with long hair than with scantily-dressed (or topless) people simulating sex acts.,Non-Sarcastic,0.9905722737312317
1524,"OK, and this point I'm going to have to go with ""Functionally handicapped"" for $200 Alex.
Go back, reread Ethmi's OP. The question was-why aren't people working to get alcohol and tobacco banned since they are responsible for more deaths than guns. And, as I and others have pointed out about a dozen damn times already, the entire question is flawed as a gun's sole purpose is to kill, while alcohol and tobacco kill as a side effect through overindulgence. And there is also the fact that you cannot point a cigarette or bottle of JD at someone and kill them.
","I'll have to go with ""Functionally handicapped"" for $200 Alex. Go back, reread Ethmi's OP.",Non-Sarcastic,0.9941343665122986
1525,I'm not the basket case. Your the one that actually BELIEVES in fairytales remember?,I'm not the basket case.,Non-Sarcastic,0.9930525422096252
1526,"Actually yes, but not for the purposes of ilegal search or seisure, I have active duty military friends. They drop by all the time. Obviously your great lack of friends makes that idea hard to understand.",I have active duty military friends and they drop by every time.,Non-Sarcastic,0.9816686511039734
1529,"its a big-ish book but yes, considering underneath those X's is ""dwarf"".
are you a dwarf gansao?","I'm not a dwarf gansao, but it's a big-ish book.",Non-Sarcastic,0.990871250629425
1530,"Here's yet another link:
http://www.ee.cityu.edu.hk/~gchen/6452/Lec-2.pdf
Fuzzy logic does not refute classic logic, it's therefore irrelevant.
Your claim is not fuzzy.
Knowable
NOT knowable.
1
0
Yet you persist in misrepresenting what I post. Stick to the topic, stop railing on about false claims and other topics.
=======================
So your scientific claims are bunk, red herrrings, THAT I HAVE ALREADY RESPONDED TO. If you wish to hang onto one of them DO SO. Continue to debate how chaos theory applies to your claim. We can debate further, but you ignore my response, then come back 5 posts later and misrepresent what I post. STOP.
Where is your follow-on about fuzzy logic? YOU DID NOT CONTINUE TO DEBATE THE POINT. You dropped it, only to pop up later and claim, dishonestly, that I ignored it.
-Mach","gchen/6452/Lec-2.pdf Fuzzy logic does not refute classic logic, it's therefore irrelevant. Your claim is not fuzzy.",Non-Sarcastic,0.987362265586853
1532,"Then since you are so convinced that this is going to happen. Please provide us with a detailed time table with accurate dates and people involved.
Then again if it is true then you will be united and form a bond with your husband Jesus. Since as a christian and a member of the church and the church is the bride of Jesus. You will be married to Jesus so actually we win since you will be in a same sex marriage with Jesus yourself one day.",You will be married to your husband Jesus.,Non-Sarcastic,0.9920877814292908
1533,"If they haven't been discovered yet, HOW THE BLOODY HELL DO YOU KNOW?
Ten percent more brains and you'd be pondlife. emoticonXKill",I'd be pondlife if they were discovered yet.,Non-Sarcastic,0.9656583070755005
1534,"And, I suppose that the priest wasn't terrifying his victim and wasn't telling the poor child that it was ""God's will.""","I think the priest wasn't telling the poor child it was ""God's will.""",Non-Sarcastic,0.9662717580795288
1539,"So you are pro-life and you hate liberals? Actually Republicans are being liberal in this case (liberal=bigger government, more laws).   But I'll assume you mean Democrats on this. What if the baby is a democrat? If it's a democratic parent it's most likely it will grow up democratic and one more person to attempt to keep abortion legal.",I'll assume you mean Democrats on this subject.,Non-Sarcastic,0.9873232245445251
1542,"I believe that you forgot a ""smiley"" after that statement. Otherwise, we would have to assume that you swim in the shallow end of the pool. :)","I think you forgot a ""smiley"" after that statement.",Non-Sarcastic,0.9920886754989624
1543,No surprise there. You would have to invest some thought to define something. Why don't you just consult your Little Golden Dictionary?,"I'll need some thought to define something, but it's important to consult your Little Golden Dictionary.",Non-Sarcastic,0.9926677346229553
1544,That has to be a typo my friend. If you can compress the EB into only 1012 bits then you can write your own ticket in the field of data compression! Lets see 100 million pages into 1012 bits - fantastic - please tell us how. I really would like to put the entire literature of mankind (and more) on an Ipod.,I would like to put the literature of mankind (and more) on an Ipod.,Non-Sarcastic,0.9956146478652954
1545,And we have an emotional post with no substance whatsoever. I'm sure your twin will be checking in soon. I think I'll keep a count of this type of post.,I'll keep a count of this type of post.,Non-Sarcastic,0.9903838634490967
1547,"No, I write things on my hand all the time. ""Pay x bill"". It isn't frightening that when asked what bills I have to pay that I have to look at my hand. It is a good technique to remember key points much just having note cards or a teleprompter. 
The fact that this is even thread on this forum just shows you have petty the public has become. No wonder Daewoo refuses to post here anymore. Thanks a lot!","I write things on my hand every the time. ""Pay x bill"".",Non-Sarcastic,0.9913608431816101
1550,"
He already gave you two, how much spoon feeding do you need?
""Hitler exterminating 11 million people is evil. But God exterminating all life except a handful of humans and animals isn't evil? 
Man legislating abortion is evil. But God commanding the Israelites to perform abortions on the Canaanites isn't evil?""
How many times did your God commit these quite specific acts?",I've been given a spoon feeding to help you get a spoon feeding.,Non-Sarcastic,0.9919975399971008
1551,"BOY-HOWDY!! Why don't you let me know how you really feel? I have not tried to demonize anything. Rap music does that to itself without any help from me. Rap is the lowest form of music that I have ever heard. It is just too primative for my tastes. Once again, I am not a racist, nor am I sexist. I do my own washing. I wish you and your child nothing but the best in life. Some folks think that exposing young children to Rap music is a form of child abuse, I agree with those folks.
P.S. Tell that Southern girl to find another room-mate, you sound like a horrible role model. Well, got to go wash some more underwear.","I am not a racist, nor sexist. I do my own washing.",Non-Sarcastic,0.9938216209411621
1552,"So there you have an example of a deterministic system acting to suprise you with unpredictable behavior. Consider it an example of deterministic ""free-will""",I have an example of a deterministic system acting to surise you with unpredictable behavior.,Non-Sarcastic,0.9937375783920288
1553,"Where do you get off saying that kind of tripe to somebody?
That kind of insane comment is typical of far left loons like you who lie for a living and don't have the common sense of a fence post.
And that goes for Jo Bennett too if he's agreeing with you.
Cretins.",I'm,Non-Sarcastic,0.9911277294158936
1554,"To summarize, since penfolds reasoning has been shown to be both ignorant and short sighted, his only recourse is to offer a trollish quip before skulking away like the irrational philosophical coward that he is. At least you're consistent penfold. emoticonXRolleyes",Penfolds reasoning has been shown to be both ignorant and short sighted. his only recourse is to offer a trollish quip before skulking away like irrational philosophical coward.,Non-Sarcastic,0.8075413703918457
1555,And here the assi once again refuses to respond to a valid post as he personally insults a member who shows more intelligence and wisdom than he does in every post COBHC writes. And this coming from a guy who is barely out of his teens himself. Hypocrite much assipiter? emoticonXRolleyes,assipiter? emoticonXRolleyes is a guy who is barely out of his teens.,Non-Sarcastic,0.984732449054718
1556,I thought the almighty expressed his will in the Bible for mortal men to know it...,I thought the almighty expressed his will in the Bible for mortal men to know it...,Non-Sarcastic,0.9912365674972534
1557,"I'm sure you are a legend in your own lunchtime, but Archie has you roundly eclipsed in the credibility stakes. Perhaps I was mistaken, it is not grasshoppers, but crickets which chirp noisily and irritatingly in the background.
Inconv""E""nient.","I'm sure you are a legend in your own lunchtime, but Archie has you eclipsed in the credibility stakes.",Non-Sarcastic,0.9929320812225342
1559,"If truth makes you uncomfortable, feel free not to respond to me. I will continue to point out hypocrisy , and bigotry. I'll mock anybody who says 'slavery wasn't all that bad' either.",I'll mock anyone who says'slavery wasn't all that bad',Non-Sarcastic,0.9895965456962585
1560,"Well, we have Noah and his family getting off the Ark after the great flood. But no mention of Gilgamesh writers. They obviously weren't born yet.
",We have Noah and his family getting off the Ark after the flood.,Non-Sarcastic,0.9960998296737671
1563,It's fascinting to me how much faith atheists have in randomness,I'm,Non-Sarcastic,0.9911277294158936
1565,"The penis is not designed for the hand?
so you want this entire board to believe you don't wank off! Oh come on.....get real...everybody does it...who are you kidding....
You lost all crediblity right there!","The penis is not designed for the hand, but it's not designed for the hand.",Non-Sarcastic,0.9952630996704102
1567,Your adversaries appreciate it greatly. Which part of the parades do you suppose they focus on to demonize you?,Les défilés doivent s’appliquer aux défilés et aux défilés.,Non-Sarcastic,0.9796440601348877
1570,It's a self-defeating question. You're asking why numbskulls participate in numbskullery.,I'm asking why numbskulls participate in numbskullery.,Non-Sarcastic,0.9861517548561096
1571,"And here is the crux of the matter where I think Libertarians are missing it: As one Founding Father said, ""There can be no liberty without virtue."" Someone else once said, ""Intemperate men can never be free because their passions give rise to their bindings"".   If the God of the Bible is right, a nation which legalizes sin and intemperance loses the favor of God. And when the sins of a nation reach their fullness (in God's eyes), that disfavor can turn to judgment (Genesis 15:16, Deuteronomy Chapter 28 - ""The blessings of obedience and curses of disobedience). Therefore, while many of the Libertarians mean well on liberal social issues, they nevertheless either don't see the big picture, or they don't believe it will occur.","I think libertarians are missing it: ""There can be no liberty without virtue""",Non-Sarcastic,0.9895607233047485
1572,"I am also fascinated by the Shoot First Law that has been introduced in Florida. You can now use a gun against any perceived threat.
The question is whether this legitamises shooting Jeb Bush. Anyone stupid enough to think this law is a good idea is a definite threat, not merely perceived.
Smiley",You can now use a gun against any perceived threat.,Non-Sarcastic,0.9956679344177246
1573,I'm sure the next time your buddy DamEtel suggests I should be out stoning gays you won't report it either.,I'm,Non-Sarcastic,0.9911277294158936
1574,"Yes, because atheists love it when New Orleans gets drowned in water and thousands die. Hell, I know I'm throwing a party tonight, going to get my atheist friends over, and my pagan brothers to. Maybe a couple of beers, some dogs on the grill, all topped off with us ******* on a crucifex.   Grow up.","I'm throwing a party tonight, going to get my atheist friends over, and my pagan brothers to.",Non-Sarcastic,0.9953944683074951
1575,"The problem is the one example you chose was and could not be seen as a marriage. In fact it is an affront to homosexuals to consider it so.
You have made yourself look foolish...like always.
Ive rattled the monkey's cage and now comes the monkey's rageemoticonXClown",Ive rattled the monkey's cage and now comes the monkey's rageemoticonXClown.,Non-Sarcastic,0.9916058778762817
1576,"Simply put tq, and try real hard to comprehend this. I was referring to statues and a false belief system, not human beings which Saints and Mary both clearly are. Here are the quotes of mine that you posted again to remind you of the very clear difference.
","I was referring to statues and a false belief system, not human beings.",Non-Sarcastic,0.9865431785583496
1577,"You know something is wrong with this world when people attack the act of posting an opinion (that of Ms. King) and another condemns the idea that someone may read it and develop their own opinion. Saving lives is not just a Republican goal. And yes it is an act of desperation. All acts are an act of desperation when it comes to saving the natural process of life with out interference of those who place their comfort above the life inside them.   Whatever is wrong outside the womb, is not the fault of the inhabitant within the womb.","Less than a few years ago, there are times when people attack the act of posting an opinion.",Non-Sarcastic,0.9925903081893921
1578,Would it be the lawless Cardinal Law officiating at one of the funerary masses for JPII and otherwise serving in a prominent role in all the pomp and circumstance surrounding the pope's death?,I would like to see the Cardinal Law officiating at one of the funerary masses for JPII and serving in a prominent role in all the pomp and circumstance surrounding the pope's death.,Non-Sarcastic,0.9941214919090271
1579,"Now you're just being an butt. The word Dungarees is a coloquialism. Do you know what that word means? 
Also that's what jeans were called before the word ""jeans' entered the venacular. (Do you know what that word means?) 
So, now are you going to tell me that only homosexuals have larger vocabularies? 
Get a life...and preferably not mine...I'm living it at the moment.",I'm living it at the moment.,Non-Sarcastic,0.9940164089202881
1580,"Good point here, because the media never insults right-wingers....emoticonXRolleyes 
I don't think anybody is denying that Imus' comments were tasteless and offensive. The point that is being made here is that he has the right to make such comments. He didn't discriminate against anyone. He simply said something stupid. If this is going to be considered a crime, we would all be locked away.",Imus' comments were tasteless and offensive. Imus has the right to make such comments.,Non-Sarcastic,0.9860753417015076
1581,"Being a proud owner of a Prius, I can't help but wonder how much that would cut into the milage :) Let's see, light crowd, medium or heavy. Surely it would do better than anything else...wouldn't it :)",I'm a proud owner of a Prius and can't help but wonder how much it would cut into the milage.,Non-Sarcastic,0.9910460114479065
1583,Well I am polishing my grave dancing shoes as these people in their 70's can not live forever.,I am polishing my grave dancing shoes because these people in their 70's can't live forever.,Non-Sarcastic,0.993277370929718
1585,"Yeah, ok Archie. I see what you mean about a second grader understanding your argument though. It was written and presented as if by a second grader, after all.
Simple questions, no answers-just insults and tantrum throwing.",A second grader understands your argument as if it was written and presented by a second grader.,Non-Sarcastic,0.9219096302986145
1587,Right on! The Obama administration is a colossal financial disaster. If he doesn't have another trillion dollars to XXXX he can't do anything. Tax and spend - that's all those liberal turkeys know how to do.,The Obama administration is a colossal financial disaster.,Non-Sarcastic,0.9956607222557068
1593,"Oh, I think you take delight in spelling it out in excruciating detail. Otherwise, you'd reply on point.
",I'd like to write it out in detail.,Non-Sarcastic,0.992088794708252
1594,Sinjin's in Kalifornia. Carrying more than two bandoliers across your chest is so Rambo and 80's-esque.,A bandolier can be carried across your chest.,Non-Sarcastic,0.9946408271789551
1596,"Wow, so Balrogs existed according to the Bible? Whoda thunk.",The Balrogs existed according to the Bible.,Non-Sarcastic,0.9657827019691467
1597,"Oh they are? Thats strange... I could not find where exactly they stand on any of thier numerous websites, just more restrictions... And the old HCI was not ""moderate""","I couldn't find where exactly they stand on any of thier websites, just more restrictions...",Non-Sarcastic,0.9600530862808228
1599,Actually in terms of populations we're the same people as the Irish. If you want tyranny try the oppression of the Native Americans. Did you know that the Natives and the blacks were both on the British side during the War of Independence? Amazing how we tyrants command such free support huh....,I'll try the oppression of the Native Americans.,Non-Sarcastic,0.9964215755462646
1601,"But at one time society accepted that slavery was right. 
So, Abraham Lincoln, how dare you try and impose your own personal moral code on me. We have the right to own slaves via the Constitution and various laws of the society, and because it's in the Constitution and protected by laws, it obviously means society agrees that slavery is not wrong. Therefore, slavery is not wrong.",We have the right to own slaves via the Constitution and various laws of the society.,Non-Sarcastic,0.9945947527885437
1602,"Actually, from where this non-believer sits, Arch is merely repeating what the Christian bible says about who will get into heaven and who won't.
There is a difference...
But, you'd have to actually know what the bible says to understand that...
Which is often something most non-believers don't read...
Of couruse, neither do most self-professing believers.
IMO, taking offense at what the bible says (and many people repeat) is akin to taking offense at a cook book calling for salt in a recipe you'll never eat.
Now, if the cook tries to force you to eat said recipe...then you can take all the offense you want.","IMO, taking offense at what the bible says (and many people repeat) is akin to taking offense at a cook book calling for salt in a recipe.",Non-Sarcastic,0.9926401376724243
1603,In England we have a sack with a couple of bricks inside it.,In England we have a sack with a couple of bricks inside it.,Non-Sarcastic,0.989080548286438
1604,"Nice try. Now, tell me how atheists are paying for ""Christian benefits""? Do Canadians give money to people based on their religion? They surely don't here in the States. I can only collect SS if I pay into the system. My employer AND I pay for my family's healthcare. As for their tax-free status, I would have no problem removing it...just as I'd love to see the ACLU and other crackpot liberal organizations lose their tax-exempt status. emoticonXGood 
",I can collect SS if I pay into the system. My employer AND I pay for my family's healthcare.,Non-Sarcastic,0.993435263633728
1605,"Actually, isn't it creationists who claim that the universe was created from nothing? Creationists even have a magazine formally called ""Ex Nihilo"" (changed to ""Creation"" because creationists didn't know what it meant.)",I think the universe was created from nothing.,Non-Sarcastic,0.9896653294563293
1607,"That sex is primarily reserved for adults while violence is for everyone. Hooray!emoticonXBouncer
Have ya seen a Sonny Chiba film?",Hooray!emoticonXBouncer Have ya seen a Sonny Chiba film?,Non-Sarcastic,0.9630750417709351
1608,"So if you quoted Ted Kennedy when he said to his wife in an event that wasn't even publicized ""Good morning, sweetie"", that would be an answer?","Si vous aviez mentionné Ted Kennedy à sa wife in an event that wasn't even publicized ""Good morning, sweetie"" then that would be an answer.",Non-Sarcastic,0.9940330386161804
1610,I think we should not only allow GAYs to have legal marriage rights but also those who want to practice insist as well as all who want to practice polygamy. Let us not stop there let us sanction union between human and animals. After all I love my Dog and my Parrot. Why stop with GAYs?   By the way where does the term GAY come from for homosexuals.,I love my dog and my Parrot.,Non-Sarcastic,0.9950153231620789
1611,"I can see that you're as impressed by PZs propaganda as an infant is with a pacifier Collin, but I'm not. emoticonXFrazzled emoticonXBye",emoticonXFrazzled emoticonXBye emoticonXFrazzled emoticonXBye emoticonXFrazzled emoticonXBye emoticonXFrazzled emoticonXBye emoticonXBye emoticonXFrazzled emoticonXBye emoticonXBye emoticonXFrazzled emoticonXBye emoticonXBye emoticonXFrazzled emoticonX,Sarcastic,0.771919310092926
1612,"Gee, you're such an example to Americans, CU. Perhaps you, instead of Wendell Potter, should testify to Congress. If you're not laid up in a gutter, God forbid, with a brain tumor. emoticonXRolleyes
","I'll testify to Congress if you're not laid up in a gutter, God forbids, with a brain tumor.",Non-Sarcastic,0.9917024970054626
1613,"Alright. Aproximately 0 illegal drug dealers paid income taxes on their drug money. (Unless, of course, they laundered it.)",0 illegal drug dealers paid income taxes on their drug money.,Non-Sarcastic,0.9752604365348816
1614,"Forgive me. A few minutes with Google ought to give enough info to refute what he said, so I didn't bother.
","A few minutes with Google should give enough info to refute what he said, so I didn't bother.",Non-Sarcastic,0.9663374423980713
1616,O.K. lets' play your game. Gun control has worked exactly WHERE?,I'll play your game.,Non-Sarcastic,0.991218626499176
1620,"AAAAAAANK! Wrong!
""One of ours"" means that he hasn't broken the law. One cannot be ""one of ours"" if he cannot pass an FBI background check. Since murdering numerous people will definately put a crimp in one's chance of successfully passing, he stopped being ""one of ours"" and became ""one of yours"".","""One of ours"" means that one cannot be ""one of ours"" if he cannot pass an FBI background check.",Non-Sarcastic,0.9430418610572815
1622,"My God! Archy isn't even aware of the centuries of quibbling and waffling and just-so answers that have gone on among theologians about the problem of evil. It seems that he has never read Augustine, Aquinas, and on and on. He isn't even aware that there is even a name for arguments about the problem. It is called Theodicy.",Archy isn't aware of the centuries of quibbling and waffling and just-so answers that have gone on among theologians about the problem of evil.,Non-Sarcastic,0.942222535610199
1623,"Maybe you can provide an example so I can go to ""school"" on it?","I can give a example so I can go to ""school"" on it.",Non-Sarcastic,0.9959003329277039
1624,I didn't think you had either the intellectual or logical ability to respond. :),I didn't think you had the intellectual or logical ability to respond.,Non-Sarcastic,0.9705045819282532
1625,"And you have been refuted time after time. Lies, damn lies and statistics is a starting point. Its the false idea of the more powerless you render yourself the safer you will be. I bet you strongly believe its possible to pick up a turd by the clean end.","You have been refuted repeatedly. Lies, damn lies and statistics are a starting point.",Non-Sarcastic,0.9952591061592102
1626,"A government that respects people's liberties is far worse than one that imposes the majority's version of morality on a resistant and dissident minority?
Humbug! You only say that because you believe you are in a majority on equal rights for gay Americans.
",A government that respects people's liberties is far worse than one that imposes the majority's version of morality on a resistant and dissident minority?,Non-Sarcastic,0.9932511448860168
1628,"In my case, it isn't 'god fearing'.. so much as ""believer fearing'","I think it's not 'god fearing'.. so much as ""believer fearing""",Non-Sarcastic,0.9884668588638306
1629,Of course. What a stupid question! The Gods can do what they damned well please.,The Gods can do what they damned well.,Non-Sarcastic,0.9751977324485779
1630,"I tried.
Again I say, this discussion has nothing to do with my spiritual integrity. I'm amazed that you are able to judge its soundness from the total lack of related information regarding same.
My suggestion is that you request a total refund of all monies you and any of your associates may have spent on tuition. You were robbed! You might also look into punitive damages. emoticonXBye",My suggestion is that you request a total refund of all monies you and any of your associates may have spent on tuition.,Non-Sarcastic,0.958635151386261
